Cycle start time,Cycle end time,Cycle timezone,Question text,Answered yes,Notes
,,,Have any alcoholic drinks?,true,
,,,Viewed a screen device in bed?,false,
,,,Read (non-screened device) while in bed?,false,
,,,Shared your bed?,false,
,,,Feeling sick or ill?,false,
,,,Have any alcoholic drinks?,false,
,,,Feeling sick or ill?,false,
,,,Read (non-screened device) while in bed?,false,
,,,Viewed a screen device in bed?,false,
,,,Shared your bed?,true,
2026-07-30 22:39:41,2026-08-01 01:37:59,UTC-04:00,Read (non-screened device) while in bed?,false,
2026-07-30 22:39:41,2026-08-01 01:37:59,UTC-04:00,Have any alcoholic drinks?,false,
2026-07-30 22:39:41,2026-08-01 01:37:59,UTC-04:00,Shared your bed?,false,
2026-07-30 22:39:41,2026-08-01 01:37:59,UTC-04:00,Viewed a screen device in bed?,false,
2026-07-30 22:39:41,2026-08-01 01:37:59,UTC-04:00,Feeling sick or ill?,false,
2026-07-29 22:53:02,2026-07-30 22:39:41,UTC-04:00,Have any alcoholic drinks?,false,
2026-07-29 22:53:02,2026-07-30 22:39:41,UTC-04:00,Shared your bed?,false,
2026-07-29 22:53:02,2026-07-30 22:39:41,UTC-04:00,Read (non-screened device) while in bed?,false,
2026-07-29 22:53:02,2026-07-30 22:39:41,UTC-04:00,Viewed a screen device in bed?,false,
2026-07-29 22:53:02,2026-07-30 22:39:41,UTC-04:00,Feeling sick or ill?,false,
2026-07-28 22:37:29,2026-07-29 22:53:02,UTC-04:00,Viewed a screen device in bed?,false,
2026-07-28 22:37:29,2026-07-29 22:53:02,UTC-04:00,Have any alcoholic drinks?,false,
2026-07-28 22:37:29,2026-07-29 22:53:02,UTC-04:00,Read (non-screened device) while in bed?,false,
2026-07-28 22:37:29,2026-07-29 22:53:02,UTC-04:00,Shared your bed?,false,
2026-07-28 22:37:29,2026-07-29 22:53:02,UTC-04:00,Feeling sick or ill?,false,
2026-07-27 22:39:36,2026-07-28 22:37:29,UTC-04:00,Shared your bed?,false,
2026-07-27 22:39:36,2026-07-28 22:37:29,UTC-04:00,Feeling sick or ill?,false,
2026-07-27 22:39:36,2026-07-28 22:37:29,UTC-04:00,Have any alcoholic drinks?,false,
2026-07-27 22:39:36,2026-07-28 22:37:29,UTC-04:00,Read (non-screened device) while in bed?,false,
2026-07-27 22:39:36,2026-07-28 22:37:29,UTC-04:00,Viewed a screen device in bed?,false,
2026-07-26 22:40:49,2026-07-27 22:39:36,UTC-04:00,Have any alcoholic drinks?,true,
2026-07-26 22:40:49,2026-07-27 22:39:36,UTC-04:00,Read (non-screened device) while in bed?,false,
2026-07-26 22:40:49,2026-07-27 22:39:36,UTC-04:00,Shared your bed?,false,
2026-07-26 22:40:49,2026-07-27 22:39:36,UTC-04:00,Feeling sick or ill?,false,
2026-07-26 22:40:49,2026-07-27 22:39:36,UTC-04:00,Viewed a screen device in bed?,false,
2026-07-24 22:10:34,2026-07-25 21:59:32,UTC-04:00,Feeling sick or ill?,false,
2026-07-24 22:10:34,2026-07-25 21:59:32,UTC-04:00,Shared your bed?,false,
2026-07-24 22:10:34,2026-07-25 21:59:32,UTC-04:00,Have any alcoholic drinks?,false,
2026-07-24 22:10:34,2026-07-25 21:59:32,UTC-04:00,Viewed a screen device in bed?,false,
2026-07-24 22:10:34,2026-07-25 21:59:32,UTC-04:00,Read (non-screened device) while in bed?,false,
2026-07-23 21:59:32,2026-07-24 22:10:34,UTC-04:00,Shared your bed?,false,
2026-07-23 21:59:32,2026-07-24 22:10:34,UTC-04:00,Viewed a screen device in bed?,false,
2026-07-23 21:59:32,2026-07-24 22:10:34,UTC-04:00,Feeling sick or ill?,false,
2026-07-23 21:59:32,2026-07-24 22:10:34,UTC-04:00,Read (non-screened device) while in bed?,false,
2026-07-23 21:59:32,2026-07-24 22:10:34,UTC-04:00,Have any alcoholic drinks?,false,
2026-07-23 00:34:54,2026-07-23 21:59:32,UTC-04:00,Shared your bed?,false,
2026-07-23 00:34:54,2026-07-23 21:59:32,UTC-04:00,Have any alcoholic drinks?,false,
2026-07-23 00:34:54,2026-07-23 21:59:32,UTC-04:00,Viewed a screen device in bed?,false,
2026-07-23 00:34:54,2026-07-23 21:59:32,UTC-04:00,Read (non-screened device) while in bed?,false,
2026-07-23 00:34:54,2026-07-23 21:59:32,UTC-04:00,Feeling sick or ill?,false,
2026-07-23 00:34:54,2026-07-23 21:59:32,UTC-04:00,Experienced stress?,true,
2026-07-21 21:52:59,2026-07-23 00:34:54,UTC-04:00,Feeling sick or ill?,false,
2026-07-21 21:52:59,2026-07-23 00:34:54,UTC-04:00,Read (non-screened device) while in bed?,false,
2026-07-21 21:52:59,2026-07-23 00:34:54,UTC-04:00,Shared your bed?,false,
2026-07-21 21:52:59,2026-07-23 00:34:54,UTC-04:00,Have any alcoholic drinks?,false,
2026-07-21 21:52:59,2026-07-23 00:34:54,UTC-04:00,Viewed a screen device in bed?,false,
2026-07-21 02:50:44,2026-07-21 21:52:59,UTC-04:00,Feeling sick or ill?,false,
2026-07-21 02:50:44,2026-07-21 21:52:59,UTC-04:00,Shared your bed?,false,
2026-07-21 02:50:44,2026-07-21 21:52:59,UTC-04:00,Viewed a screen device in bed?,false,
2026-07-21 02:50:44,2026-07-21 21:52:59,UTC-04:00,Read (non-screened device) while in bed?,false,
2026-07-21 02:50:44,2026-07-21 21:52:59,UTC-04:00,Have any alcoholic drinks?,false,
2026-07-19 23:27:27,2026-07-21 02:50:44,UTC-04:00,Viewed a screen device in bed?,false,
2026-07-19 23:27:27,2026-07-21 02:50:44,UTC-04:00,Shared your bed?,false,
2026-07-19 23:27:27,2026-07-21 02:50:44,UTC-04:00,Read (non-screened device) while in bed?,false,
2026-07-19 23:27:27,2026-07-21 02:50:44,UTC-04:00,Feeling sick or ill?,false,
2026-07-19 23:27:27,2026-07-21 02:50:44,UTC-04:00,Have any alcoholic drinks?,true,
2026-07-19 00:33:53,2026-07-19 23:27:27,UTC-04:00,Viewed a screen device in bed?,false,
2026-07-19 00:33:53,2026-07-19 23:27:27,UTC-04:00,Feeling sick or ill?,false,
2026-07-19 00:33:53,2026-07-19 23:27:27,UTC-04:00,Shared your bed?,true,
2026-07-19 00:33:53,2026-07-19 23:27:27,UTC-04:00,Read (non-screened device) while in bed?,false,
2026-07-19 00:33:53,2026-07-19 23:27:27,UTC-04:00,Have any alcoholic drinks?,false,
2026-07-17 22:56:08,2026-07-19 00:33:53,UTC-04:00,Read (non-screened device) while in bed?,false,
2026-07-17 22:56:08,2026-07-19 00:33:53,UTC-04:00,Shared your bed?,false,
2026-07-17 22:56:08,2026-07-19 00:33:53,UTC-04:00,Have any alcoholic drinks?,false,
2026-07-17 22:56:08,2026-07-19 00:33:53,UTC-04:00,Feeling sick or ill?,false,
2026-07-17 22:56:08,2026-07-19 00:33:53,UTC-04:00,Viewed a screen device in bed?,false,
2026-07-16 22:56:46,2026-07-17 22:56:08,UTC-04:00,Feeling sick or ill?,false,
2026-07-16 22:56:46,2026-07-17 22:56:08,UTC-04:00,Read (non-screened device) while in bed?,false,
2026-07-16 22:56:46,2026-07-17 22:56:08,UTC-04:00,Shared your bed?,false,
2026-07-16 22:56:46,2026-07-17 22:56:08,UTC-04:00,Have any alcoholic drinks?,true,
2026-07-16 22:56:46,2026-07-17 22:56:08,UTC-04:00,Viewed a screen device in bed?,false,
2026-07-15 23:24:28,2026-07-16 22:56:46,UTC-04:00,Have any alcoholic drinks?,false,
2026-07-15 23:24:28,2026-07-16 22:56:46,UTC-04:00,Viewed a screen device in bed?,false,
2026-07-15 23:24:28,2026-07-16 22:56:46,UTC-04:00,Feeling sick or ill?,false,
2026-07-15 23:24:28,2026-07-16 22:56:46,UTC-04:00,Shared your bed?,false,
2026-07-15 23:24:28,2026-07-16 22:56:46,UTC-04:00,Read (non-screened device) while in bed?,false,
2026-07-15 01:02:27,2026-07-15 23:24:28,UTC-04:00,Viewed a screen device in bed?,false,
2026-07-15 01:02:27,2026-07-15 23:24:28,UTC-04:00,Shared your bed?,false,
2026-07-15 01:02:27,2026-07-15 23:24:28,UTC-04:00,Feeling sick or ill?,false,
2026-07-15 01:02:27,2026-07-15 23:24:28,UTC-04:00,Have any alcoholic drinks?,false,
2026-07-15 01:02:27,2026-07-15 23:24:28,UTC-04:00,Read (non-screened device) while in bed?,false,
2026-07-13 23:14:51,2026-07-15 01:02:27,UTC-04:00,Shared your bed?,false,
2026-07-13 23:14:51,2026-07-15 01:02:27,UTC-04:00,Read (non-screened device) while in bed?,false,
2026-07-13 23:14:51,2026-07-15 01:02:27,UTC-04:00,Feeling sick or ill?,false,
2026-07-13 23:14:51,2026-07-15 01:02:27,UTC-04:00,Have any alcoholic drinks?,false,
2026-07-13 23:14:51,2026-07-15 01:02:27,UTC-04:00,Viewed a screen device in bed?,false,
2026-07-13 00:44:50,2026-07-13 23:14:51,UTC-04:00,Viewed a screen device in bed?,false,
2026-07-13 00:44:50,2026-07-13 23:14:51,UTC-04:00,Shared your bed?,true,
2026-07-13 00:44:50,2026-07-13 23:14:51,UTC-04:00,Have any alcoholic drinks?,false,
2026-07-13 00:44:50,2026-07-13 23:14:51,UTC-04:00,Feeling sick or ill?,false,
2026-07-13 00:44:50,2026-07-13 23:14:51,UTC-04:00,Read (non-screened device) while in bed?,false,
2026-07-12 00:32:04,2026-07-13 00:44:50,UTC-04:00,Read (non-screened device) while in bed?,false,
2026-07-12 00:32:04,2026-07-13 00:44:50,UTC-04:00,Viewed a screen device in bed?,false,
2026-07-12 00:32:04,2026-07-13 00:44:50,UTC-04:00,Feeling sick or ill?,false,
2026-07-12 00:32:04,2026-07-13 00:44:50,UTC-04:00,Have any alcoholic drinks?,true,
2026-07-12 00:32:04,2026-07-13 00:44:50,UTC-04:00,Shared your bed?,false,
2026-07-11 00:30:00,2026-07-12 00:32:04,UTC-04:00,Viewed a screen device in bed?,false,
2026-07-11 00:30:00,2026-07-12 00:32:04,UTC-04:00,Shared your bed?,false,
2026-07-11 00:30:00,2026-07-12 00:32:04,UTC-04:00,Feeling sick or ill?,false,
2026-07-11 00:30:00,2026-07-12 00:32:04,UTC-04:00,Have any alcoholic drinks?,true,
2026-07-11 00:30:00,2026-07-12 00:32:04,UTC-04:00,Read (non-screened device) while in bed?,false,
2026-07-10 00:59:11,2026-07-11 00:30:00,UTC-04:00,Read (non-screened device) while in bed?,false,
2026-07-10 00:59:11,2026-07-11 00:30:00,UTC-04:00,Feeling sick or ill?,false,
2026-07-10 00:59:11,2026-07-11 00:30:00,UTC-04:00,Viewed a screen device in bed?,false,
2026-07-10 00:59:11,2026-07-11 00:30:00,UTC-04:00,Have any alcoholic drinks?,false,
2026-07-10 00:59:11,2026-07-11 00:30:00,UTC-04:00,Shared your bed?,false,
2026-07-08 23:25:09,2026-07-10 00:59:11,UTC-04:00,Shared your bed?,false,
2026-07-08 23:25:09,2026-07-10 00:59:11,UTC-04:00,Have any alcoholic drinks?,false,
2026-07-08 23:25:09,2026-07-10 00:59:11,UTC-04:00,Read (non-screened device) while in bed?,false,
2026-07-08 23:25:09,2026-07-10 00:59:11,UTC-04:00,Viewed a screen device in bed?,false,
2026-07-08 23:25:09,2026-07-10 00:59:11,UTC-04:00,Feeling sick or ill?,false,
2026-07-07 23:50:07,2026-07-08 23:25:09,UTC-04:00,Feeling sick or ill?,false,
2026-07-07 23:50:07,2026-07-08 23:25:09,UTC-04:00,Read (non-screened device) while in bed?,false,
2026-07-07 23:50:07,2026-07-08 23:25:09,UTC-04:00,Have any alcoholic drinks?,false,
2026-07-07 23:50:07,2026-07-08 23:25:09,UTC-04:00,Viewed a screen device in bed?,false,
2026-07-07 23:50:07,2026-07-08 23:25:09,UTC-04:00,Shared your bed?,true,
2026-07-06 23:43:13,2026-07-07 23:50:07,UTC-04:00,Shared your bed?,false,
2026-07-06 23:43:13,2026-07-07 23:50:07,UTC-04:00,Read (non-screened device) while in bed?,false,
2026-07-06 23:43:13,2026-07-07 23:50:07,UTC-04:00,Viewed a screen device in bed?,false,
2026-07-06 23:43:13,2026-07-07 23:50:07,UTC-04:00,Feeling sick or ill?,false,
2026-07-06 23:43:13,2026-07-07 23:50:07,UTC-04:00,Have any alcoholic drinks?,false,
2026-07-05 23:11:30,2026-07-06 23:43:13,UTC-04:00,Have any alcoholic drinks?,false,
2026-07-05 23:11:30,2026-07-06 23:43:13,UTC-04:00,Shared your bed?,false,
2026-07-05 23:11:30,2026-07-06 23:43:13,UTC-04:00,Read (non-screened device) while in bed?,false,
2026-07-05 23:11:30,2026-07-06 23:43:13,UTC-04:00,Viewed a screen device in bed?,false,
2026-07-05 23:11:30,2026-07-06 23:43:13,UTC-04:00,Feeling sick or ill?,false,
2026-07-03 23:44:45,2026-07-05 00:37:10,UTC-04:00,Read (non-screened device) while in bed?,false,
2026-07-03 23:44:45,2026-07-05 00:37:10,UTC-04:00,Have any alcoholic drinks?,false,
2026-07-03 23:44:45,2026-07-05 00:37:10,UTC-04:00,Shared your bed?,false,
2026-07-03 23:44:45,2026-07-05 00:37:10,UTC-04:00,Feeling sick or ill?,false,
2026-07-03 23:44:45,2026-07-05 00:37:10,UTC-04:00,Viewed a screen device in bed?,false,
2026-07-03 00:53:43,2026-07-03 23:44:45,UTC-04:00,Viewed a screen device in bed?,false,
2026-07-03 00:53:43,2026-07-03 23:44:45,UTC-04:00,Shared your bed?,false,
2026-07-03 00:53:43,2026-07-03 23:44:45,UTC-04:00,Have any alcoholic drinks?,false,
2026-07-03 00:53:43,2026-07-03 23:44:45,UTC-04:00,Read (non-screened device) while in bed?,false,
2026-07-03 00:53:43,2026-07-03 23:44:45,UTC-04:00,Feeling sick or ill?,false,
2026-07-02 00:19:56,2026-07-03 00:53:43,UTC-04:00,Viewed a screen device in bed?,false,
2026-07-02 00:19:56,2026-07-03 00:53:43,UTC-04:00,Have any alcoholic drinks?,true,
2026-07-02 00:19:56,2026-07-03 00:53:43,UTC-04:00,Read (non-screened device) while in bed?,false,
2026-07-02 00:19:56,2026-07-03 00:53:43,UTC-04:00,Shared your bed?,false,
2026-07-02 00:19:56,2026-07-03 00:53:43,UTC-04:00,Feeling sick or ill?,false,
2026-07-01 00:01:52,2026-07-02 00:19:56,UTC-04:00,Shared your bed?,true,
2026-07-01 00:01:52,2026-07-02 00:19:56,UTC-04:00,Viewed a screen device in bed?,false,
2026-07-01 00:01:52,2026-07-02 00:19:56,UTC-04:00,Read (non-screened device) while in bed?,false,
2026-07-01 00:01:52,2026-07-02 00:19:56,UTC-04:00,Have any alcoholic drinks?,false,
2026-07-01 00:01:52,2026-07-02 00:19:56,UTC-04:00,Feeling sick or ill?,false,
2026-06-30 01:05:02,2026-07-01 00:01:52,UTC-04:00,Have any alcoholic drinks?,false,
2026-06-30 01:05:02,2026-07-01 00:01:52,UTC-04:00,Shared your bed?,false,
2026-06-30 01:05:02,2026-07-01 00:01:52,UTC-04:00,Read (non-screened device) while in bed?,false,
2026-06-30 01:05:02,2026-07-01 00:01:52,UTC-04:00,Viewed a screen device in bed?,false,
2026-06-30 01:05:02,2026-07-01 00:01:52,UTC-04:00,Feeling sick or ill?,false,
2026-06-27 23:16:59,2026-06-29 00:00:00,UTC-04:00,Shared your bed?,false,
2026-06-27 23:16:59,2026-06-29 00:00:00,UTC-04:00,Read (non-screened device) while in bed?,false,
2026-06-27 23:16:59,2026-06-29 00:00:00,UTC-04:00,Have any alcoholic drinks?,false,
2026-06-27 23:16:59,2026-06-29 00:00:00,UTC-04:00,Feeling sick or ill?,false,
2026-06-27 23:16:59,2026-06-29 00:00:00,UTC-04:00,Viewed a screen device in bed?,false,
2026-06-25 23:41:55,2026-06-26 22:59:32,UTC-04:00,Read (non-screened device) while in bed?,false,
2026-06-25 23:41:55,2026-06-26 22:59:32,UTC-04:00,Feeling sick or ill?,false,
2026-06-25 23:41:55,2026-06-26 22:59:32,UTC-04:00,Shared your bed?,false,
2026-06-25 23:41:55,2026-06-26 22:59:32,UTC-04:00,Viewed a screen device in bed?,false,
2026-06-25 23:41:55,2026-06-26 22:59:32,UTC-04:00,Have any alcoholic drinks?,false,
2026-06-24 22:59:32,2026-06-25 23:41:55,UTC-04:00,Shared your bed?,true,
2026-06-24 22:59:32,2026-06-25 23:41:55,UTC-04:00,Read (non-screened device) while in bed?,false,
2026-06-24 22:59:32,2026-06-25 23:41:55,UTC-04:00,Have any alcoholic drinks?,false,
2026-06-24 22:59:32,2026-06-25 23:41:55,UTC-04:00,Feeling sick or ill?,false,
2026-06-24 22:59:32,2026-06-25 23:41:55,UTC-04:00,Viewed a screen device in bed?,false,
2026-06-23 22:39:44,2026-06-24 22:59:32,UTC-04:00,Read (non-screened device) while in bed?,false,
2026-06-23 22:39:44,2026-06-24 22:59:32,UTC-04:00,Have any alcoholic drinks?,false,
2026-06-23 22:39:44,2026-06-24 22:59:32,UTC-04:00,Shared your bed?,false,
2026-06-23 22:39:44,2026-06-24 22:59:32,UTC-04:00,Feeling sick or ill?,false,
2026-06-23 22:39:44,2026-06-24 22:59:32,UTC-04:00,Viewed a screen device in bed?,false,
2026-06-22 23:32:09,2026-06-23 22:39:44,UTC-04:00,Read (non-screened device) while in bed?,false,
2026-06-22 23:32:09,2026-06-23 22:39:44,UTC-04:00,Shared your bed?,false,
2026-06-22 23:32:09,2026-06-23 22:39:44,UTC-04:00,Viewed a screen device in bed?,false,
2026-06-22 23:32:09,2026-06-23 22:39:44,UTC-04:00,Have any alcoholic drinks?,false,
2026-06-22 23:32:09,2026-06-23 22:39:44,UTC-04:00,Feeling sick or ill?,false,
2026-06-21 23:14:23,2026-06-22 23:32:09,UTC-04:00,Shared your bed?,false,
2026-06-21 23:14:23,2026-06-22 23:32:09,UTC-04:00,Viewed a screen device in bed?,false,
2026-06-21 23:14:23,2026-06-22 23:32:09,UTC-04:00,Have any alcoholic drinks?,false,
2026-06-21 23:14:23,2026-06-22 23:32:09,UTC-04:00,Feeling sick or ill?,false,
2026-06-21 23:14:23,2026-06-22 23:32:09,UTC-04:00,Read (non-screened device) while in bed?,false,
2026-06-21 00:26:22,2026-06-21 23:14:23,UTC-04:00,Viewed a screen device in bed?,false,
2026-06-21 00:26:22,2026-06-21 23:14:23,UTC-04:00,Have any alcoholic drinks?,false,
2026-06-21 00:26:22,2026-06-21 23:14:23,UTC-04:00,Shared your bed?,false,
2026-06-21 00:26:22,2026-06-21 23:14:23,UTC-04:00,Read (non-screened device) while in bed?,false,
2026-06-21 00:26:22,2026-06-21 23:14:23,UTC-04:00,Feeling sick or ill?,false,
2026-06-20 01:24:16,2026-06-21 00:26:22,UTC-04:00,Shared your bed?,false,
2026-06-20 01:24:16,2026-06-21 00:26:22,UTC-04:00,Viewed a screen device in bed?,false,
2026-06-20 01:24:16,2026-06-21 00:26:22,UTC-04:00,Read (non-screened device) while in bed?,false,
2026-06-20 01:24:16,2026-06-21 00:26:22,UTC-04:00,Have any alcoholic drinks?,false,
2026-06-20 01:24:16,2026-06-21 00:26:22,UTC-04:00,Feeling sick or ill?,false,
2026-06-18 23:51:20,2026-06-20 01:24:16,UTC-04:00,Shared your bed?,true,
2026-06-18 23:51:20,2026-06-20 01:24:16,UTC-04:00,Viewed a screen device in bed?,false,
2026-06-18 23:51:20,2026-06-20 01:24:16,UTC-04:00,Have any alcoholic drinks?,false,
2026-06-18 23:51:20,2026-06-20 01:24:16,UTC-04:00,Read (non-screened device) while in bed?,false,
2026-06-18 23:51:20,2026-06-20 01:24:16,UTC-04:00,Feeling sick or ill?,false,
2026-06-17 23:44:35,2026-06-18 23:51:20,UTC-04:00,Shared your bed?,false,
2026-06-17 23:44:35,2026-06-18 23:51:20,UTC-04:00,Read (non-screened device) while in bed?,false,
2026-06-17 23:44:35,2026-06-18 23:51:20,UTC-04:00,Viewed a screen device in bed?,false,
2026-06-17 23:44:35,2026-06-18 23:51:20,UTC-04:00,Have any alcoholic drinks?,false,
2026-06-17 23:44:35,2026-06-18 23:51:20,UTC-04:00,Feeling sick or ill?,false,
2026-06-16 23:30:03,2026-06-17 23:44:35,UTC-04:00,Read (non-screened device) while in bed?,false,
2026-06-16 23:30:03,2026-06-17 23:44:35,UTC-04:00,Shared your bed?,false,
2026-06-16 23:30:03,2026-06-17 23:44:35,UTC-04:00,Viewed a screen device in bed?,false,
2026-06-16 23:30:03,2026-06-17 23:44:35,UTC-04:00,Feeling sick or ill?,false,
2026-06-16 23:30:03,2026-06-17 23:44:35,UTC-04:00,Have any alcoholic drinks?,true,
2026-06-15 22:07:40,2026-06-16 23:30:03,UTC-04:00,Have any alcoholic drinks?,false,
2026-06-15 22:07:40,2026-06-16 23:30:03,UTC-04:00,Viewed a screen device in bed?,false,
2026-06-15 22:07:40,2026-06-16 23:30:03,UTC-04:00,Feeling sick or ill?,false,
2026-06-15 22:07:40,2026-06-16 23:30:03,UTC-04:00,Shared your bed?,false,
2026-06-15 22:07:40,2026-06-16 23:30:03,UTC-04:00,Read (non-screened device) while in bed?,false,
2026-06-14 22:24:54,2026-06-15 22:07:40,UTC-04:00,Shared your bed?,false,
2026-06-14 22:24:54,2026-06-15 22:07:40,UTC-04:00,Read (non-screened device) while in bed?,false,
2026-06-14 22:24:54,2026-06-15 22:07:40,UTC-04:00,Viewed a screen device in bed?,false,
2026-06-14 22:24:54,2026-06-15 22:07:40,UTC-04:00,Feeling sick or ill?,false,
2026-06-14 22:24:54,2026-06-15 22:07:40,UTC-04:00,Have any alcoholic drinks?,false,
2026-06-14 01:30:30,2026-06-14 22:24:54,UTC-04:00,Read (non-screened device) while in bed?,false,
2026-06-14 01:30:30,2026-06-14 22:24:54,UTC-04:00,Viewed a screen device in bed?,false,
2026-06-14 01:30:30,2026-06-14 22:24:54,UTC-04:00,Feeling sick or ill?,false,
2026-06-14 01:30:30,2026-06-14 22:24:54,UTC-04:00,Shared your bed?,false,
2026-06-14 01:30:30,2026-06-14 22:24:54,UTC-04:00,Have any alcoholic drinks?,false,
2026-06-13 02:00:00,2026-06-14 01:30:30,UTC-04:00,Feeling sick or ill?,false,
2026-06-13 02:00:00,2026-06-14 01:30:30,UTC-04:00,Shared your bed?,false,
2026-06-13 02:00:00,2026-06-14 01:30:30,UTC-04:00,Viewed a screen device in bed?,false,
2026-06-13 02:00:00,2026-06-14 01:30:30,UTC-04:00,Have any alcoholic drinks?,true,
2026-06-13 02:00:00,2026-06-14 01:30:30,UTC-04:00,Read (non-screened device) while in bed?,false,
2026-06-11 23:28:55,2026-06-13 02:00:00,UTC-04:00,Shared your bed?,false,
2026-06-11 23:28:55,2026-06-13 02:00:00,UTC-04:00,Feeling sick or ill?,false,
2026-06-11 23:28:55,2026-06-13 02:00:00,UTC-04:00,Read (non-screened device) while in bed?,false,
2026-06-11 23:28:55,2026-06-13 02:00:00,UTC-04:00,Viewed a screen device in bed?,false,
2026-06-11 23:28:55,2026-06-13 02:00:00,UTC-04:00,Have any alcoholic drinks?,false,
2026-06-11 00:08:17,2026-06-11 23:28:55,UTC-04:00,Shared your bed?,false,
2026-06-11 00:08:17,2026-06-11 23:28:55,UTC-04:00,Viewed a screen device in bed?,false,
2026-06-11 00:08:17,2026-06-11 23:28:55,UTC-04:00,Have any alcoholic drinks?,false,
2026-06-11 00:08:17,2026-06-11 23:28:55,UTC-04:00,Read (non-screened device) while in bed?,false,
2026-06-11 00:08:17,2026-06-11 23:28:55,UTC-04:00,Feeling sick or ill?,false,
2026-06-09 23:30:16,2026-06-11 00:08:17,UTC-04:00,Feeling sick or ill?,false,
2026-06-09 23:30:16,2026-06-11 00:08:17,UTC-04:00,Read (non-screened device) while in bed?,false,
2026-06-09 23:30:16,2026-06-11 00:08:17,UTC-04:00,Have any alcoholic drinks?,false,
2026-06-09 23:30:16,2026-06-11 00:08:17,UTC-04:00,Viewed a screen device in bed?,false,
2026-06-09 23:30:16,2026-06-11 00:08:17,UTC-04:00,Shared your bed?,false,
2026-06-08 23:14:05,2026-06-09 23:30:16,UTC-04:00,Shared your bed?,true,
2026-06-08 23:14:05,2026-06-09 23:30:16,UTC-04:00,Viewed a screen device in bed?,false,
2026-06-08 23:14:05,2026-06-09 23:30:16,UTC-04:00,Have any alcoholic drinks?,false,
2026-06-08 23:14:05,2026-06-09 23:30:16,UTC-04:00,Read (non-screened device) while in bed?,false,
2026-06-08 23:14:05,2026-06-09 23:30:16,UTC-04:00,Feeling sick or ill?,false,
2026-06-08 00:52:22,2026-06-08 23:14:05,UTC-04:00,Read (non-screened device) while in bed?,false,
2026-06-08 00:52:22,2026-06-08 23:14:05,UTC-04:00,Have any alcoholic drinks?,false,
2026-06-08 00:52:22,2026-06-08 23:14:05,UTC-04:00,Shared your bed?,true,
2026-06-08 00:52:22,2026-06-08 23:14:05,UTC-04:00,Viewed a screen device in bed?,false,
2026-06-08 00:52:22,2026-06-08 23:14:05,UTC-04:00,Feeling sick or ill?,false,
2026-06-05 23:52:59,2026-06-06 23:54:59,UTC-04:00,Shared your bed?,true,
2026-06-05 23:52:59,2026-06-06 23:54:59,UTC-04:00,Viewed a screen device in bed?,false,
2026-06-05 23:52:59,2026-06-06 23:54:59,UTC-04:00,Have any alcoholic drinks?,false,
2026-06-05 23:52:59,2026-06-06 23:54:59,UTC-04:00,Feeling sick or ill?,false,
2026-06-05 23:52:59,2026-06-06 23:54:59,UTC-04:00,Read (non-screened device) while in bed?,false,
2026-06-04 22:28:42,2026-06-05 23:52:59,UTC-04:00,Shared your bed?,true,
2026-06-04 22:28:42,2026-06-05 23:52:59,UTC-04:00,Read (non-screened device) while in bed?,false,
2026-06-04 22:28:42,2026-06-05 23:52:59,UTC-04:00,Viewed a screen device in bed?,false,
2026-06-04 22:28:42,2026-06-05 23:52:59,UTC-04:00,Have any alcoholic drinks?,true,
2026-06-04 22:28:42,2026-06-05 23:52:59,UTC-04:00,Feeling sick or ill?,false,
2026-06-03 22:38:05,2026-06-04 22:28:42,UTC-04:00,Shared your bed?,false,
2026-06-03 22:38:05,2026-06-04 22:28:42,UTC-04:00,Viewed a screen device in bed?,false,
2026-06-03 22:38:05,2026-06-04 22:28:42,UTC-04:00,Have any alcoholic drinks?,false,
2026-06-03 22:38:05,2026-06-04 22:28:42,UTC-04:00,Feeling sick or ill?,false,
2026-06-03 22:38:05,2026-06-04 22:28:42,UTC-04:00,Read (non-screened device) while in bed?,false,
2026-06-02 23:13:49,2026-06-03 22:38:05,UTC-04:00,Read (non-screened device) while in bed?,false,
2026-06-02 23:13:49,2026-06-03 22:38:05,UTC-04:00,Have any alcoholic drinks?,false,
2026-06-02 23:13:49,2026-06-03 22:38:05,UTC-04:00,Shared your bed?,false,
2026-06-02 23:13:49,2026-06-03 22:38:05,UTC-04:00,Feeling sick or ill?,false,
2026-06-02 23:13:49,2026-06-03 22:38:05,UTC-04:00,Viewed a screen device in bed?,false,
2026-06-01 22:18:47,2026-06-02 23:13:49,UTC-04:00,Shared your bed?,false,
2026-06-01 22:18:47,2026-06-02 23:13:49,UTC-04:00,Viewed a screen device in bed?,false,
2026-06-01 22:18:47,2026-06-02 23:13:49,UTC-04:00,Have any alcoholic drinks?,false,
2026-06-01 22:18:47,2026-06-02 23:13:49,UTC-04:00,Feeling sick or ill?,false,
2026-06-01 22:18:47,2026-06-02 23:13:49,UTC-04:00,Read (non-screened device) while in bed?,false,
2026-05-31 22:27:04,2026-06-01 22:18:47,UTC-04:00,Have any alcoholic drinks?,true,
2026-05-31 22:27:04,2026-06-01 22:18:47,UTC-04:00,Viewed a screen device in bed?,false,
2026-05-31 22:27:04,2026-06-01 22:18:47,UTC-04:00,Read (non-screened device) while in bed?,false,
2026-05-31 22:27:04,2026-06-01 22:18:47,UTC-04:00,Shared your bed?,false,
2026-05-31 22:27:04,2026-06-01 22:18:47,UTC-04:00,Feeling sick or ill?,false,
2026-05-30 23:39:42,2026-05-31 22:27:04,UTC-04:00,Shared your bed?,true,
2026-05-30 23:39:42,2026-05-31 22:27:04,UTC-04:00,Viewed a screen device in bed?,false,
2026-05-30 23:39:42,2026-05-31 22:27:04,UTC-04:00,Read (non-screened device) while in bed?,false,
2026-05-30 23:39:42,2026-05-31 22:27:04,UTC-04:00,Feeling sick or ill?,false,
2026-05-30 23:39:42,2026-05-31 22:27:04,UTC-04:00,Have any alcoholic drinks?,false,
2026-05-28 23:17:45,2026-05-30 00:00:00,UTC-04:00,Viewed a screen device in bed?,false,
2026-05-28 23:17:45,2026-05-30 00:00:00,UTC-04:00,Read (non-screened device) while in bed?,false,
2026-05-28 23:17:45,2026-05-30 00:00:00,UTC-04:00,Have any alcoholic drinks?,false,
2026-05-28 23:17:45,2026-05-30 00:00:00,UTC-04:00,Shared your bed?,false,
2026-05-28 23:17:45,2026-05-30 00:00:00,UTC-04:00,Feeling sick or ill?,false,
2026-05-27 23:20:43,2026-05-28 23:17:45,UTC-04:00,Have any alcoholic drinks?,false,
2026-05-27 23:20:43,2026-05-28 23:17:45,UTC-04:00,Viewed a screen device in bed?,false,
2026-05-27 23:20:43,2026-05-28 23:17:45,UTC-04:00,Read (non-screened device) while in bed?,false,
2026-05-27 23:20:43,2026-05-28 23:17:45,UTC-04:00,Shared your bed?,false,
2026-05-27 23:20:43,2026-05-28 23:17:45,UTC-04:00,Feeling sick or ill?,false,
2026-05-26 23:36:05,2026-05-27 23:20:43,UTC-04:00,Have any alcoholic drinks?,true,
2026-05-26 23:36:05,2026-05-27 23:20:43,UTC-04:00,Read (non-screened device) while in bed?,false,
2026-05-26 23:36:05,2026-05-27 23:20:43,UTC-04:00,Shared your bed?,false,
2026-05-26 23:36:05,2026-05-27 23:20:43,UTC-04:00,Viewed a screen device in bed?,false,
2026-05-26 23:36:05,2026-05-27 23:20:43,UTC-04:00,Feeling sick or ill?,false,
2026-05-25 23:51:08,2026-05-26 23:36:05,UTC-04:00,Viewed a screen device in bed?,false,
2026-05-25 23:51:08,2026-05-26 23:36:05,UTC-04:00,Read (non-screened device) while in bed?,false,
2026-05-25 23:51:08,2026-05-26 23:36:05,UTC-04:00,Have any alcoholic drinks?,false,
2026-05-25 23:51:08,2026-05-26 23:36:05,UTC-04:00,Shared your bed?,false,
2026-05-25 23:51:08,2026-05-26 23:36:05,UTC-04:00,Feeling sick or ill?,false,
2026-05-25 00:00:00,2026-05-25 23:51:08,UTC-04:00,Have any alcoholic drinks?,false,
2026-05-25 00:00:00,2026-05-25 23:51:08,UTC-04:00,Viewed a screen device in bed?,false,
2026-05-25 00:00:00,2026-05-25 23:51:08,UTC-04:00,Read (non-screened device) while in bed?,false,
2026-05-25 00:00:00,2026-05-25 23:51:08,UTC-04:00,Shared your bed?,true,
2026-05-25 00:00:00,2026-05-25 23:51:08,UTC-04:00,Feeling sick or ill?,false,
2026-05-21 23:25:43,2026-05-23 00:00:00,UTC-04:00,Viewed a screen device in bed?,false,
2026-05-21 23:25:43,2026-05-23 00:00:00,UTC-04:00,Read (non-screened device) while in bed?,false,
2026-05-21 23:25:43,2026-05-23 00:00:00,UTC-04:00,Shared your bed?,true,
2026-05-21 23:25:43,2026-05-23 00:00:00,UTC-04:00,Have any alcoholic drinks?,false,
2026-05-21 23:25:43,2026-05-23 00:00:00,UTC-04:00,Feeling sick or ill?,false,
2026-05-20 22:44:41,2026-05-21 23:25:43,UTC-04:00,Feeling sick or ill?,false,
2026-05-20 22:44:41,2026-05-21 23:25:43,UTC-04:00,Have any alcoholic drinks?,true,
2026-05-20 22:44:41,2026-05-21 23:25:43,UTC-04:00,Viewed a screen device in bed?,false,
2026-05-20 22:44:41,2026-05-21 23:25:43,UTC-04:00,Read (non-screened device) while in bed?,false,
2026-05-20 22:44:41,2026-05-21 23:25:43,UTC-04:00,Shared your bed?,false,
2026-05-18 23:19:26,2026-05-19 23:43:28,UTC-04:00,Shared your bed?,true,
2026-05-18 23:19:26,2026-05-19 23:43:28,UTC-04:00,Have any alcoholic drinks?,false,
2026-05-18 23:19:26,2026-05-19 23:43:28,UTC-04:00,Feeling sick or ill?,false,
2026-05-18 23:19:26,2026-05-19 23:43:28,UTC-04:00,Read (non-screened device) while in bed?,false,
2026-05-18 23:19:26,2026-05-19 23:43:28,UTC-04:00,Viewed a screen device in bed?,false,
2026-05-14 01:19:49,2026-05-14 22:25:03,UTC-04:00,Have any alcoholic drinks?,false,
2026-05-14 01:19:49,2026-05-14 22:25:03,UTC-04:00,Viewed a screen device in bed?,false,
2026-05-14 01:19:49,2026-05-14 22:25:03,UTC-04:00,Read (non-screened device) while in bed?,false,
2026-05-14 01:19:49,2026-05-14 22:25:03,UTC-04:00,Shared your bed?,false,
2026-05-14 01:19:49,2026-05-14 22:25:03,UTC-04:00,Feeling sick or ill?,false,
2026-05-12 23:35:01,2026-05-14 01:19:49,UTC-04:00,Shared your bed?,false,
2026-05-12 23:35:01,2026-05-14 01:19:49,UTC-04:00,Feeling sick or ill?,false,
2026-05-12 23:35:01,2026-05-14 01:19:49,UTC-04:00,Have any alcoholic drinks?,false,
2026-05-12 23:35:01,2026-05-14 01:19:49,UTC-04:00,Viewed a screen device in bed?,false,
2026-05-12 23:35:01,2026-05-14 01:19:49,UTC-04:00,Read (non-screened device) while in bed?,false,
2026-05-11 23:02:59,2026-05-12 23:35:01,UTC-04:00,Have any alcoholic drinks?,false,
2026-05-11 23:02:59,2026-05-12 23:35:01,UTC-04:00,Viewed a screen device in bed?,false,
2026-05-11 23:02:59,2026-05-12 23:35:01,UTC-04:00,Feeling sick or ill?,false,
2026-05-11 23:02:59,2026-05-12 23:35:01,UTC-04:00,Shared your bed?,false,
2026-05-11 23:02:59,2026-05-12 23:35:01,UTC-04:00,Read (non-screened device) while in bed?,false,
2026-05-10 23:45:57,2026-05-11 23:02:59,UTC-04:00,Have any alcoholic drinks?,false,
2026-05-10 23:45:57,2026-05-11 23:02:59,UTC-04:00,Viewed a screen device in bed?,false,
2026-05-10 23:45:57,2026-05-11 23:02:59,UTC-04:00,Read (non-screened device) while in bed?,false,
2026-05-10 23:45:57,2026-05-11 23:02:59,UTC-04:00,Shared your bed?,false,
2026-05-10 23:45:57,2026-05-11 23:02:59,UTC-04:00,Feeling sick or ill?,false,
2026-05-09 23:37:54,2026-05-10 23:45:57,UTC-04:00,Read (non-screened device) while in bed?,false,
2026-05-09 23:37:54,2026-05-10 23:45:57,UTC-04:00,Shared your bed?,false,
2026-05-09 23:37:54,2026-05-10 23:45:57,UTC-04:00,Feeling sick or ill?,false,
2026-05-09 23:37:54,2026-05-10 23:45:57,UTC-04:00,Have any alcoholic drinks?,false,
2026-05-09 23:37:54,2026-05-10 23:45:57,UTC-04:00,Viewed a screen device in bed?,false,
2026-05-08 23:56:44,2026-05-09 23:37:54,UTC-04:00,Consumed caffeine?,false,
2026-05-08 23:56:44,2026-05-09 23:37:54,UTC-04:00,Viewed a screen device in bed?,false,
2026-05-08 23:56:44,2026-05-09 23:37:54,UTC-04:00,Have an injury or wound?,false,
2026-05-08 23:56:44,2026-05-09 23:37:54,UTC-04:00,Have any alcoholic drinks?,false,
2026-05-08 23:56:44,2026-05-09 23:37:54,UTC-04:00,Took prescription sleep medication?,false,
2026-05-08 23:56:44,2026-05-09 23:37:54,UTC-04:00,Read (non-screened device) while in bed?,false,
2026-05-08 23:56:44,2026-05-09 23:37:54,UTC-04:00,Shared your bed?,false,
2026-05-08 23:56:44,2026-05-09 23:37:54,UTC-04:00,Feeling sick or ill?,false,
2025-05-05 22:22:41,2025-05-06 23:23:19,UTC-04:00,Have any alcoholic drinks?,false,
2025-05-05 22:22:41,2025-05-06 23:23:19,UTC-04:00,Read (non-screened device) while in bed?,false,
2025-05-05 22:22:41,2025-05-06 23:23:19,UTC-04:00,Consumed caffeine?,false,
2025-05-05 22:22:41,2025-05-06 23:23:19,UTC-04:00,Have an injury or wound?,false,
2025-05-05 22:22:41,2025-05-06 23:23:19,UTC-04:00,Took prescription sleep medication?,false,
2025-05-05 22:22:41,2025-05-06 23:23:19,UTC-04:00,Shared your bed?,false,
2025-05-05 22:22:41,2025-05-06 23:23:19,UTC-04:00,Feeling sick or ill?,false,
2025-05-05 22:22:41,2025-05-06 23:23:19,UTC-04:00,Viewed a screen device in bed?,false,
2025-05-04 22:07:56,2025-05-05 22:22:41,UTC-04:00,Shared your bed?,false,
2025-05-04 22:07:56,2025-05-05 22:22:41,UTC-04:00,Feeling sick or ill?,false,
2025-05-04 22:07:56,2025-05-05 22:22:41,UTC-04:00,Have any alcoholic drinks?,false,
2025-05-04 22:07:56,2025-05-05 22:22:41,UTC-04:00,Consumed caffeine?,false,
2025-05-04 22:07:56,2025-05-05 22:22:41,UTC-04:00,Viewed a screen device in bed?,false,
2025-05-04 22:07:56,2025-05-05 22:22:41,UTC-04:00,Have an injury or wound?,false,
2025-05-04 22:07:56,2025-05-05 22:22:41,UTC-04:00,Took prescription sleep medication?,false,
2025-05-04 22:07:56,2025-05-05 22:22:41,UTC-04:00,Read (non-screened device) while in bed?,false,
2025-05-04 01:25:34,2025-05-04 22:07:56,UTC-04:00,Have any alcoholic drinks?,true,
2025-05-04 01:25:34,2025-05-04 22:07:56,UTC-04:00,Read (non-screened device) while in bed?,false,
2025-05-04 01:25:34,2025-05-04 22:07:56,UTC-04:00,Consumed caffeine?,false,
2025-05-04 01:25:34,2025-05-04 22:07:56,UTC-04:00,Have an injury or wound?,false,
2025-05-04 01:25:34,2025-05-04 22:07:56,UTC-04:00,Took prescription sleep medication?,false,
2025-05-04 01:25:34,2025-05-04 22:07:56,UTC-04:00,Shared your bed?,false,
2025-05-04 01:25:34,2025-05-04 22:07:56,UTC-04:00,Feeling sick or ill?,false,
2025-05-04 01:25:34,2025-05-04 22:07:56,UTC-04:00,Viewed a screen device in bed?,false,
2025-05-02 23:00:07,2025-05-04 01:25:34,UTC-04:00,Have any alcoholic drinks?,false,
2025-05-02 23:00:07,2025-05-04 01:25:34,UTC-04:00,Consumed caffeine?,false,
2025-05-02 23:00:07,2025-05-04 01:25:34,UTC-04:00,Viewed a screen device in bed?,false,
2025-05-02 23:00:07,2025-05-04 01:25:34,UTC-04:00,Have an injury or wound?,false,
2025-05-02 23:00:07,2025-05-04 01:25:34,UTC-04:00,Took prescription sleep medication?,false,
2025-05-02 23:00:07,2025-05-04 01:25:34,UTC-04:00,Read (non-screened device) while in bed?,false,
2025-05-02 23:00:07,2025-05-04 01:25:34,UTC-04:00,Shared your bed?,false,
2025-05-02 23:00:07,2025-05-04 01:25:34,UTC-04:00,Feeling sick or ill?,false,
2025-05-01 21:44:51,2025-05-02 23:00:07,UTC-04:00,Consumed caffeine?,false,
2025-05-01 21:44:51,2025-05-02 23:00:07,UTC-04:00,Have an injury or wound?,false,
2025-05-01 21:44:51,2025-05-02 23:00:07,UTC-04:00,Took prescription sleep medication?,false,
2025-05-01 21:44:51,2025-05-02 23:00:07,UTC-04:00,Have any alcoholic drinks?,false,
2025-05-01 21:44:51,2025-05-02 23:00:07,UTC-04:00,Viewed a screen device in bed?,false,
2025-05-01 21:44:51,2025-05-02 23:00:07,UTC-04:00,Read (non-screened device) while in bed?,false,
2025-05-01 21:44:51,2025-05-02 23:00:07,UTC-04:00,Feeling sick or ill?,false,
2025-05-01 21:44:51,2025-05-02 23:00:07,UTC-04:00,Shared your bed?,false,
2025-04-30 22:44:12,2025-05-01 21:44:51,UTC-04:00,Have any alcoholic drinks?,false,
2025-04-30 22:44:12,2025-05-01 21:44:51,UTC-04:00,Consumed caffeine?,false,
2025-04-30 22:44:12,2025-05-01 21:44:51,UTC-04:00,Viewed a screen device in bed?,false,
2025-04-30 22:44:12,2025-05-01 21:44:51,UTC-04:00,Have an injury or wound?,false,
2025-04-30 22:44:12,2025-05-01 21:44:51,UTC-04:00,Took prescription sleep medication?,false,
2025-04-30 22:44:12,2025-05-01 21:44:51,UTC-04:00,Read (non-screened device) while in bed?,false,
2025-04-30 22:44:12,2025-05-01 21:44:51,UTC-04:00,Shared your bed?,false,
2025-04-30 22:44:12,2025-05-01 21:44:51,UTC-04:00,Feeling sick or ill?,false,
2025-04-29 22:40:39,2025-04-30 22:44:12,UTC-04:00,Consumed caffeine?,false,
2025-04-29 22:40:39,2025-04-30 22:44:12,UTC-04:00,Have any alcoholic drinks?,false,
2025-04-29 22:40:39,2025-04-30 22:44:12,UTC-04:00,Viewed a screen device in bed?,false,
2025-04-29 22:40:39,2025-04-30 22:44:12,UTC-04:00,Have an injury or wound?,false,
2025-04-29 22:40:39,2025-04-30 22:44:12,UTC-04:00,Took prescription sleep medication?,false,
2025-04-29 22:40:39,2025-04-30 22:44:12,UTC-04:00,Read (non-screened device) while in bed?,false,
2025-04-29 22:40:39,2025-04-30 22:44:12,UTC-04:00,Shared your bed?,false,
2025-04-29 22:40:39,2025-04-30 22:44:12,UTC-04:00,Feeling sick or ill?,false,
2025-04-28 22:34:03,2025-04-29 22:40:39,UTC-04:00,Consumed caffeine?,false,
2025-04-28 22:34:03,2025-04-29 22:40:39,UTC-04:00,Read (non-screened device) while in bed?,false,
2025-04-28 22:34:03,2025-04-29 22:40:39,UTC-04:00,Have any alcoholic drinks?,false,
2025-04-28 22:34:03,2025-04-29 22:40:39,UTC-04:00,Viewed a screen device in bed?,false,
2025-04-28 22:34:03,2025-04-29 22:40:39,UTC-04:00,Shared your bed?,false,
2025-04-28 22:34:03,2025-04-29 22:40:39,UTC-04:00,Feeling sick or ill?,false,
2025-04-28 22:34:03,2025-04-29 22:40:39,UTC-04:00,Took prescription sleep medication?,false,
2025-04-28 22:34:03,2025-04-29 22:40:39,UTC-04:00,Have an injury or wound?,false,
2025-04-27 22:38:13,2025-04-28 22:34:03,UTC-04:00,Have any alcoholic drinks?,false,
2025-04-27 22:38:13,2025-04-28 22:34:03,UTC-04:00,Consumed caffeine?,false,
2025-04-27 22:38:13,2025-04-28 22:34:03,UTC-04:00,Viewed a screen device in bed?,false,
2025-04-27 22:38:13,2025-04-28 22:34:03,UTC-04:00,Have an injury or wound?,false,
2025-04-27 22:38:13,2025-04-28 22:34:03,UTC-04:00,Feeling sick or ill?,false,
2025-04-27 22:38:13,2025-04-28 22:34:03,UTC-04:00,Took prescription sleep medication?,false,
2025-04-27 22:38:13,2025-04-28 22:34:03,UTC-04:00,Read (non-screened device) while in bed?,false,
2025-04-27 22:38:13,2025-04-28 22:34:03,UTC-04:00,Shared your bed?,false,
2025-04-26 23:30:32,2025-04-27 22:38:13,UTC-04:00,Feeling sick or ill?,false,
2025-04-26 23:30:32,2025-04-27 22:38:13,UTC-04:00,Shared your bed?,false,
2025-04-26 23:30:32,2025-04-27 22:38:13,UTC-04:00,Have any alcoholic drinks?,false,
2025-04-26 23:30:32,2025-04-27 22:38:13,UTC-04:00,Consumed caffeine?,false,
2025-04-26 23:30:32,2025-04-27 22:38:13,UTC-04:00,Viewed a screen device in bed?,false,
2025-04-26 23:30:32,2025-04-27 22:38:13,UTC-04:00,Have an injury or wound?,false,
2025-04-26 23:30:32,2025-04-27 22:38:13,UTC-04:00,Took prescription sleep medication?,false,
2025-04-26 23:30:32,2025-04-27 22:38:13,UTC-04:00,Read (non-screened device) while in bed?,false,
2025-04-26 03:36:34,2025-04-26 23:30:32,UTC-04:00,Have any alcoholic drinks?,true,
2025-04-26 03:36:34,2025-04-26 23:30:32,UTC-04:00,Consumed caffeine?,false,
2025-04-26 03:36:34,2025-04-26 23:30:32,UTC-04:00,Viewed a screen device in bed?,false,
2025-04-26 03:36:34,2025-04-26 23:30:32,UTC-04:00,Have an injury or wound?,false,
2025-04-26 03:36:34,2025-04-26 23:30:32,UTC-04:00,Feeling sick or ill?,false,
2025-04-26 03:36:34,2025-04-26 23:30:32,UTC-04:00,Took prescription sleep medication?,false,
2025-04-26 03:36:34,2025-04-26 23:30:32,UTC-04:00,Read (non-screened device) while in bed?,false,
2025-04-26 03:36:34,2025-04-26 23:30:32,UTC-04:00,Shared your bed?,false,
2025-04-24 22:34:13,2025-04-26 03:36:34,UTC-04:00,Have any alcoholic drinks?,false,
2025-04-24 22:34:13,2025-04-26 03:36:34,UTC-04:00,Have an injury or wound?,false,
2025-04-24 22:34:13,2025-04-26 03:36:34,UTC-04:00,Took prescription sleep medication?,false,
2025-04-24 22:34:13,2025-04-26 03:36:34,UTC-04:00,Consumed caffeine?,false,
2025-04-24 22:34:13,2025-04-26 03:36:34,UTC-04:00,Read (non-screened device) while in bed?,false,
2025-04-24 22:34:13,2025-04-26 03:36:34,UTC-04:00,Shared your bed?,false,
2025-04-24 22:34:13,2025-04-26 03:36:34,UTC-04:00,Feeling sick or ill?,false,
2025-04-24 22:34:13,2025-04-26 03:36:34,UTC-04:00,Viewed a screen device in bed?,false,
2025-04-23 23:41:37,2025-04-24 22:34:13,UTC-04:00,Have any alcoholic drinks?,false,
2025-04-23 23:41:37,2025-04-24 22:34:13,UTC-04:00,Consumed caffeine?,false,
2025-04-23 23:41:37,2025-04-24 22:34:13,UTC-04:00,Viewed a screen device in bed?,false,
2025-04-23 23:41:37,2025-04-24 22:34:13,UTC-04:00,Read (non-screened device) while in bed?,false,
2025-04-23 23:41:37,2025-04-24 22:34:13,UTC-04:00,Shared your bed?,false,
2025-04-23 23:41:37,2025-04-24 22:34:13,UTC-04:00,Feeling sick or ill?,false,
2025-04-23 23:41:37,2025-04-24 22:34:13,UTC-04:00,Have an injury or wound?,false,
2025-04-23 23:41:37,2025-04-24 22:34:13,UTC-04:00,Took prescription sleep medication?,false,
2025-04-22 21:48:45,2025-04-23 23:41:37,UTC-04:00,Feeling sick or ill?,false,
2025-04-22 21:48:45,2025-04-23 23:41:37,UTC-04:00,Shared your bed?,false,
2025-04-22 21:48:45,2025-04-23 23:41:37,UTC-04:00,Consumed caffeine?,false,
2025-04-22 21:48:45,2025-04-23 23:41:37,UTC-04:00,Viewed a screen device in bed?,false,
2025-04-22 21:48:45,2025-04-23 23:41:37,UTC-04:00,Have an injury or wound?,false,
2025-04-22 21:48:45,2025-04-23 23:41:37,UTC-04:00,Have any alcoholic drinks?,false,
2025-04-22 21:48:45,2025-04-23 23:41:37,UTC-04:00,Took prescription sleep medication?,false,
2025-04-22 21:48:45,2025-04-23 23:41:37,UTC-04:00,Read (non-screened device) while in bed?,false,
2025-04-21 22:20:39,2025-04-22 21:48:45,UTC-04:00,Have any alcoholic drinks?,false,
2025-04-21 22:20:39,2025-04-22 21:48:45,UTC-04:00,Consumed caffeine?,false,
2025-04-21 22:20:39,2025-04-22 21:48:45,UTC-04:00,Viewed a screen device in bed?,false,
2025-04-21 22:20:39,2025-04-22 21:48:45,UTC-04:00,Read (non-screened device) while in bed?,false,
2025-04-21 22:20:39,2025-04-22 21:48:45,UTC-04:00,Shared your bed?,false,
2025-04-21 22:20:39,2025-04-22 21:48:45,UTC-04:00,Feeling sick or ill?,false,
2025-04-21 22:20:39,2025-04-22 21:48:45,UTC-04:00,Have an injury or wound?,false,
2025-04-21 22:20:39,2025-04-22 21:48:45,UTC-04:00,Took prescription sleep medication?,false,
2025-04-21 00:35:19,2025-04-21 22:20:39,UTC-04:00,Feeling sick or ill?,false,
2025-04-21 00:35:19,2025-04-21 22:20:39,UTC-04:00,Shared your bed?,false,
2025-04-21 00:35:19,2025-04-21 22:20:39,UTC-04:00,Consumed caffeine?,false,
2025-04-21 00:35:19,2025-04-21 22:20:39,UTC-04:00,Viewed a screen device in bed?,false,
2025-04-21 00:35:19,2025-04-21 22:20:39,UTC-04:00,Have an injury or wound?,false,
2025-04-21 00:35:19,2025-04-21 22:20:39,UTC-04:00,Have any alcoholic drinks?,true,
2025-04-21 00:35:19,2025-04-21 22:20:39,UTC-04:00,Took prescription sleep medication?,false,
2025-04-21 00:35:19,2025-04-21 22:20:39,UTC-04:00,Read (non-screened device) while in bed?,false,
2025-04-20 00:54:07,2025-04-21 00:35:19,UTC-04:00,Have any alcoholic drinks?,true,
2025-04-20 00:54:07,2025-04-21 00:35:19,UTC-04:00,Consumed caffeine?,false,
2025-04-20 00:54:07,2025-04-21 00:35:19,UTC-04:00,Shared your bed?,false,
2025-04-20 00:54:07,2025-04-21 00:35:19,UTC-04:00,Took prescription sleep medication?,false,
2025-04-20 00:54:07,2025-04-21 00:35:19,UTC-04:00,Have an injury or wound?,false,
2025-04-20 00:54:07,2025-04-21 00:35:19,UTC-04:00,Viewed a screen device in bed?,false,
2025-04-20 00:54:07,2025-04-21 00:35:19,UTC-04:00,Consumed caffeine?,false,
2025-04-20 00:54:07,2025-04-21 00:35:19,UTC-04:00,Have any alcoholic drinks?,true,
2025-04-18 23:14:47,2025-04-20 00:54:07,UTC-04:00,Shared your bed?,false,
2025-04-18 23:14:47,2025-04-20 00:54:07,UTC-04:00,Feeling sick or ill?,false,
2025-04-18 23:14:47,2025-04-20 00:54:07,UTC-04:00,Read (non-screened device) while in bed?,false,
2025-04-18 23:14:47,2025-04-20 00:54:07,UTC-04:00,Took prescription sleep medication?,false,
2025-04-18 23:14:47,2025-04-20 00:54:07,UTC-04:00,Have an injury or wound?,false,
2025-04-18 23:14:47,2025-04-20 00:54:07,UTC-04:00,Viewed a screen device in bed?,false,
2025-04-18 23:14:47,2025-04-20 00:54:07,UTC-04:00,Consumed caffeine?,false,
2025-04-18 23:14:47,2025-04-20 00:54:07,UTC-04:00,Have any alcoholic drinks?,false,
2025-04-18 00:51:46,2025-04-18 23:14:47,UTC-04:00,Shared your bed?,false,
2025-04-18 00:51:46,2025-04-18 23:14:47,UTC-04:00,Feeling sick or ill?,false,
2025-04-18 00:51:46,2025-04-18 23:14:47,UTC-04:00,Read (non-screened device) while in bed?,false,
2025-04-18 00:51:46,2025-04-18 23:14:47,UTC-04:00,Took prescription sleep medication?,false,
2025-04-18 00:51:46,2025-04-18 23:14:47,UTC-04:00,Have an injury or wound?,false,
2025-04-18 00:51:46,2025-04-18 23:14:47,UTC-04:00,Viewed a screen device in bed?,false,
2025-04-18 00:51:46,2025-04-18 23:14:47,UTC-04:00,Consumed caffeine?,false,
2025-04-18 00:51:46,2025-04-18 23:14:47,UTC-04:00,Have any alcoholic drinks?,true,
2025-04-17 00:00:16,2025-04-18 00:51:46,UTC-04:00,Shared your bed?,false,
2025-04-17 00:00:16,2025-04-18 00:51:46,UTC-04:00,Feeling sick or ill?,false,
2025-04-17 00:00:16,2025-04-18 00:51:46,UTC-04:00,Read (non-screened device) while in bed?,false,
2025-04-17 00:00:16,2025-04-18 00:51:46,UTC-04:00,Took prescription sleep medication?,false,
2025-04-17 00:00:16,2025-04-18 00:51:46,UTC-04:00,Have an injury or wound?,false,
2025-04-17 00:00:16,2025-04-18 00:51:46,UTC-04:00,Viewed a screen device in bed?,false,
2025-04-17 00:00:16,2025-04-18 00:51:46,UTC-04:00,Consumed caffeine?,false,
2025-04-17 00:00:16,2025-04-18 00:51:46,UTC-04:00,Have any alcoholic drinks?,true,
2025-04-15 22:37:05,2025-04-17 00:00:16,UTC-04:00,Shared your bed?,false,
2025-04-15 22:37:05,2025-04-17 00:00:16,UTC-04:00,Feeling sick or ill?,false,
2025-04-15 22:37:05,2025-04-17 00:00:16,UTC-04:00,Read (non-screened device) while in bed?,false,
2025-04-15 22:37:05,2025-04-17 00:00:16,UTC-04:00,Took prescription sleep medication?,false,
2025-04-15 22:37:05,2025-04-17 00:00:16,UTC-04:00,Have an injury or wound?,false,
2025-04-15 22:37:05,2025-04-17 00:00:16,UTC-04:00,Viewed a screen device in bed?,false,
2025-04-15 22:37:05,2025-04-17 00:00:16,UTC-04:00,Consumed caffeine?,false,
2025-04-15 22:37:05,2025-04-17 00:00:16,UTC-04:00,Have any alcoholic drinks?,false,
2025-04-14 22:26:50,2025-04-15 22:37:05,UTC-04:00,Shared your bed?,false,
2025-04-14 22:26:50,2025-04-15 22:37:05,UTC-04:00,Feeling sick or ill?,false,
2025-04-14 22:26:50,2025-04-15 22:37:05,UTC-04:00,Read (non-screened device) while in bed?,false,
2025-04-14 22:26:50,2025-04-15 22:37:05,UTC-04:00,Took prescription sleep medication?,false,
2025-04-14 22:26:50,2025-04-15 22:37:05,UTC-04:00,Have an injury or wound?,false,
2025-04-14 22:26:50,2025-04-15 22:37:05,UTC-04:00,Viewed a screen device in bed?,false,
2025-04-14 22:26:50,2025-04-15 22:37:05,UTC-04:00,Consumed caffeine?,false,
2025-04-14 22:26:50,2025-04-15 22:37:05,UTC-04:00,Have any alcoholic drinks?,false,
2025-04-13 22:31:16,2025-04-14 22:26:50,UTC-04:00,Shared your bed?,false,
2025-04-13 22:31:16,2025-04-14 22:26:50,UTC-04:00,Feeling sick or ill?,false,
2025-04-13 22:31:16,2025-04-14 22:26:50,UTC-04:00,Read (non-screened device) while in bed?,false,
2025-04-13 22:31:16,2025-04-14 22:26:50,UTC-04:00,Took prescription sleep medication?,false,
2025-04-13 22:31:16,2025-04-14 22:26:50,UTC-04:00,Have an injury or wound?,false,
2025-04-13 22:31:16,2025-04-14 22:26:50,UTC-04:00,Viewed a screen device in bed?,false,
2025-04-13 22:31:16,2025-04-14 22:26:50,UTC-04:00,Consumed caffeine?,false,
2025-04-13 22:31:16,2025-04-14 22:26:50,UTC-04:00,Have any alcoholic drinks?,false,
2025-04-11 22:43:25,2025-04-12 23:22:35,UTC-04:00,Shared your bed?,false,
2025-04-11 22:43:25,2025-04-12 23:22:35,UTC-04:00,Feeling sick or ill?,false,
2025-04-11 22:43:25,2025-04-12 23:22:35,UTC-04:00,Read (non-screened device) while in bed?,false,
2025-04-11 22:43:25,2025-04-12 23:22:35,UTC-04:00,Took prescription sleep medication?,false,
2025-04-11 22:43:25,2025-04-12 23:22:35,UTC-04:00,Have an injury or wound?,false,
2025-04-11 22:43:25,2025-04-12 23:22:35,UTC-04:00,Viewed a screen device in bed?,false,
2025-04-11 22:43:25,2025-04-12 23:22:35,UTC-04:00,Consumed caffeine?,false,
2025-04-11 22:43:25,2025-04-12 23:22:35,UTC-04:00,Have any alcoholic drinks?,false,
2025-04-10 23:54:30,2025-04-11 22:43:25,UTC-04:00,Shared your bed?,false,
2025-04-10 23:54:30,2025-04-11 22:43:25,UTC-04:00,Viewed a screen device in bed?,false,
2025-04-10 23:54:30,2025-04-11 22:43:25,UTC-04:00,Feeling sick or ill?,false,
2025-04-10 23:54:30,2025-04-11 22:43:25,UTC-04:00,Read (non-screened device) while in bed?,false,
2025-04-10 23:54:30,2025-04-11 22:43:25,UTC-04:00,Took prescription sleep medication?,false,
2025-04-10 23:54:30,2025-04-11 22:43:25,UTC-04:00,Have an injury or wound?,false,
2025-04-10 23:54:30,2025-04-11 22:43:25,UTC-04:00,Consumed caffeine?,false,
2025-04-10 23:54:30,2025-04-11 22:43:25,UTC-04:00,Have any alcoholic drinks?,false,
2025-04-09 23:24:04,2025-04-10 23:54:30,UTC-04:00,Shared your bed?,false,
2025-04-09 23:24:04,2025-04-10 23:54:30,UTC-04:00,Feeling sick or ill?,false,
2025-04-09 23:24:04,2025-04-10 23:54:30,UTC-04:00,Read (non-screened device) while in bed?,false,
2025-04-09 23:24:04,2025-04-10 23:54:30,UTC-04:00,Took prescription sleep medication?,false,
2025-04-09 23:24:04,2025-04-10 23:54:30,UTC-04:00,Have an injury or wound?,false,
2025-04-09 23:24:04,2025-04-10 23:54:30,UTC-04:00,Viewed a screen device in bed?,false,
2025-04-09 23:24:04,2025-04-10 23:54:30,UTC-04:00,Consumed caffeine?,false,
2025-04-09 23:24:04,2025-04-10 23:54:30,UTC-04:00,Have any alcoholic drinks?,false,
2025-04-08 23:27:28,2025-04-09 23:24:04,UTC-04:00,Shared your bed?,false,
2025-04-08 23:27:28,2025-04-09 23:24:04,UTC-04:00,Feeling sick or ill?,false,
2025-04-08 23:27:28,2025-04-09 23:24:04,UTC-04:00,Read (non-screened device) while in bed?,false,
2025-04-08 23:27:28,2025-04-09 23:24:04,UTC-04:00,Took prescription sleep medication?,false,
2025-04-08 23:27:28,2025-04-09 23:24:04,UTC-04:00,Have an injury or wound?,false,
2025-04-08 23:27:28,2025-04-09 23:24:04,UTC-04:00,Viewed a screen device in bed?,false,
2025-04-08 23:27:28,2025-04-09 23:24:04,UTC-04:00,Consumed caffeine?,false,
2025-04-08 23:27:28,2025-04-09 23:24:04,UTC-04:00,Have any alcoholic drinks?,true,
2025-04-07 23:03:21,2025-04-08 23:27:28,UTC-04:00,Feeling sick or ill?,false,
2025-04-07 23:03:21,2025-04-08 23:27:28,UTC-04:00,Read (non-screened device) while in bed?,false,
2025-04-07 23:03:21,2025-04-08 23:27:28,UTC-04:00,Took prescription sleep medication?,false,
2025-04-07 23:03:21,2025-04-08 23:27:28,UTC-04:00,Have an injury or wound?,false,
2025-04-07 23:03:21,2025-04-08 23:27:28,UTC-04:00,Viewed a screen device in bed?,false,
2025-04-07 23:03:21,2025-04-08 23:27:28,UTC-04:00,Consumed caffeine?,false,
2025-04-07 23:03:21,2025-04-08 23:27:28,UTC-04:00,Have any alcoholic drinks?,false,
2025-04-07 23:03:21,2025-04-08 23:27:28,UTC-04:00,Shared your bed?,false,
2025-04-06 22:44:41,2025-04-07 23:03:21,UTC-04:00,Shared your bed?,false,
2025-04-06 22:44:41,2025-04-07 23:03:21,UTC-04:00,Feeling sick or ill?,false,
2025-04-06 22:44:41,2025-04-07 23:03:21,UTC-04:00,Read (non-screened device) while in bed?,false,
2025-04-06 22:44:41,2025-04-07 23:03:21,UTC-04:00,Took prescription sleep medication?,false,
2025-04-06 22:44:41,2025-04-07 23:03:21,UTC-04:00,Have an injury or wound?,false,
2025-04-06 22:44:41,2025-04-07 23:03:21,UTC-04:00,Viewed a screen device in bed?,false,
2025-04-06 22:44:41,2025-04-07 23:03:21,UTC-04:00,Consumed caffeine?,false,
2025-04-06 22:44:41,2025-04-07 23:03:21,UTC-04:00,Have any alcoholic drinks?,false,
2025-04-06 01:00:53,2025-04-06 22:44:41,UTC-04:00,Feeling sick or ill?,false,
2025-04-06 01:00:53,2025-04-06 22:44:41,UTC-04:00,Read (non-screened device) while in bed?,false,
2025-04-06 01:00:53,2025-04-06 22:44:41,UTC-04:00,Took prescription sleep medication?,false,
2025-04-06 01:00:53,2025-04-06 22:44:41,UTC-04:00,Have an injury or wound?,false,
2025-04-06 01:00:53,2025-04-06 22:44:41,UTC-04:00,Consumed caffeine?,false,
2025-04-06 01:00:53,2025-04-06 22:44:41,UTC-04:00,Have any alcoholic drinks?,true,
2025-04-06 01:00:53,2025-04-06 22:44:41,UTC-04:00,Viewed a screen device in bed?,false,
2025-04-06 01:00:53,2025-04-06 22:44:41,UTC-04:00,Shared your bed?,false,
2025-04-04 22:59:21,2025-04-06 01:00:53,UTC-04:00,Feeling sick or ill?,false,
2025-04-04 22:59:21,2025-04-06 01:00:53,UTC-04:00,Read (non-screened device) while in bed?,false,
2025-04-04 22:59:21,2025-04-06 01:00:53,UTC-04:00,Have an injury or wound?,false,
2025-04-04 22:59:21,2025-04-06 01:00:53,UTC-04:00,Consumed caffeine?,false,
2025-04-04 22:59:21,2025-04-06 01:00:53,UTC-04:00,Have any alcoholic drinks?,false,
2025-04-04 22:59:21,2025-04-06 01:00:53,UTC-04:00,Viewed a screen device in bed?,false,
2025-04-04 22:59:21,2025-04-06 01:00:53,UTC-04:00,Shared your bed?,false,
2025-04-04 22:59:21,2025-04-06 01:00:53,UTC-04:00,Took prescription sleep medication?,false,
2025-04-03 23:48:09,2025-04-04 22:59:21,UTC-04:00,Feeling sick or ill?,false,
2025-04-03 23:48:09,2025-04-04 22:59:21,UTC-04:00,Read (non-screened device) while in bed?,false,
2025-04-03 23:48:09,2025-04-04 22:59:21,UTC-04:00,Took prescription sleep medication?,false,
2025-04-03 23:48:09,2025-04-04 22:59:21,UTC-04:00,Have an injury or wound?,false,
2025-04-03 23:48:09,2025-04-04 22:59:21,UTC-04:00,Consumed caffeine?,false,
2025-04-03 23:48:09,2025-04-04 22:59:21,UTC-04:00,Have any alcoholic drinks?,true,
2025-04-03 23:48:09,2025-04-04 22:59:21,UTC-04:00,Viewed a screen device in bed?,false,
2025-04-03 23:48:09,2025-04-04 22:59:21,UTC-04:00,Shared your bed?,false,
2025-04-02 22:07:01,2025-04-03 23:48:09,UTC-04:00,Feeling sick or ill?,false,
2025-04-02 22:07:01,2025-04-03 23:48:09,UTC-04:00,Read (non-screened device) while in bed?,false,
2025-04-02 22:07:01,2025-04-03 23:48:09,UTC-04:00,Have an injury or wound?,false,
2025-04-02 22:07:01,2025-04-03 23:48:09,UTC-04:00,Consumed caffeine?,false,
2025-04-02 22:07:01,2025-04-03 23:48:09,UTC-04:00,Have any alcoholic drinks?,false,
2025-04-02 22:07:01,2025-04-03 23:48:09,UTC-04:00,Viewed a screen device in bed?,false,
2025-04-02 22:07:01,2025-04-03 23:48:09,UTC-04:00,Took prescription sleep medication?,false,
2025-04-02 22:07:01,2025-04-03 23:48:09,UTC-04:00,Shared your bed?,false,
2025-04-01 23:08:21,2025-04-02 22:07:01,UTC-04:00,Feeling sick or ill?,false,
2025-04-01 23:08:21,2025-04-02 22:07:01,UTC-04:00,Read (non-screened device) while in bed?,false,
2025-04-01 23:08:21,2025-04-02 22:07:01,UTC-04:00,Took prescription sleep medication?,false,
2025-04-01 23:08:21,2025-04-02 22:07:01,UTC-04:00,Have an injury or wound?,false,
2025-04-01 23:08:21,2025-04-02 22:07:01,UTC-04:00,Consumed caffeine?,false,
2025-04-01 23:08:21,2025-04-02 22:07:01,UTC-04:00,Have any alcoholic drinks?,false,
2025-04-01 23:08:21,2025-04-02 22:07:01,UTC-04:00,Shared your bed?,false,
2025-04-01 23:08:21,2025-04-02 22:07:01,UTC-04:00,Viewed a screen device in bed?,false,
2025-03-31 23:15:36,2025-04-01 23:08:21,UTC-04:00,Feeling sick or ill?,false,
2025-03-31 23:15:36,2025-04-01 23:08:21,UTC-04:00,Read (non-screened device) while in bed?,false,
2025-03-31 23:15:36,2025-04-01 23:08:21,UTC-04:00,Have an injury or wound?,false,
2025-03-31 23:15:36,2025-04-01 23:08:21,UTC-04:00,Consumed caffeine?,false,
2025-03-31 23:15:36,2025-04-01 23:08:21,UTC-04:00,Have any alcoholic drinks?,false,
2025-03-31 23:15:36,2025-04-01 23:08:21,UTC-04:00,Viewed a screen device in bed?,false,
2025-03-31 23:15:36,2025-04-01 23:08:21,UTC-04:00,Shared your bed?,false,
2025-03-31 23:15:36,2025-04-01 23:08:21,UTC-04:00,Took prescription sleep medication?,false,
2025-03-30 23:14:25,2025-03-31 23:15:36,UTC-04:00,Feeling sick or ill?,false,
2025-03-30 23:14:25,2025-03-31 23:15:36,UTC-04:00,Read (non-screened device) while in bed?,false,
2025-03-30 23:14:25,2025-03-31 23:15:36,UTC-04:00,Took prescription sleep medication?,false,
2025-03-30 23:14:25,2025-03-31 23:15:36,UTC-04:00,Have an injury or wound?,false,
2025-03-30 23:14:25,2025-03-31 23:15:36,UTC-04:00,Viewed a screen device in bed?,false,
2025-03-30 23:14:25,2025-03-31 23:15:36,UTC-04:00,Consumed caffeine?,false,
2025-03-30 23:14:25,2025-03-31 23:15:36,UTC-04:00,Have any alcoholic drinks?,false,
2025-03-30 23:14:25,2025-03-31 23:15:36,UTC-04:00,Shared your bed?,false,
2025-03-30 04:16:49,2025-03-30 23:14:25,UTC-04:00,Feeling sick or ill?,false,
2025-03-30 04:16:49,2025-03-30 23:14:25,UTC-04:00,Read (non-screened device) while in bed?,false,
2025-03-30 04:16:49,2025-03-30 23:14:25,UTC-04:00,Have an injury or wound?,false,
2025-03-30 04:16:49,2025-03-30 23:14:25,UTC-04:00,Consumed caffeine?,true,
2025-03-30 04:16:49,2025-03-30 23:14:25,UTC-04:00,Have any alcoholic drinks?,true,
2025-03-30 04:16:49,2025-03-30 23:14:25,UTC-04:00,Viewed a screen device in bed?,false,
2025-03-30 04:16:49,2025-03-30 23:14:25,UTC-04:00,Shared your bed?,false,
2025-03-30 04:16:49,2025-03-30 23:14:25,UTC-04:00,Took prescription sleep medication?,false,
2025-03-28 23:43:29,2025-03-30 04:16:49,UTC-04:00,Shared your bed?,false,
2025-03-28 23:43:29,2025-03-30 04:16:49,UTC-04:00,Feeling sick or ill?,false,
2025-03-28 23:43:29,2025-03-30 04:16:49,UTC-04:00,Read (non-screened device) while in bed?,false,
2025-03-28 23:43:29,2025-03-30 04:16:49,UTC-04:00,Took prescription sleep medication?,false,
2025-03-28 23:43:29,2025-03-30 04:16:49,UTC-04:00,Have an injury or wound?,false,
2025-03-28 23:43:29,2025-03-30 04:16:49,UTC-04:00,Consumed caffeine?,false,
2025-03-28 23:43:29,2025-03-30 04:16:49,UTC-04:00,Have any alcoholic drinks?,false,
2025-03-28 23:43:29,2025-03-30 04:16:49,UTC-04:00,Viewed a screen device in bed?,false,
2025-03-27 23:32:09,2025-03-28 23:43:29,UTC-04:00,Viewed a screen device in bed?,false,
2025-03-27 23:32:09,2025-03-28 23:43:29,UTC-04:00,Shared your bed?,false,
2025-03-27 23:32:09,2025-03-28 23:43:29,UTC-04:00,Took prescription sleep medication?,false,
2025-03-27 23:32:09,2025-03-28 23:43:29,UTC-04:00,Feeling sick or ill?,false,
2025-03-27 23:32:09,2025-03-28 23:43:29,UTC-04:00,Read (non-screened device) while in bed?,false,
2025-03-27 23:32:09,2025-03-28 23:43:29,UTC-04:00,Have an injury or wound?,false,
2025-03-27 23:32:09,2025-03-28 23:43:29,UTC-04:00,Consumed caffeine?,false,
2025-03-27 23:32:09,2025-03-28 23:43:29,UTC-04:00,Have any alcoholic drinks?,false,
2025-03-26 23:03:20,2025-03-27 23:32:09,UTC-04:00,Viewed a screen device in bed?,false,
2025-03-26 23:03:20,2025-03-27 23:32:09,UTC-04:00,Took prescription sleep medication?,false,
2025-03-26 23:03:20,2025-03-27 23:32:09,UTC-04:00,Feeling sick or ill?,false,
2025-03-26 23:03:20,2025-03-27 23:32:09,UTC-04:00,Read (non-screened device) while in bed?,false,
2025-03-26 23:03:20,2025-03-27 23:32:09,UTC-04:00,Have an injury or wound?,false,
2025-03-26 23:03:20,2025-03-27 23:32:09,UTC-04:00,Consumed caffeine?,false,
2025-03-26 23:03:20,2025-03-27 23:32:09,UTC-04:00,Have any alcoholic drinks?,false,
2025-03-26 23:03:20,2025-03-27 23:32:09,UTC-04:00,Shared your bed?,false,
2025-03-25 23:03:16,2025-03-26 23:03:20,UTC-04:00,Feeling sick or ill?,false,
2025-03-25 23:03:16,2025-03-26 23:03:20,UTC-04:00,Read (non-screened device) while in bed?,false,
2025-03-25 23:03:16,2025-03-26 23:03:20,UTC-04:00,Took prescription sleep medication?,false,
2025-03-25 23:03:16,2025-03-26 23:03:20,UTC-04:00,Have an injury or wound?,false,
2025-03-25 23:03:16,2025-03-26 23:03:20,UTC-04:00,Viewed a screen device in bed?,false,
2025-03-25 23:03:16,2025-03-26 23:03:20,UTC-04:00,Consumed caffeine?,false,
2025-03-25 23:03:16,2025-03-26 23:03:20,UTC-04:00,Have any alcoholic drinks?,false,
2025-03-25 23:03:16,2025-03-26 23:03:20,UTC-04:00,Shared your bed?,false,
2025-03-24 23:07:02,2025-03-25 23:03:16,UTC-04:00,Feeling sick or ill?,false,
2025-03-24 23:07:02,2025-03-25 23:03:16,UTC-04:00,Read (non-screened device) while in bed?,false,
2025-03-24 23:07:02,2025-03-25 23:03:16,UTC-04:00,Took prescription sleep medication?,false,
2025-03-24 23:07:02,2025-03-25 23:03:16,UTC-04:00,Have an injury or wound?,false,
2025-03-24 23:07:02,2025-03-25 23:03:16,UTC-04:00,Consumed caffeine?,false,
2025-03-24 23:07:02,2025-03-25 23:03:16,UTC-04:00,Have any alcoholic drinks?,false,
2025-03-24 23:07:02,2025-03-25 23:03:16,UTC-04:00,Viewed a screen device in bed?,false,
2025-03-24 23:07:02,2025-03-25 23:03:16,UTC-04:00,Shared your bed?,false,
2025-03-24 00:15:46,2025-03-24 23:07:02,UTC-04:00,Feeling sick or ill?,false,
2025-03-24 00:15:46,2025-03-24 23:07:02,UTC-04:00,Read (non-screened device) while in bed?,false,
2025-03-24 00:15:46,2025-03-24 23:07:02,UTC-04:00,Took prescription sleep medication?,false,
2025-03-24 00:15:46,2025-03-24 23:07:02,UTC-04:00,Have an injury or wound?,false,
2025-03-24 00:15:46,2025-03-24 23:07:02,UTC-04:00,Viewed a screen device in bed?,false,
2025-03-24 00:15:46,2025-03-24 23:07:02,UTC-04:00,Consumed caffeine?,false,
2025-03-24 00:15:46,2025-03-24 23:07:02,UTC-04:00,Have any alcoholic drinks?,false,
2025-03-24 00:15:46,2025-03-24 23:07:02,UTC-04:00,Shared your bed?,false,
2025-03-23 00:37:23,2025-03-24 00:15:46,UTC-04:00,Feeling sick or ill?,false,
2025-03-23 00:37:23,2025-03-24 00:15:46,UTC-04:00,Read (non-screened device) while in bed?,false,
2025-03-23 00:37:23,2025-03-24 00:15:46,UTC-04:00,Took prescription sleep medication?,false,
2025-03-23 00:37:23,2025-03-24 00:15:46,UTC-04:00,Have an injury or wound?,false,
2025-03-23 00:37:23,2025-03-24 00:15:46,UTC-04:00,Viewed a screen device in bed?,false,
2025-03-23 00:37:23,2025-03-24 00:15:46,UTC-04:00,Consumed caffeine?,false,
2025-03-23 00:37:23,2025-03-24 00:15:46,UTC-04:00,Have any alcoholic drinks?,true,
2025-03-23 00:37:23,2025-03-24 00:15:46,UTC-04:00,Shared your bed?,false,
2025-03-22 03:42:23,2025-03-23 00:37:23,UTC-04:00,Feeling sick or ill?,false,
2025-03-22 03:42:23,2025-03-23 00:37:23,UTC-04:00,Read (non-screened device) while in bed?,false,
2025-03-22 03:42:23,2025-03-23 00:37:23,UTC-04:00,Took prescription sleep medication?,false,
2025-03-22 03:42:23,2025-03-23 00:37:23,UTC-04:00,Have an injury or wound?,false,
2025-03-22 03:42:23,2025-03-23 00:37:23,UTC-04:00,Viewed a screen device in bed?,false,
2025-03-22 03:42:23,2025-03-23 00:37:23,UTC-04:00,Consumed caffeine?,false,
2025-03-22 03:42:23,2025-03-23 00:37:23,UTC-04:00,Have any alcoholic drinks?,false,
2025-03-22 03:42:23,2025-03-23 00:37:23,UTC-04:00,Shared your bed?,false,
2025-03-20 22:36:56,2025-03-22 03:42:23,UTC-04:00,Shared your bed?,false,
2025-03-20 22:36:56,2025-03-22 03:42:23,UTC-04:00,Feeling sick or ill?,false,
2025-03-20 22:36:56,2025-03-22 03:42:23,UTC-04:00,Read (non-screened device) while in bed?,false,
2025-03-20 22:36:56,2025-03-22 03:42:23,UTC-04:00,Took prescription sleep medication?,false,
2025-03-20 22:36:56,2025-03-22 03:42:23,UTC-04:00,Have an injury or wound?,false,
2025-03-20 22:36:56,2025-03-22 03:42:23,UTC-04:00,Viewed a screen device in bed?,false,
2025-03-20 22:36:56,2025-03-22 03:42:23,UTC-04:00,Consumed caffeine?,false,
2025-03-20 22:36:56,2025-03-22 03:42:23,UTC-04:00,Have any alcoholic drinks?,true,
2025-03-19 22:59:31,2025-03-20 22:36:56,UTC-04:00,Feeling sick or ill?,false,
2025-03-19 22:59:31,2025-03-20 22:36:56,UTC-04:00,Read (non-screened device) while in bed?,false,
2025-03-19 22:59:31,2025-03-20 22:36:56,UTC-04:00,Took prescription sleep medication?,false,
2025-03-19 22:59:31,2025-03-20 22:36:56,UTC-04:00,Have an injury or wound?,false,
2025-03-19 22:59:31,2025-03-20 22:36:56,UTC-04:00,Consumed caffeine?,false,
2025-03-19 22:59:31,2025-03-20 22:36:56,UTC-04:00,Have any alcoholic drinks?,false,
2025-03-19 22:59:31,2025-03-20 22:36:56,UTC-04:00,Viewed a screen device in bed?,false,
2025-03-19 22:59:31,2025-03-20 22:36:56,UTC-04:00,Shared your bed?,false,
2025-01-23 22:40:42,2025-01-24 22:40:42,UTC-05:00,Feeling sick or ill?,false,
2025-01-23 22:40:42,2025-01-24 22:40:42,UTC-05:00,Read (non-screened device) while in bed?,false,
2025-01-23 22:40:42,2025-01-24 22:40:42,UTC-05:00,Took prescription sleep medication?,false,
2025-01-23 22:40:42,2025-01-24 22:40:42,UTC-05:00,Have an injury or wound?,false,
2025-01-23 22:40:42,2025-01-24 22:40:42,UTC-05:00,Viewed a screen device in bed?,false,
2025-01-23 22:40:42,2025-01-24 22:40:42,UTC-05:00,Consumed caffeine?,false,
2025-01-23 22:40:42,2025-01-24 22:40:42,UTC-05:00,Have any alcoholic drinks?,false,
2025-01-23 22:40:42,2025-01-24 22:40:42,UTC-05:00,Shared your bed?,false,
2025-01-22 22:46:56,2025-01-23 22:40:42,UTC-05:00,Feeling sick or ill?,false,
2025-01-22 22:46:56,2025-01-23 22:40:42,UTC-05:00,Read (non-screened device) while in bed?,false,
2025-01-22 22:46:56,2025-01-23 22:40:42,UTC-05:00,Took prescription sleep medication?,false,
2025-01-22 22:46:56,2025-01-23 22:40:42,UTC-05:00,Have an injury or wound?,false,
2025-01-22 22:46:56,2025-01-23 22:40:42,UTC-05:00,Consumed caffeine?,false,
2025-01-22 22:46:56,2025-01-23 22:40:42,UTC-05:00,Have any alcoholic drinks?,false,
2025-01-22 22:46:56,2025-01-23 22:40:42,UTC-05:00,Shared your bed?,false,
2025-01-22 22:46:56,2025-01-23 22:40:42,UTC-05:00,Viewed a screen device in bed?,false,
2025-01-21 23:53:31,2025-01-22 22:46:56,UTC-05:00,Feeling sick or ill?,false,
2025-01-21 23:53:31,2025-01-22 22:46:56,UTC-05:00,Read (non-screened device) while in bed?,false,
2025-01-21 23:53:31,2025-01-22 22:46:56,UTC-05:00,Took prescription sleep medication?,false,
2025-01-21 23:53:31,2025-01-22 22:46:56,UTC-05:00,Have an injury or wound?,false,
2025-01-21 23:53:31,2025-01-22 22:46:56,UTC-05:00,Viewed a screen device in bed?,false,
2025-01-21 23:53:31,2025-01-22 22:46:56,UTC-05:00,Consumed caffeine?,false,
2025-01-21 23:53:31,2025-01-22 22:46:56,UTC-05:00,Have any alcoholic drinks?,false,
2025-01-21 23:53:31,2025-01-22 22:46:56,UTC-05:00,Shared your bed?,false,
2025-01-19 22:38:19,2025-01-20 23:30:14,UTC-05:00,Feeling sick or ill?,false,
2025-01-19 22:38:19,2025-01-20 23:30:14,UTC-05:00,Read (non-screened device) while in bed?,false,
2025-01-19 22:38:19,2025-01-20 23:30:14,UTC-05:00,Took prescription sleep medication?,false,
2025-01-19 22:38:19,2025-01-20 23:30:14,UTC-05:00,Have an injury or wound?,false,
2025-01-19 22:38:19,2025-01-20 23:30:14,UTC-05:00,Consumed caffeine?,false,
2025-01-19 22:38:19,2025-01-20 23:30:14,UTC-05:00,Have any alcoholic drinks?,false,
2025-01-19 22:38:19,2025-01-20 23:30:14,UTC-05:00,Viewed a screen device in bed?,false,
2025-01-19 22:38:19,2025-01-20 23:30:14,UTC-05:00,Shared your bed?,false,
2025-01-17 00:24:37,2025-01-18 00:21:51,UTC-05:00,Feeling sick or ill?,false,
2025-01-17 00:24:37,2025-01-18 00:21:51,UTC-05:00,Read (non-screened device) while in bed?,false,
2025-01-17 00:24:37,2025-01-18 00:21:51,UTC-05:00,Took prescription sleep medication?,false,
2025-01-17 00:24:37,2025-01-18 00:21:51,UTC-05:00,Have an injury or wound?,false,
2025-01-17 00:24:37,2025-01-18 00:21:51,UTC-05:00,Consumed caffeine?,false,
2025-01-17 00:24:37,2025-01-18 00:21:51,UTC-05:00,Have any alcoholic drinks?,false,
2025-01-17 00:24:37,2025-01-18 00:21:51,UTC-05:00,Viewed a screen device in bed?,false,
2025-01-17 00:24:37,2025-01-18 00:21:51,UTC-05:00,Shared your bed?,false,
2025-01-15 22:52:46,2025-01-17 00:24:37,UTC-05:00,Consumed caffeine?,false,
2025-01-15 22:52:46,2025-01-17 00:24:37,UTC-05:00,Viewed a screen device in bed?,false,
2025-01-15 22:52:46,2025-01-17 00:24:37,UTC-05:00,Have any alcoholic drinks?,false,
2025-01-15 22:52:46,2025-01-17 00:24:37,UTC-05:00,Have an injury or wound?,false,
2025-01-15 22:52:46,2025-01-17 00:24:37,UTC-05:00,Took prescription sleep medication?,false,
2025-01-15 22:52:46,2025-01-17 00:24:37,UTC-05:00,Read (non-screened device) while in bed?,false,
2025-01-15 22:52:46,2025-01-17 00:24:37,UTC-05:00,Feeling sick or ill?,false,
2025-01-15 22:52:46,2025-01-17 00:24:37,UTC-05:00,Shared your bed?,false,
2025-01-14 23:54:01,2025-01-15 22:52:46,UTC-05:00,Consumed caffeine?,false,
2025-01-14 23:54:01,2025-01-15 22:52:46,UTC-05:00,Have any alcoholic drinks?,false,
2025-01-14 23:54:01,2025-01-15 22:52:46,UTC-05:00,Viewed a screen device in bed?,false,
2025-01-14 23:54:01,2025-01-15 22:52:46,UTC-05:00,Took prescription sleep medication?,false,
2025-01-14 23:54:01,2025-01-15 22:52:46,UTC-05:00,Read (non-screened device) while in bed?,false,
2025-01-14 23:54:01,2025-01-15 22:52:46,UTC-05:00,Have an injury or wound?,false,
2025-01-14 23:54:01,2025-01-15 22:52:46,UTC-05:00,Shared your bed?,false,
2025-01-14 23:54:01,2025-01-15 22:52:46,UTC-05:00,Feeling sick or ill?,false,
2025-01-13 22:21:58,2025-01-14 23:54:01,UTC-05:00,Have any alcoholic drinks?,false,
2025-01-13 22:21:58,2025-01-14 23:54:01,UTC-05:00,Read (non-screened device) while in bed?,false,
2025-01-13 22:21:58,2025-01-14 23:54:01,UTC-05:00,Consumed caffeine?,false,
2025-01-13 22:21:58,2025-01-14 23:54:01,UTC-05:00,Feeling sick or ill?,false,
2025-01-13 22:21:58,2025-01-14 23:54:01,UTC-05:00,Viewed a screen device in bed?,false,
2025-01-13 22:21:58,2025-01-14 23:54:01,UTC-05:00,Have an injury or wound?,false,
2025-01-13 22:21:58,2025-01-14 23:54:01,UTC-05:00,Took prescription sleep medication?,false,
2025-01-13 22:21:58,2025-01-14 23:54:01,UTC-05:00,Shared your bed?,false,
2025-01-12 23:28:21,2025-01-13 22:21:58,UTC-05:00,Have any alcoholic drinks?,true,
2025-01-12 23:28:21,2025-01-13 22:21:58,UTC-05:00,Consumed caffeine?,false,
2025-01-12 23:28:21,2025-01-13 22:21:58,UTC-05:00,Have an injury or wound?,false,
2025-01-12 23:28:21,2025-01-13 22:21:58,UTC-05:00,Took prescription sleep medication?,false,
2025-01-12 23:28:21,2025-01-13 22:21:58,UTC-05:00,Viewed a screen device in bed?,false,
2025-01-12 23:28:21,2025-01-13 22:21:58,UTC-05:00,Read (non-screened device) while in bed?,false,
2025-01-12 23:28:21,2025-01-13 22:21:58,UTC-05:00,Shared your bed?,false,
2025-01-12 23:28:21,2025-01-13 22:21:58,UTC-05:00,Feeling sick or ill?,false,
2025-01-12 01:11:10,2025-01-12 23:28:21,UTC-05:00,Have any alcoholic drinks?,true,
2025-01-12 01:11:10,2025-01-12 23:28:21,UTC-05:00,Consumed caffeine?,false,
2025-01-12 01:11:10,2025-01-12 23:28:21,UTC-05:00,Read (non-screened device) while in bed?,false,
2025-01-12 01:11:10,2025-01-12 23:28:21,UTC-05:00,Shared your bed?,false,
2025-01-12 01:11:10,2025-01-12 23:28:21,UTC-05:00,Viewed a screen device in bed?,false,
2025-01-12 01:11:10,2025-01-12 23:28:21,UTC-05:00,Feeling sick or ill?,false,
2025-01-12 01:11:10,2025-01-12 23:28:21,UTC-05:00,Have an injury or wound?,false,
2025-01-12 01:11:10,2025-01-12 23:28:21,UTC-05:00,Took prescription sleep medication?,false,
2025-01-10 01:33:19,2025-01-12 01:11:10,UTC-05:00,Have any alcoholic drinks?,true,
2025-01-10 01:33:19,2025-01-12 01:11:10,UTC-05:00,Read (non-screened device) while in bed?,false,
2025-01-10 01:33:19,2025-01-12 01:11:10,UTC-05:00,Consumed caffeine?,false,
2025-01-10 01:33:19,2025-01-12 01:11:10,UTC-05:00,Viewed a screen device in bed?,false,
2025-01-10 01:33:19,2025-01-12 01:11:10,UTC-05:00,Have an injury or wound?,false,
2025-01-10 01:33:19,2025-01-12 01:11:10,UTC-05:00,Took prescription sleep medication?,false,
2025-01-10 01:33:19,2025-01-12 01:11:10,UTC-05:00,Shared your bed?,false,
2025-01-10 01:33:19,2025-01-12 01:11:10,UTC-05:00,Feeling sick or ill?,false,
2025-01-08 23:12:54,2025-01-10 01:33:19,UTC-05:00,Consumed caffeine?,false,
2025-01-08 23:12:54,2025-01-10 01:33:19,UTC-05:00,Viewed a screen device in bed?,false,
2025-01-08 23:12:54,2025-01-10 01:33:19,UTC-05:00,Have an injury or wound?,false,
2025-01-08 23:12:54,2025-01-10 01:33:19,UTC-05:00,Took prescription sleep medication?,false,
2025-01-08 23:12:54,2025-01-10 01:33:19,UTC-05:00,Read (non-screened device) while in bed?,false,
2025-01-08 23:12:54,2025-01-10 01:33:19,UTC-05:00,Have any alcoholic drinks?,false,
2025-01-08 23:12:54,2025-01-10 01:33:19,UTC-05:00,Shared your bed?,false,
2025-01-08 23:12:54,2025-01-10 01:33:19,UTC-05:00,Feeling sick or ill?,false,
2025-01-07 22:38:46,2025-01-08 23:12:54,UTC-05:00,Have an injury or wound?,false,
2025-01-07 22:38:46,2025-01-08 23:12:54,UTC-05:00,Took prescription sleep medication?,false,
2025-01-07 22:38:46,2025-01-08 23:12:54,UTC-05:00,Have any alcoholic drinks?,false,
2025-01-07 22:38:46,2025-01-08 23:12:54,UTC-05:00,Read (non-screened device) while in bed?,false,
2025-01-07 22:38:46,2025-01-08 23:12:54,UTC-05:00,Consumed caffeine?,false,
2025-01-07 22:38:46,2025-01-08 23:12:54,UTC-05:00,Shared your bed?,false,
2025-01-07 22:38:46,2025-01-08 23:12:54,UTC-05:00,Viewed a screen device in bed?,false,
2025-01-07 22:38:46,2025-01-08 23:12:54,UTC-05:00,Feeling sick or ill?,false,
2025-01-06 23:11:24,2025-01-07 22:38:46,UTC-05:00,Consumed caffeine?,false,
2025-01-06 23:11:24,2025-01-07 22:38:46,UTC-05:00,Viewed a screen device in bed?,false,
2025-01-06 23:11:24,2025-01-07 22:38:46,UTC-05:00,Have an injury or wound?,false,
2025-01-06 23:11:24,2025-01-07 22:38:46,UTC-05:00,Have any alcoholic drinks?,true,
2025-01-06 23:11:24,2025-01-07 22:38:46,UTC-05:00,Took prescription sleep medication?,false,
2025-01-06 23:11:24,2025-01-07 22:38:46,UTC-05:00,Read (non-screened device) while in bed?,false,
2025-01-06 23:11:24,2025-01-07 22:38:46,UTC-05:00,Shared your bed?,false,
2025-01-06 23:11:24,2025-01-07 22:38:46,UTC-05:00,Feeling sick or ill?,false,
2025-01-05 22:35:03,2025-01-06 23:11:24,UTC-05:00,Consumed caffeine?,false,
2025-01-05 22:35:03,2025-01-06 23:11:24,UTC-05:00,Viewed a screen device in bed?,false,
2025-01-05 22:35:03,2025-01-06 23:11:24,UTC-05:00,Have an injury or wound?,false,
2025-01-05 22:35:03,2025-01-06 23:11:24,UTC-05:00,Read (non-screened device) while in bed?,false,
2025-01-05 22:35:03,2025-01-06 23:11:24,UTC-05:00,Shared your bed?,false,
2025-01-05 22:35:03,2025-01-06 23:11:24,UTC-05:00,Feeling sick or ill?,false,
2025-01-05 22:35:03,2025-01-06 23:11:24,UTC-05:00,Have any alcoholic drinks?,true,
2025-01-05 22:35:03,2025-01-06 23:11:24,UTC-05:00,Took prescription sleep medication?,false,
2025-01-04 22:14:48,2025-01-05 22:35:03,UTC-05:00,Have any alcoholic drinks?,true,
2025-01-04 22:14:48,2025-01-05 22:35:03,UTC-05:00,Consumed caffeine?,false,
2025-01-04 22:14:48,2025-01-05 22:35:03,UTC-05:00,Viewed a screen device in bed?,false,
2025-01-04 22:14:48,2025-01-05 22:35:03,UTC-05:00,Have an injury or wound?,false,
2025-01-04 22:14:48,2025-01-05 22:35:03,UTC-05:00,Took prescription sleep medication?,false,
2025-01-04 22:14:48,2025-01-05 22:35:03,UTC-05:00,Read (non-screened device) while in bed?,false,
2025-01-04 22:14:48,2025-01-05 22:35:03,UTC-05:00,Feeling sick or ill?,false,
2025-01-04 22:14:48,2025-01-05 22:35:03,UTC-05:00,Shared your bed?,false,
2025-01-03 23:29:43,2025-01-04 22:14:48,UTC-05:00,Consumed caffeine?,false,
2025-01-03 23:29:43,2025-01-04 22:14:48,UTC-05:00,Have any alcoholic drinks?,false,
2025-01-03 23:29:43,2025-01-04 22:14:48,UTC-05:00,Viewed a screen device in bed?,false,
2025-01-03 23:29:43,2025-01-04 22:14:48,UTC-05:00,Have an injury or wound?,false,
2025-01-03 23:29:43,2025-01-04 22:14:48,UTC-05:00,Took prescription sleep medication?,false,
2025-01-03 23:29:43,2025-01-04 22:14:48,UTC-05:00,Read (non-screened device) while in bed?,false,
2025-01-03 23:29:43,2025-01-04 22:14:48,UTC-05:00,Shared your bed?,false,
2025-01-03 23:29:43,2025-01-04 22:14:48,UTC-05:00,Feeling sick or ill?,false,
2025-01-02 21:55:45,2025-01-03 23:29:43,UTC-05:00,Viewed a screen device in bed?,false,
2025-01-02 21:55:45,2025-01-03 23:29:43,UTC-05:00,Have an injury or wound?,false,
2025-01-02 21:55:45,2025-01-03 23:29:43,UTC-05:00,Took prescription sleep medication?,false,
2025-01-02 21:55:45,2025-01-03 23:29:43,UTC-05:00,Read (non-screened device) while in bed?,false,
2025-01-02 21:55:45,2025-01-03 23:29:43,UTC-05:00,Feeling sick or ill?,false,
2025-01-02 21:55:45,2025-01-03 23:29:43,UTC-05:00,Shared your bed?,false,
2025-01-02 21:55:45,2025-01-03 23:29:43,UTC-05:00,Have any alcoholic drinks?,false,
2025-01-02 21:55:45,2025-01-03 23:29:43,UTC-05:00,Consumed caffeine?,false,
2025-01-01 22:00:54,2025-01-02 21:55:45,UTC-05:00,Consumed caffeine?,false,
2025-01-01 22:00:54,2025-01-02 21:55:45,UTC-05:00,Have any alcoholic drinks?,false,
2025-01-01 22:00:54,2025-01-02 21:55:45,UTC-05:00,Viewed a screen device in bed?,false,
2025-01-01 22:00:54,2025-01-02 21:55:45,UTC-05:00,Took prescription sleep medication?,false,
2025-01-01 22:00:54,2025-01-02 21:55:45,UTC-05:00,Read (non-screened device) while in bed?,false,
2025-01-01 22:00:54,2025-01-02 21:55:45,UTC-05:00,Have an injury or wound?,false,
2025-01-01 22:00:54,2025-01-02 21:55:45,UTC-05:00,Shared your bed?,false,
2025-01-01 22:00:54,2025-01-02 21:55:45,UTC-05:00,Feeling sick or ill?,false,
2025-01-01 02:59:56,2025-01-01 22:00:54,UTC-05:00,Have any alcoholic drinks?,true,
2025-01-01 02:59:56,2025-01-01 22:00:54,UTC-05:00,Read (non-screened device) while in bed?,false,
2025-01-01 02:59:56,2025-01-01 22:00:54,UTC-05:00,Consumed caffeine?,false,
2025-01-01 02:59:56,2025-01-01 22:00:54,UTC-05:00,Feeling sick or ill?,false,
2025-01-01 02:59:56,2025-01-01 22:00:54,UTC-05:00,Viewed a screen device in bed?,false,
2025-01-01 02:59:56,2025-01-01 22:00:54,UTC-05:00,Have an injury or wound?,false,
2025-01-01 02:59:56,2025-01-01 22:00:54,UTC-05:00,Took prescription sleep medication?,false,
2025-01-01 02:59:56,2025-01-01 22:00:54,UTC-05:00,Shared your bed?,false,
2024-12-30 23:54:05,2025-01-01 02:59:56,UTC-05:00,Have any alcoholic drinks?,false,
2024-12-30 23:54:05,2025-01-01 02:59:56,UTC-05:00,Consumed caffeine?,false,
2024-12-30 23:54:05,2025-01-01 02:59:56,UTC-05:00,Have an injury or wound?,false,
2024-12-30 23:54:05,2025-01-01 02:59:56,UTC-05:00,Took prescription sleep medication?,false,
2024-12-30 23:54:05,2025-01-01 02:59:56,UTC-05:00,Viewed a screen device in bed?,false,
2024-12-30 23:54:05,2025-01-01 02:59:56,UTC-05:00,Read (non-screened device) while in bed?,false,
2024-12-30 23:54:05,2025-01-01 02:59:56,UTC-05:00,Shared your bed?,false,
2024-12-30 23:54:05,2025-01-01 02:59:56,UTC-05:00,Feeling sick or ill?,false,
2024-12-30 03:32:57,2024-12-30 23:54:05,UTC-05:00,Have any alcoholic drinks?,true,
2024-12-30 03:32:57,2024-12-30 23:54:05,UTC-05:00,Read (non-screened device) while in bed?,false,
2024-12-30 03:32:57,2024-12-30 23:54:05,UTC-05:00,Took prescription sleep medication?,false,
2024-12-30 03:32:57,2024-12-30 23:54:05,UTC-05:00,Shared your bed?,false,
2024-12-30 03:32:57,2024-12-30 23:54:05,UTC-05:00,Consumed caffeine?,false,
2024-12-30 03:32:57,2024-12-30 23:54:05,UTC-05:00,Feeling sick or ill?,false,
2024-12-30 03:32:57,2024-12-30 23:54:05,UTC-05:00,Viewed a screen device in bed?,false,
2024-12-30 03:32:57,2024-12-30 23:54:05,UTC-05:00,Have an injury or wound?,false,
2024-12-29 04:57:58,2024-12-30 03:32:57,UTC-05:00,Have any alcoholic drinks?,false,
2024-12-29 04:57:58,2024-12-30 03:32:57,UTC-05:00,Read (non-screened device) while in bed?,false,
2024-12-29 04:57:58,2024-12-30 03:32:57,UTC-05:00,Consumed caffeine?,false,
2024-12-29 04:57:58,2024-12-30 03:32:57,UTC-05:00,Viewed a screen device in bed?,false,
2024-12-29 04:57:58,2024-12-30 03:32:57,UTC-05:00,Have an injury or wound?,false,
2024-12-29 04:57:58,2024-12-30 03:32:57,UTC-05:00,Took prescription sleep medication?,false,
2024-12-29 04:57:58,2024-12-30 03:32:57,UTC-05:00,Shared your bed?,false,
2024-12-29 04:57:58,2024-12-30 03:32:57,UTC-05:00,Feeling sick or ill?,false,
2024-12-27 22:38:17,2024-12-29 04:57:58,UTC-05:00,Consumed caffeine?,false,
2024-12-27 22:38:17,2024-12-29 04:57:58,UTC-05:00,Viewed a screen device in bed?,false,
2024-12-27 22:38:17,2024-12-29 04:57:58,UTC-05:00,Have an injury or wound?,false,
2024-12-27 22:38:17,2024-12-29 04:57:58,UTC-05:00,Took prescription sleep medication?,false,
2024-12-27 22:38:17,2024-12-29 04:57:58,UTC-05:00,Read (non-screened device) while in bed?,false,
2024-12-27 22:38:17,2024-12-29 04:57:58,UTC-05:00,Have any alcoholic drinks?,true,
2024-12-27 22:38:17,2024-12-29 04:57:58,UTC-05:00,Shared your bed?,false,
2024-12-27 22:38:17,2024-12-29 04:57:58,UTC-05:00,Feeling sick or ill?,false,
2024-12-26 22:38:37,2024-12-27 22:38:17,UTC-05:00,Have an injury or wound?,false,
2024-12-26 22:38:37,2024-12-27 22:38:17,UTC-05:00,Took prescription sleep medication?,false,
2024-12-26 22:38:37,2024-12-27 22:38:17,UTC-05:00,Have any alcoholic drinks?,false,
2024-12-26 22:38:37,2024-12-27 22:38:17,UTC-05:00,Read (non-screened device) while in bed?,false,
2024-12-26 22:38:37,2024-12-27 22:38:17,UTC-05:00,Consumed caffeine?,false,
2024-12-26 22:38:37,2024-12-27 22:38:17,UTC-05:00,Shared your bed?,false,
2024-12-26 22:38:37,2024-12-27 22:38:17,UTC-05:00,Viewed a screen device in bed?,false,
2024-12-26 22:38:37,2024-12-27 22:38:17,UTC-05:00,Feeling sick or ill?,false,
2024-12-25 22:12:00,2024-12-26 22:38:37,UTC-05:00,Took prescription sleep medication?,false,
2024-12-25 22:12:00,2024-12-26 22:38:37,UTC-05:00,Read (non-screened device) while in bed?,false,
2024-12-25 22:12:00,2024-12-26 22:38:37,UTC-05:00,Have an injury or wound?,false,
2024-12-25 22:12:00,2024-12-26 22:38:37,UTC-05:00,Shared your bed?,false,
2024-12-25 22:12:00,2024-12-26 22:38:37,UTC-05:00,Viewed a screen device in bed?,false,
2024-12-25 22:12:00,2024-12-26 22:38:37,UTC-05:00,Feeling sick or ill?,false,
2024-12-25 22:12:00,2024-12-26 22:38:37,UTC-05:00,Have any alcoholic drinks?,false,
2024-12-25 22:12:00,2024-12-26 22:38:37,UTC-05:00,Consumed caffeine?,false,
2024-12-24 23:04:45,2024-12-25 22:12:00,UTC-05:00,Have an injury or wound?,false,
2024-12-24 23:04:45,2024-12-25 22:12:00,UTC-05:00,Took prescription sleep medication?,false,
2024-12-24 23:04:45,2024-12-25 22:12:00,UTC-05:00,Have any alcoholic drinks?,false,
2024-12-24 23:04:45,2024-12-25 22:12:00,UTC-05:00,Feeling sick or ill?,false,
2024-12-24 23:04:45,2024-12-25 22:12:00,UTC-05:00,Consumed caffeine?,false,
2024-12-24 23:04:45,2024-12-25 22:12:00,UTC-05:00,Viewed a screen device in bed?,false,
2024-12-24 23:04:45,2024-12-25 22:12:00,UTC-05:00,Read (non-screened device) while in bed?,false,
2024-12-24 23:04:45,2024-12-25 22:12:00,UTC-05:00,Shared your bed?,false,
2024-12-23 21:38:54,2024-12-24 23:04:45,UTC-05:00,Have any alcoholic drinks?,false,
2024-12-23 21:38:54,2024-12-24 23:04:45,UTC-05:00,Consumed caffeine?,false,
2024-12-23 21:38:54,2024-12-24 23:04:45,UTC-05:00,Viewed a screen device in bed?,false,
2024-12-23 21:38:54,2024-12-24 23:04:45,UTC-05:00,Have an injury or wound?,false,
2024-12-23 21:38:54,2024-12-24 23:04:45,UTC-05:00,Took prescription sleep medication?,false,
2024-12-23 21:38:54,2024-12-24 23:04:45,UTC-05:00,Read (non-screened device) while in bed?,false,
2024-12-23 21:38:54,2024-12-24 23:04:45,UTC-05:00,Shared your bed?,false,
2024-12-23 21:38:54,2024-12-24 23:04:45,UTC-05:00,Feeling sick or ill?,false,
2024-12-23 00:21:39,2024-12-23 21:38:54,UTC-05:00,Consumed caffeine?,false,
2024-12-23 00:21:39,2024-12-23 21:38:54,UTC-05:00,Viewed a screen device in bed?,false,
2024-12-23 00:21:39,2024-12-23 21:38:54,UTC-05:00,Have an injury or wound?,false,
2024-12-23 00:21:39,2024-12-23 21:38:54,UTC-05:00,Read (non-screened device) while in bed?,false,
2024-12-23 00:21:39,2024-12-23 21:38:54,UTC-05:00,Shared your bed?,false,
2024-12-23 00:21:39,2024-12-23 21:38:54,UTC-05:00,Feeling sick or ill?,false,
2024-12-23 00:21:39,2024-12-23 21:38:54,UTC-05:00,Have any alcoholic drinks?,false,
2024-12-23 00:21:39,2024-12-23 21:38:54,UTC-05:00,Took prescription sleep medication?,false,
2024-12-21 23:59:13,2024-12-23 00:21:39,UTC-05:00,Have an injury or wound?,false,
2024-12-21 23:59:13,2024-12-23 00:21:39,UTC-05:00,Took prescription sleep medication?,false,
2024-12-21 23:59:13,2024-12-23 00:21:39,UTC-05:00,Viewed a screen device in bed?,false,
2024-12-21 23:59:13,2024-12-23 00:21:39,UTC-05:00,Read (non-screened device) while in bed?,false,
2024-12-21 23:59:13,2024-12-23 00:21:39,UTC-05:00,Shared your bed?,false,
2024-12-21 23:59:13,2024-12-23 00:21:39,UTC-05:00,Feeling sick or ill?,false,
2024-12-21 23:59:13,2024-12-23 00:21:39,UTC-05:00,Have any alcoholic drinks?,true,
2024-12-21 23:59:13,2024-12-23 00:21:39,UTC-05:00,Consumed caffeine?,false,
2024-12-21 01:37:09,2024-12-21 23:59:13,UTC-05:00,Consumed caffeine?,false,
2024-12-21 01:37:09,2024-12-21 23:59:13,UTC-05:00,Viewed a screen device in bed?,false,
2024-12-21 01:37:09,2024-12-21 23:59:13,UTC-05:00,Have an injury or wound?,false,
2024-12-21 01:37:09,2024-12-21 23:59:13,UTC-05:00,Read (non-screened device) while in bed?,false,
2024-12-21 01:37:09,2024-12-21 23:59:13,UTC-05:00,Shared your bed?,false,
2024-12-21 01:37:09,2024-12-21 23:59:13,UTC-05:00,Feeling sick or ill?,false,
2024-12-21 01:37:09,2024-12-21 23:59:13,UTC-05:00,Have any alcoholic drinks?,true,
2024-12-21 01:37:09,2024-12-21 23:59:13,UTC-05:00,Took prescription sleep medication?,false,
2024-12-19 23:27:19,2024-12-21 01:37:09,UTC-05:00,Have an injury or wound?,false,
2024-12-19 23:27:19,2024-12-21 01:37:09,UTC-05:00,Took prescription sleep medication?,false,
2024-12-19 23:27:19,2024-12-21 01:37:09,UTC-05:00,Viewed a screen device in bed?,false,
2024-12-19 23:27:19,2024-12-21 01:37:09,UTC-05:00,Read (non-screened device) while in bed?,false,
2024-12-19 23:27:19,2024-12-21 01:37:09,UTC-05:00,Feeling sick or ill?,false,
2024-12-19 23:27:19,2024-12-21 01:37:09,UTC-05:00,Have any alcoholic drinks?,false,
2024-12-19 23:27:19,2024-12-21 01:37:09,UTC-05:00,Consumed caffeine?,false,
2024-12-19 23:27:19,2024-12-21 01:37:09,UTC-05:00,Have any alcoholic drinks?,false,
2024-12-19 00:36:29,2024-12-19 23:27:19,UTC-05:00,Shared your bed?,false,
2024-12-19 00:36:29,2024-12-19 23:27:19,UTC-05:00,Feeling sick or ill?,false,
2024-12-19 00:36:29,2024-12-19 23:27:19,UTC-05:00,Read (non-screened device) while in bed?,false,
2024-12-19 00:36:29,2024-12-19 23:27:19,UTC-05:00,Took prescription sleep medication?,false,
2024-12-19 00:36:29,2024-12-19 23:27:19,UTC-05:00,Have an injury or wound?,false,
2024-12-19 00:36:29,2024-12-19 23:27:19,UTC-05:00,Viewed a screen device in bed?,false,
2024-12-19 00:36:29,2024-12-19 23:27:19,UTC-05:00,Consumed caffeine?,false,
2024-12-19 00:36:29,2024-12-19 23:27:19,UTC-05:00,Have any alcoholic drinks?,true,
2024-12-17 23:04:18,2024-12-19 00:36:29,UTC-05:00,Shared your bed?,false,
2024-12-17 23:04:18,2024-12-19 00:36:29,UTC-05:00,Feeling sick or ill?,false,
2024-12-17 23:04:18,2024-12-19 00:36:29,UTC-05:00,Read (non-screened device) while in bed?,false,
2024-12-17 23:04:18,2024-12-19 00:36:29,UTC-05:00,Took prescription sleep medication?,false,
2024-12-17 23:04:18,2024-12-19 00:36:29,UTC-05:00,Have an injury or wound?,false,
2024-12-17 23:04:18,2024-12-19 00:36:29,UTC-05:00,Viewed a screen device in bed?,false,
2024-12-17 23:04:18,2024-12-19 00:36:29,UTC-05:00,Consumed caffeine?,false,
2024-12-17 23:04:18,2024-12-19 00:36:29,UTC-05:00,Have any alcoholic drinks?,false,
2024-12-16 23:10:33,2024-12-17 23:04:18,UTC-05:00,Shared your bed?,false,
2024-12-16 23:10:33,2024-12-17 23:04:18,UTC-05:00,Feeling sick or ill?,false,
2024-12-16 23:10:33,2024-12-17 23:04:18,UTC-05:00,Read (non-screened device) while in bed?,false,
2024-12-16 23:10:33,2024-12-17 23:04:18,UTC-05:00,Took prescription sleep medication?,false,
2024-12-16 23:10:33,2024-12-17 23:04:18,UTC-05:00,Have an injury or wound?,false,
2024-12-16 23:10:33,2024-12-17 23:04:18,UTC-05:00,Viewed a screen device in bed?,false,
2024-12-16 23:10:33,2024-12-17 23:04:18,UTC-05:00,Consumed caffeine?,false,
2024-12-16 23:10:33,2024-12-17 23:04:18,UTC-05:00,Have any alcoholic drinks?,false,
2024-12-16 00:13:00,2024-12-16 23:10:33,UTC-05:00,Shared your bed?,false,
2024-12-16 00:13:00,2024-12-16 23:10:33,UTC-05:00,Feeling sick or ill?,false,
2024-12-16 00:13:00,2024-12-16 23:10:33,UTC-05:00,Read (non-screened device) while in bed?,false,
2024-12-16 00:13:00,2024-12-16 23:10:33,UTC-05:00,Took prescription sleep medication?,false,
2024-12-16 00:13:00,2024-12-16 23:10:33,UTC-05:00,Have an injury or wound?,false,
2024-12-16 00:13:00,2024-12-16 23:10:33,UTC-05:00,Viewed a screen device in bed?,false,
2024-12-16 00:13:00,2024-12-16 23:10:33,UTC-05:00,Consumed caffeine?,false,
2024-12-16 00:13:00,2024-12-16 23:10:33,UTC-05:00,Have any alcoholic drinks?,true,
2024-12-14 23:08:12,2024-12-16 00:13:00,UTC-05:00,Shared your bed?,false,
2024-12-14 23:08:12,2024-12-16 00:13:00,UTC-05:00,Feeling sick or ill?,false,
2024-12-14 23:08:12,2024-12-16 00:13:00,UTC-05:00,Read (non-screened device) while in bed?,false,
2024-12-14 23:08:12,2024-12-16 00:13:00,UTC-05:00,Took prescription sleep medication?,false,
2024-12-14 23:08:12,2024-12-16 00:13:00,UTC-05:00,Have an injury or wound?,false,
2024-12-14 23:08:12,2024-12-16 00:13:00,UTC-05:00,Viewed a screen device in bed?,false,
2024-12-14 23:08:12,2024-12-16 00:13:00,UTC-05:00,Consumed caffeine?,false,
2024-12-14 23:08:12,2024-12-16 00:13:00,UTC-05:00,Have any alcoholic drinks?,true,
2024-12-14 00:42:17,2024-12-14 23:08:12,UTC-05:00,Shared your bed?,false,
2024-12-14 00:42:17,2024-12-14 23:08:12,UTC-05:00,Feeling sick or ill?,false,
2024-12-14 00:42:17,2024-12-14 23:08:12,UTC-05:00,Read (non-screened device) while in bed?,false,
2024-12-14 00:42:17,2024-12-14 23:08:12,UTC-05:00,Took prescription sleep medication?,false,
2024-12-14 00:42:17,2024-12-14 23:08:12,UTC-05:00,Have an injury or wound?,false,
2024-12-14 00:42:17,2024-12-14 23:08:12,UTC-05:00,Viewed a screen device in bed?,false,
2024-12-14 00:42:17,2024-12-14 23:08:12,UTC-05:00,Consumed caffeine?,false,
2024-12-14 00:42:17,2024-12-14 23:08:12,UTC-05:00,Have any alcoholic drinks?,true,
2024-12-12 23:00:48,2024-12-14 00:42:17,UTC-05:00,Shared your bed?,false,
2024-12-12 23:00:48,2024-12-14 00:42:17,UTC-05:00,Feeling sick or ill?,false,
2024-12-12 23:00:48,2024-12-14 00:42:17,UTC-05:00,Read (non-screened device) while in bed?,false,
2024-12-12 23:00:48,2024-12-14 00:42:17,UTC-05:00,Took prescription sleep medication?,false,
2024-12-12 23:00:48,2024-12-14 00:42:17,UTC-05:00,Have an injury or wound?,false,
2024-12-12 23:00:48,2024-12-14 00:42:17,UTC-05:00,Viewed a screen device in bed?,false,
2024-12-12 23:00:48,2024-12-14 00:42:17,UTC-05:00,Consumed caffeine?,false,
2024-12-12 23:00:48,2024-12-14 00:42:17,UTC-05:00,Have any alcoholic drinks?,false,
2024-12-11 22:04:49,2024-12-12 23:00:48,UTC-05:00,Shared your bed?,false,
2024-12-11 22:04:49,2024-12-12 23:00:48,UTC-05:00,Feeling sick or ill?,false,
2024-12-11 22:04:49,2024-12-12 23:00:48,UTC-05:00,Read (non-screened device) while in bed?,false,
2024-12-11 22:04:49,2024-12-12 23:00:48,UTC-05:00,Took prescription sleep medication?,false,
2024-12-11 22:04:49,2024-12-12 23:00:48,UTC-05:00,Have an injury or wound?,false,
2024-12-11 22:04:49,2024-12-12 23:00:48,UTC-05:00,Viewed a screen device in bed?,false,
2024-12-11 22:04:49,2024-12-12 23:00:48,UTC-05:00,Consumed caffeine?,false,
2024-12-11 22:04:49,2024-12-12 23:00:48,UTC-05:00,Have any alcoholic drinks?,false,
2024-12-10 23:51:21,2024-12-11 22:04:49,UTC-05:00,Shared your bed?,false,
2024-12-10 23:51:21,2024-12-11 22:04:49,UTC-05:00,Feeling sick or ill?,false,
2024-12-10 23:51:21,2024-12-11 22:04:49,UTC-05:00,Read (non-screened device) while in bed?,false,
2024-12-10 23:51:21,2024-12-11 22:04:49,UTC-05:00,Took prescription sleep medication?,false,
2024-12-10 23:51:21,2024-12-11 22:04:49,UTC-05:00,Have an injury or wound?,false,
2024-12-10 23:51:21,2024-12-11 22:04:49,UTC-05:00,Viewed a screen device in bed?,false,
2024-12-10 23:51:21,2024-12-11 22:04:49,UTC-05:00,Consumed caffeine?,false,
2024-12-10 23:51:21,2024-12-11 22:04:49,UTC-05:00,Have any alcoholic drinks?,false,
2024-12-09 23:22:49,2024-12-10 23:51:21,UTC-05:00,Shared your bed?,false,
2024-12-09 23:22:49,2024-12-10 23:51:21,UTC-05:00,Feeling sick or ill?,false,
2024-12-09 23:22:49,2024-12-10 23:51:21,UTC-05:00,Read (non-screened device) while in bed?,false,
2024-12-09 23:22:49,2024-12-10 23:51:21,UTC-05:00,Took prescription sleep medication?,false,
2024-12-09 23:22:49,2024-12-10 23:51:21,UTC-05:00,Have an injury or wound?,false,
2024-12-09 23:22:49,2024-12-10 23:51:21,UTC-05:00,Viewed a screen device in bed?,false,
2024-12-09 23:22:49,2024-12-10 23:51:21,UTC-05:00,Consumed caffeine?,false,
2024-12-09 23:22:49,2024-12-10 23:51:21,UTC-05:00,Have any alcoholic drinks?,false,
2024-12-08 23:51:05,2024-12-09 23:22:49,UTC-05:00,Shared your bed?,false,
2024-12-08 23:51:05,2024-12-09 23:22:49,UTC-05:00,Feeling sick or ill?,false,
2024-12-08 23:51:05,2024-12-09 23:22:49,UTC-05:00,Read (non-screened device) while in bed?,false,
2024-12-08 23:51:05,2024-12-09 23:22:49,UTC-05:00,Took prescription sleep medication?,false,
2024-12-08 23:51:05,2024-12-09 23:22:49,UTC-05:00,Have an injury or wound?,false,
2024-12-08 23:51:05,2024-12-09 23:22:49,UTC-05:00,Viewed a screen device in bed?,false,
2024-12-08 23:51:05,2024-12-09 23:22:49,UTC-05:00,Consumed caffeine?,false,
2024-12-08 23:51:05,2024-12-09 23:22:49,UTC-05:00,Have any alcoholic drinks?,false,
2024-12-05 22:55:16,2024-12-06 22:53:59,UTC-05:00,Shared your bed?,false,
2024-12-05 22:55:16,2024-12-06 22:53:59,UTC-05:00,Feeling sick or ill?,false,
2024-12-05 22:55:16,2024-12-06 22:53:59,UTC-05:00,Read (non-screened device) while in bed?,false,
2024-12-05 22:55:16,2024-12-06 22:53:59,UTC-05:00,Took prescription sleep medication?,false,
2024-12-05 22:55:16,2024-12-06 22:53:59,UTC-05:00,Have an injury or wound?,false,
2024-12-05 22:55:16,2024-12-06 22:53:59,UTC-05:00,Viewed a screen device in bed?,false,
2024-12-05 22:55:16,2024-12-06 22:53:59,UTC-05:00,Consumed caffeine?,false,
2024-12-05 22:55:16,2024-12-06 22:53:59,UTC-05:00,Have any alcoholic drinks?,false,
2024-12-03 22:21:26,2024-12-04 22:21:26,UTC-05:00,Shared your bed?,false,
2024-12-03 22:21:26,2024-12-04 22:21:26,UTC-05:00,Feeling sick or ill?,false,
2024-12-03 22:21:26,2024-12-04 22:21:26,UTC-05:00,Read (non-screened device) while in bed?,false,
2024-12-03 22:21:26,2024-12-04 22:21:26,UTC-05:00,Took prescription sleep medication?,false,
2024-12-03 22:21:26,2024-12-04 22:21:26,UTC-05:00,Have an injury or wound?,false,
2024-12-03 22:21:26,2024-12-04 22:21:26,UTC-05:00,Viewed a screen device in bed?,false,
2024-12-03 22:21:26,2024-12-04 22:21:26,UTC-05:00,Consumed caffeine?,false,
2024-12-03 22:21:26,2024-12-04 22:21:26,UTC-05:00,Have any alcoholic drinks?,false,
2024-12-02 23:11:44,2024-12-03 22:21:26,UTC-05:00,Shared your bed?,false,
2024-12-02 23:11:44,2024-12-03 22:21:26,UTC-05:00,Feeling sick or ill?,false,
2024-12-02 23:11:44,2024-12-03 22:21:26,UTC-05:00,Read (non-screened device) while in bed?,false,
2024-12-02 23:11:44,2024-12-03 22:21:26,UTC-05:00,Took prescription sleep medication?,false,
2024-12-02 23:11:44,2024-12-03 22:21:26,UTC-05:00,Have an injury or wound?,false,
2024-12-02 23:11:44,2024-12-03 22:21:26,UTC-05:00,Viewed a screen device in bed?,false,
2024-12-02 23:11:44,2024-12-03 22:21:26,UTC-05:00,Consumed caffeine?,false,
2024-12-02 23:11:44,2024-12-03 22:21:26,UTC-05:00,Have any alcoholic drinks?,false,
2024-12-01 21:08:10,2024-12-02 23:11:44,UTC-05:00,Shared your bed?,false,
2024-12-01 21:08:10,2024-12-02 23:11:44,UTC-05:00,Feeling sick or ill?,false,
2024-12-01 21:08:10,2024-12-02 23:11:44,UTC-05:00,Read (non-screened device) while in bed?,false,
2024-12-01 21:08:10,2024-12-02 23:11:44,UTC-05:00,Took prescription sleep medication?,false,
2024-12-01 21:08:10,2024-12-02 23:11:44,UTC-05:00,Have an injury or wound?,false,
2024-12-01 21:08:10,2024-12-02 23:11:44,UTC-05:00,Viewed a screen device in bed?,false,
2024-12-01 21:08:10,2024-12-02 23:11:44,UTC-05:00,Consumed caffeine?,false,
2024-12-01 21:08:10,2024-12-02 23:11:44,UTC-05:00,Have any alcoholic drinks?,false,
2024-12-01 00:29:01,2024-12-01 21:08:10,UTC-05:00,Shared your bed?,false,
2024-12-01 00:29:01,2024-12-01 21:08:10,UTC-05:00,Feeling sick or ill?,false,
2024-12-01 00:29:01,2024-12-01 21:08:10,UTC-05:00,Read (non-screened device) while in bed?,false,
2024-12-01 00:29:01,2024-12-01 21:08:10,UTC-05:00,Took prescription sleep medication?,false,
2024-12-01 00:29:01,2024-12-01 21:08:10,UTC-05:00,Have an injury or wound?,false,
2024-12-01 00:29:01,2024-12-01 21:08:10,UTC-05:00,Viewed a screen device in bed?,false,
2024-12-01 00:29:01,2024-12-01 21:08:10,UTC-05:00,Consumed caffeine?,false,
2024-12-01 00:29:01,2024-12-01 21:08:10,UTC-05:00,Have any alcoholic drinks?,true,
2024-11-29 23:55:53,2024-12-01 00:29:01,UTC-05:00,Feeling sick or ill?,true,
2024-11-29 23:55:53,2024-12-01 00:29:01,UTC-05:00,Read (non-screened device) while in bed?,false,
2024-11-29 23:55:53,2024-12-01 00:29:01,UTC-05:00,Took prescription sleep medication?,false,
2024-11-29 23:55:53,2024-12-01 00:29:01,UTC-05:00,Have an injury or wound?,false,
2024-11-29 23:55:53,2024-12-01 00:29:01,UTC-05:00,Viewed a screen device in bed?,false,
2024-11-29 23:55:53,2024-12-01 00:29:01,UTC-05:00,Consumed caffeine?,false,
2024-11-29 23:55:53,2024-12-01 00:29:01,UTC-05:00,Have any alcoholic drinks?,true,
2024-11-29 23:55:53,2024-12-01 00:29:01,UTC-05:00,Shared your bed?,false,
2024-11-28 23:06:31,2024-11-29 23:55:53,UTC-05:00,Feeling sick or ill?,true,
2024-11-28 23:06:31,2024-11-29 23:55:53,UTC-05:00,Read (non-screened device) while in bed?,false,
2024-11-28 23:06:31,2024-11-29 23:55:53,UTC-05:00,Took prescription sleep medication?,false,
2024-11-28 23:06:31,2024-11-29 23:55:53,UTC-05:00,Have an injury or wound?,false,
2024-11-28 23:06:31,2024-11-29 23:55:53,UTC-05:00,Viewed a screen device in bed?,false,
2024-11-28 23:06:31,2024-11-29 23:55:53,UTC-05:00,Consumed caffeine?,false,
2024-11-28 23:06:31,2024-11-29 23:55:53,UTC-05:00,Have any alcoholic drinks?,false,
2024-11-28 23:06:31,2024-11-29 23:55:53,UTC-05:00,Shared your bed?,false,
2024-11-27 23:06:09,2024-11-28 23:06:31,UTC-05:00,Feeling sick or ill?,false,
2024-11-27 23:06:09,2024-11-28 23:06:31,UTC-05:00,Read (non-screened device) while in bed?,false,
2024-11-27 23:06:09,2024-11-28 23:06:31,UTC-05:00,Took prescription sleep medication?,false,
2024-11-27 23:06:09,2024-11-28 23:06:31,UTC-05:00,Have an injury or wound?,false,
2024-11-27 23:06:09,2024-11-28 23:06:31,UTC-05:00,Viewed a screen device in bed?,false,
2024-11-27 23:06:09,2024-11-28 23:06:31,UTC-05:00,Consumed caffeine?,false,
2024-11-27 23:06:09,2024-11-28 23:06:31,UTC-05:00,Have any alcoholic drinks?,false,
2024-11-27 23:06:09,2024-11-28 23:06:31,UTC-05:00,Shared your bed?,false,
2024-11-26 23:26:06,2024-11-27 23:06:09,UTC-05:00,Feeling sick or ill?,false,
2024-11-26 23:26:06,2024-11-27 23:06:09,UTC-05:00,Read (non-screened device) while in bed?,false,
2024-11-26 23:26:06,2024-11-27 23:06:09,UTC-05:00,Took prescription sleep medication?,false,
2024-11-26 23:26:06,2024-11-27 23:06:09,UTC-05:00,Have an injury or wound?,false,
2024-11-26 23:26:06,2024-11-27 23:06:09,UTC-05:00,Consumed caffeine?,false,
2024-11-26 23:26:06,2024-11-27 23:06:09,UTC-05:00,Have any alcoholic drinks?,true,
2024-11-26 23:26:06,2024-11-27 23:06:09,UTC-05:00,Shared your bed?,false,
2024-11-26 23:26:06,2024-11-27 23:06:09,UTC-05:00,Viewed a screen device in bed?,false,
2024-11-25 23:15:28,2024-11-26 23:26:06,UTC-05:00,Feeling sick or ill?,false,
2024-11-25 23:15:28,2024-11-26 23:26:06,UTC-05:00,Read (non-screened device) while in bed?,false,
2024-11-25 23:15:28,2024-11-26 23:26:06,UTC-05:00,Took prescription sleep medication?,false,
2024-11-25 23:15:28,2024-11-26 23:26:06,UTC-05:00,Have an injury or wound?,false,
2024-11-25 23:15:28,2024-11-26 23:26:06,UTC-05:00,Viewed a screen device in bed?,false,
2024-11-25 23:15:28,2024-11-26 23:26:06,UTC-05:00,Consumed caffeine?,false,
2024-11-25 23:15:28,2024-11-26 23:26:06,UTC-05:00,Have any alcoholic drinks?,false,
2024-11-25 23:15:28,2024-11-26 23:26:06,UTC-05:00,Shared your bed?,false,
2024-11-24 22:53:55,2024-11-25 23:15:28,UTC-05:00,Shared your bed?,false,
2024-11-24 22:53:55,2024-11-25 23:15:28,UTC-05:00,Feeling sick or ill?,false,
2024-11-24 22:53:55,2024-11-25 23:15:28,UTC-05:00,Read (non-screened device) while in bed?,false,
2024-11-24 22:53:55,2024-11-25 23:15:28,UTC-05:00,Took prescription sleep medication?,false,
2024-11-24 22:53:55,2024-11-25 23:15:28,UTC-05:00,Have an injury or wound?,false,
2024-11-24 22:53:55,2024-11-25 23:15:28,UTC-05:00,Viewed a screen device in bed?,false,
2024-11-24 22:53:55,2024-11-25 23:15:28,UTC-05:00,Consumed caffeine?,false,
2024-11-24 22:53:55,2024-11-25 23:15:28,UTC-05:00,Have any alcoholic drinks?,true,
2024-11-24 07:01:28,2024-11-24 22:53:55,UTC-05:00,Shared your bed?,false,
2024-11-24 07:01:28,2024-11-24 22:53:55,UTC-05:00,Feeling sick or ill?,false,
2024-11-24 07:01:28,2024-11-24 22:53:55,UTC-05:00,Read (non-screened device) while in bed?,false,
2024-11-24 07:01:28,2024-11-24 22:53:55,UTC-05:00,Took prescription sleep medication?,false,
2024-11-24 07:01:28,2024-11-24 22:53:55,UTC-05:00,Have an injury or wound?,false,
2024-11-24 07:01:28,2024-11-24 22:53:55,UTC-05:00,Viewed a screen device in bed?,false,
2024-11-24 07:01:28,2024-11-24 22:53:55,UTC-05:00,Consumed caffeine?,false,
2024-11-24 07:01:28,2024-11-24 22:53:55,UTC-05:00,Have any alcoholic drinks?,true,
2024-11-23 05:44:30,2024-11-24 07:01:28,UTC-05:00,Shared your bed?,false,
2024-11-23 05:44:30,2024-11-24 07:01:28,UTC-05:00,Viewed a screen device in bed?,false,
2024-11-23 05:44:30,2024-11-24 07:01:28,UTC-05:00,Feeling sick or ill?,false,
2024-11-23 05:44:30,2024-11-24 07:01:28,UTC-05:00,Read (non-screened device) while in bed?,false,
2024-11-23 05:44:30,2024-11-24 07:01:28,UTC-05:00,Took prescription sleep medication?,false,
2024-11-23 05:44:30,2024-11-24 07:01:28,UTC-05:00,Have an injury or wound?,false,
2024-11-23 05:44:30,2024-11-24 07:01:28,UTC-05:00,Consumed caffeine?,false,
2024-11-23 05:44:30,2024-11-24 07:01:28,UTC-05:00,Have any alcoholic drinks?,true,
2024-11-21 22:45:58,2024-11-23 05:44:30,UTC-05:00,Shared your bed?,false,
2024-11-21 22:45:58,2024-11-23 05:44:30,UTC-05:00,Feeling sick or ill?,false,
2024-11-21 22:45:58,2024-11-23 05:44:30,UTC-05:00,Read (non-screened device) while in bed?,false,
2024-11-21 22:45:58,2024-11-23 05:44:30,UTC-05:00,Took prescription sleep medication?,false,
2024-11-21 22:45:58,2024-11-23 05:44:30,UTC-05:00,Have an injury or wound?,false,
2024-11-21 22:45:58,2024-11-23 05:44:30,UTC-05:00,Viewed a screen device in bed?,false,
2024-11-21 22:45:58,2024-11-23 05:44:30,UTC-05:00,Consumed caffeine?,false,
2024-11-21 22:45:58,2024-11-23 05:44:30,UTC-05:00,Have any alcoholic drinks?,false,
2024-11-20 22:24:06,2024-11-21 22:45:58,UTC-05:00,Shared your bed?,false,
2024-11-20 22:24:06,2024-11-21 22:45:58,UTC-05:00,Feeling sick or ill?,false,
2024-11-20 22:24:06,2024-11-21 22:45:58,UTC-05:00,Read (non-screened device) while in bed?,false,
2024-11-20 22:24:06,2024-11-21 22:45:58,UTC-05:00,Took prescription sleep medication?,false,
2024-11-20 22:24:06,2024-11-21 22:45:58,UTC-05:00,Have an injury or wound?,false,
2024-11-20 22:24:06,2024-11-21 22:45:58,UTC-05:00,Viewed a screen device in bed?,false,
2024-11-20 22:24:06,2024-11-21 22:45:58,UTC-05:00,Consumed caffeine?,false,
2024-11-20 22:24:06,2024-11-21 22:45:58,UTC-05:00,Have any alcoholic drinks?,false,
2024-11-19 21:33:23,2024-11-20 22:24:06,UTC-05:00,Feeling sick or ill?,false,
2024-11-19 21:33:23,2024-11-20 22:24:06,UTC-05:00,Read (non-screened device) while in bed?,false,
2024-11-19 21:33:23,2024-11-20 22:24:06,UTC-05:00,Took prescription sleep medication?,false,
2024-11-19 21:33:23,2024-11-20 22:24:06,UTC-05:00,Have an injury or wound?,false,
2024-11-19 21:33:23,2024-11-20 22:24:06,UTC-05:00,Viewed a screen device in bed?,false,
2024-11-19 21:33:23,2024-11-20 22:24:06,UTC-05:00,Consumed caffeine?,false,
2024-11-19 21:33:23,2024-11-20 22:24:06,UTC-05:00,Have any alcoholic drinks?,true,
2024-11-19 21:33:23,2024-11-20 22:24:06,UTC-05:00,Shared your bed?,false,
2024-11-18 22:09:27,2024-11-19 21:33:23,UTC-05:00,Feeling sick or ill?,false,
2024-11-18 22:09:27,2024-11-19 21:33:23,UTC-05:00,Read (non-screened device) while in bed?,false,
2024-11-18 22:09:27,2024-11-19 21:33:23,UTC-05:00,Took prescription sleep medication?,false,
2024-11-18 22:09:27,2024-11-19 21:33:23,UTC-05:00,Have an injury or wound?,false,
2024-11-18 22:09:27,2024-11-19 21:33:23,UTC-05:00,Consumed caffeine?,false,
2024-11-18 22:09:27,2024-11-19 21:33:23,UTC-05:00,Have any alcoholic drinks?,false,
2024-11-18 22:09:27,2024-11-19 21:33:23,UTC-05:00,Shared your bed?,false,
2024-11-18 22:09:27,2024-11-19 21:33:23,UTC-05:00,Viewed a screen device in bed?,false,
2024-11-17 22:07:24,2024-11-18 22:09:27,UTC-05:00,Viewed a screen device in bed?,false,
2024-11-17 22:07:24,2024-11-18 22:09:27,UTC-05:00,Feeling sick or ill?,false,
2024-11-17 22:07:24,2024-11-18 22:09:27,UTC-05:00,Read (non-screened device) while in bed?,false,
2024-11-17 22:07:24,2024-11-18 22:09:27,UTC-05:00,Took prescription sleep medication?,false,
2024-11-17 22:07:24,2024-11-18 22:09:27,UTC-05:00,Have an injury or wound?,false,
2024-11-17 22:07:24,2024-11-18 22:09:27,UTC-05:00,Consumed caffeine?,false,
2024-11-17 22:07:24,2024-11-18 22:09:27,UTC-05:00,Have any alcoholic drinks?,true,
2024-11-17 22:07:24,2024-11-18 22:09:27,UTC-05:00,Shared your bed?,false,
2024-11-16 23:10:11,2024-11-17 22:07:24,UTC-05:00,Shared your bed?,false,
2024-11-16 23:10:11,2024-11-17 22:07:24,UTC-05:00,Viewed a screen device in bed?,false,
2024-11-16 23:10:11,2024-11-17 22:07:24,UTC-05:00,Feeling sick or ill?,false,
2024-11-16 23:10:11,2024-11-17 22:07:24,UTC-05:00,Read (non-screened device) while in bed?,false,
2024-11-16 23:10:11,2024-11-17 22:07:24,UTC-05:00,Took prescription sleep medication?,false,
2024-11-16 23:10:11,2024-11-17 22:07:24,UTC-05:00,Have an injury or wound?,false,
2024-11-16 23:10:11,2024-11-17 22:07:24,UTC-05:00,Consumed caffeine?,false,
2024-11-16 23:10:11,2024-11-17 22:07:24,UTC-05:00,Have any alcoholic drinks?,true,
2024-11-15 23:03:52,2024-11-16 23:10:11,UTC-05:00,Shared your bed?,false,
2024-11-15 23:03:52,2024-11-16 23:10:11,UTC-05:00,Viewed a screen device in bed?,false,
2024-11-15 23:03:52,2024-11-16 23:10:11,UTC-05:00,Feeling sick or ill?,false,
2024-11-15 23:03:52,2024-11-16 23:10:11,UTC-05:00,Read (non-screened device) while in bed?,false,
2024-11-15 23:03:52,2024-11-16 23:10:11,UTC-05:00,Took prescription sleep medication?,false,
2024-11-15 23:03:52,2024-11-16 23:10:11,UTC-05:00,Have an injury or wound?,false,
2024-11-15 23:03:52,2024-11-16 23:10:11,UTC-05:00,Consumed caffeine?,false,
2024-11-15 23:03:52,2024-11-16 23:10:11,UTC-05:00,Have any alcoholic drinks?,true,
2024-11-15 00:04:33,2024-11-15 23:03:52,UTC-05:00,Feeling sick or ill?,false,
2024-11-15 00:04:33,2024-11-15 23:03:52,UTC-05:00,Read (non-screened device) while in bed?,false,
2024-11-15 00:04:33,2024-11-15 23:03:52,UTC-05:00,Took prescription sleep medication?,false,
2024-11-15 00:04:33,2024-11-15 23:03:52,UTC-05:00,Have an injury or wound?,false,
2024-11-15 00:04:33,2024-11-15 23:03:52,UTC-05:00,Consumed caffeine?,false,
2024-11-15 00:04:33,2024-11-15 23:03:52,UTC-05:00,Have any alcoholic drinks?,true,
2024-11-15 00:04:33,2024-11-15 23:03:52,UTC-05:00,Viewed a screen device in bed?,false,
2024-11-15 00:04:33,2024-11-15 23:03:52,UTC-05:00,Shared your bed?,false,
2024-11-13 22:21:24,2024-11-15 00:04:33,UTC-05:00,Feeling sick or ill?,false,
2024-11-13 22:21:24,2024-11-15 00:04:33,UTC-05:00,Read (non-screened device) while in bed?,false,
2024-11-13 22:21:24,2024-11-15 00:04:33,UTC-05:00,Took prescription sleep medication?,false,
2024-11-13 22:21:24,2024-11-15 00:04:33,UTC-05:00,Have an injury or wound?,false,
2024-11-13 22:21:24,2024-11-15 00:04:33,UTC-05:00,Viewed a screen device in bed?,false,
2024-11-13 22:21:24,2024-11-15 00:04:33,UTC-05:00,Consumed caffeine?,false,
2024-11-13 22:21:24,2024-11-15 00:04:33,UTC-05:00,Have any alcoholic drinks?,false,
2024-11-13 22:21:24,2024-11-15 00:04:33,UTC-05:00,Shared your bed?,false,
2024-11-12 22:33:21,2024-11-13 22:21:24,UTC-05:00,Viewed a screen device in bed?,false,
2024-11-12 22:33:21,2024-11-13 22:21:24,UTC-05:00,Shared your bed?,false,
2024-11-12 22:33:21,2024-11-13 22:21:24,UTC-05:00,Feeling sick or ill?,false,
2024-11-12 22:33:21,2024-11-13 22:21:24,UTC-05:00,Read (non-screened device) while in bed?,false,
2024-11-12 22:33:21,2024-11-13 22:21:24,UTC-05:00,Took prescription sleep medication?,false,
2024-11-12 22:33:21,2024-11-13 22:21:24,UTC-05:00,Have an injury or wound?,false,
2024-11-12 22:33:21,2024-11-13 22:21:24,UTC-05:00,Consumed caffeine?,false,
2024-11-12 22:33:21,2024-11-13 22:21:24,UTC-05:00,Have any alcoholic drinks?,false,
2024-11-11 22:40:58,2024-11-12 22:33:21,UTC-05:00,Viewed a screen device in bed?,false,
2024-11-11 22:40:58,2024-11-12 22:33:21,UTC-05:00,Feeling sick or ill?,false,
2024-11-11 22:40:58,2024-11-12 22:33:21,UTC-05:00,Read (non-screened device) while in bed?,false,
2024-11-11 22:40:58,2024-11-12 22:33:21,UTC-05:00,Took prescription sleep medication?,false,
2024-11-11 22:40:58,2024-11-12 22:33:21,UTC-05:00,Have an injury or wound?,false,
2024-11-11 22:40:58,2024-11-12 22:33:21,UTC-05:00,Consumed caffeine?,false,
2024-11-11 22:40:58,2024-11-12 22:33:21,UTC-05:00,Have any alcoholic drinks?,false,
2024-11-11 22:40:58,2024-11-12 22:33:21,UTC-05:00,Shared your bed?,false,
2024-11-10 22:26:43,2024-11-11 22:40:58,UTC-05:00,Read (non-screened device) while in bed?,false,
2024-11-10 22:26:43,2024-11-11 22:40:58,UTC-05:00,Shared your bed?,false,
2024-11-10 22:26:43,2024-11-11 22:40:58,UTC-05:00,Took prescription sleep medication?,false,
2024-11-10 22:26:43,2024-11-11 22:40:58,UTC-05:00,Feeling sick or ill?,false,
2024-11-10 22:26:43,2024-11-11 22:40:58,UTC-05:00,Viewed a screen device in bed?,false,
2024-11-10 22:26:43,2024-11-11 22:40:58,UTC-05:00,Have an injury or wound?,false,
2024-11-10 22:26:43,2024-11-11 22:40:58,UTC-05:00,Consumed caffeine?,false,
2024-11-10 22:26:43,2024-11-11 22:40:58,UTC-05:00,Have any alcoholic drinks?,false,
2024-11-09 20:06:59,2024-11-10 22:26:43,UTC-05:00,Have any alcoholic drinks?,true,
2024-11-09 20:06:59,2024-11-10 22:26:43,UTC-05:00,Read (non-screened device) while in bed?,false,
2024-11-09 20:06:59,2024-11-10 22:26:43,UTC-05:00,Consumed caffeine?,false,
2024-11-09 20:06:59,2024-11-10 22:26:43,UTC-05:00,Have an injury or wound?,false,
2024-11-09 20:06:59,2024-11-10 22:26:43,UTC-05:00,Took prescription sleep medication?,false,
2024-11-09 20:06:59,2024-11-10 22:26:43,UTC-05:00,Shared your bed?,false,
2024-11-09 20:06:59,2024-11-10 22:26:43,UTC-05:00,Feeling sick or ill?,false,
2024-11-09 20:06:59,2024-11-10 22:26:43,UTC-05:00,Viewed a screen device in bed?,false,
2024-11-08 23:48:33,2024-11-09 20:06:59,UTC-05:00,Have any alcoholic drinks?,true,
2024-11-08 23:48:33,2024-11-09 20:06:59,UTC-05:00,Consumed caffeine?,false,
2024-11-08 23:48:33,2024-11-09 20:06:59,UTC-05:00,Viewed a screen device in bed?,false,
2024-11-08 23:48:33,2024-11-09 20:06:59,UTC-05:00,Have an injury or wound?,false,
2024-11-08 23:48:33,2024-11-09 20:06:59,UTC-05:00,Took prescription sleep medication?,false,
2024-11-08 23:48:33,2024-11-09 20:06:59,UTC-05:00,Read (non-screened device) while in bed?,false,
2024-11-08 23:48:33,2024-11-09 20:06:59,UTC-05:00,Shared your bed?,false,
2024-11-08 23:48:33,2024-11-09 20:06:59,UTC-05:00,Feeling sick or ill?,false,
2024-11-07 23:36:44,2024-11-08 23:48:33,UTC-05:00,Consumed caffeine?,false,
2024-11-07 23:36:44,2024-11-08 23:48:33,UTC-05:00,Have an injury or wound?,false,
2024-11-07 23:36:44,2024-11-08 23:48:33,UTC-05:00,Took prescription sleep medication?,false,
2024-11-07 23:36:44,2024-11-08 23:48:33,UTC-05:00,Have any alcoholic drinks?,false,
2024-11-07 23:36:44,2024-11-08 23:48:33,UTC-05:00,Viewed a screen device in bed?,false,
2024-11-07 23:36:44,2024-11-08 23:48:33,UTC-05:00,Read (non-screened device) while in bed?,false,
2024-11-07 23:36:44,2024-11-08 23:48:33,UTC-05:00,Feeling sick or ill?,false,
2024-11-07 23:36:44,2024-11-08 23:48:33,UTC-05:00,Shared your bed?,false,
2024-11-07 00:40:52,2024-11-07 23:36:44,UTC-05:00,Have any alcoholic drinks?,false,
2024-11-07 00:40:52,2024-11-07 23:36:44,UTC-05:00,Consumed caffeine?,false,
2024-11-07 00:40:52,2024-11-07 23:36:44,UTC-05:00,Viewed a screen device in bed?,false,
2024-11-07 00:40:52,2024-11-07 23:36:44,UTC-05:00,Have an injury or wound?,false,
2024-11-07 00:40:52,2024-11-07 23:36:44,UTC-05:00,Took prescription sleep medication?,false,
2024-11-07 00:40:52,2024-11-07 23:36:44,UTC-05:00,Read (non-screened device) while in bed?,false,
2024-11-07 00:40:52,2024-11-07 23:36:44,UTC-05:00,Shared your bed?,false,
2024-11-07 00:40:52,2024-11-07 23:36:44,UTC-05:00,Feeling sick or ill?,false,
2024-11-05 21:25:41,2024-11-07 00:40:52,UTC-05:00,Consumed caffeine?,false,
2024-11-05 21:25:41,2024-11-07 00:40:52,UTC-05:00,Viewed a screen device in bed?,false,
2024-11-05 21:25:41,2024-11-07 00:40:52,UTC-05:00,Have an injury or wound?,false,
2024-11-05 21:25:41,2024-11-07 00:40:52,UTC-05:00,Have any alcoholic drinks?,false,
2024-11-05 21:25:41,2024-11-07 00:40:52,UTC-05:00,Took prescription sleep medication?,false,
2024-11-05 21:25:41,2024-11-07 00:40:52,UTC-05:00,Read (non-screened device) while in bed?,false,
2024-11-05 21:25:41,2024-11-07 00:40:52,UTC-05:00,Shared your bed?,false,
2024-11-05 21:25:41,2024-11-07 00:40:52,UTC-05:00,Feeling sick or ill?,false,
2024-11-04 21:48:37,2024-11-05 21:25:41,UTC-05:00,Consumed caffeine?,false,
2024-11-04 21:48:37,2024-11-05 21:25:41,UTC-05:00,Read (non-screened device) while in bed?,false,
2024-11-04 21:48:37,2024-11-05 21:25:41,UTC-05:00,Have any alcoholic drinks?,false,
2024-11-04 21:48:37,2024-11-05 21:25:41,UTC-05:00,Viewed a screen device in bed?,false,
2024-11-04 21:48:37,2024-11-05 21:25:41,UTC-05:00,Shared your bed?,false,
2024-11-04 21:48:37,2024-11-05 21:25:41,UTC-05:00,Feeling sick or ill?,false,
2024-11-04 21:48:37,2024-11-05 21:25:41,UTC-05:00,Took prescription sleep medication?,false,
2024-11-04 21:48:37,2024-11-05 21:25:41,UTC-05:00,Have an injury or wound?,false,
2024-11-03 21:25:46,2024-11-04 21:48:37,UTC-05:00,Have any alcoholic drinks?,false,
2024-11-03 21:25:46,2024-11-04 21:48:37,UTC-05:00,Consumed caffeine?,false,
2024-11-03 21:25:46,2024-11-04 21:48:37,UTC-05:00,Viewed a screen device in bed?,false,
2024-11-03 21:25:46,2024-11-04 21:48:37,UTC-05:00,Have an injury or wound?,false,
2024-11-03 21:25:46,2024-11-04 21:48:37,UTC-05:00,Feeling sick or ill?,false,
2024-11-03 21:25:46,2024-11-04 21:48:37,UTC-05:00,Took prescription sleep medication?,false,
2024-11-03 21:25:46,2024-11-04 21:48:37,UTC-05:00,Read (non-screened device) while in bed?,false,
2024-11-03 21:25:46,2024-11-04 21:48:37,UTC-05:00,Shared your bed?,false,
2024-11-03 05:08:48,2024-11-03 21:25:46,UTC-05:00,Have any alcoholic drinks?,false,
2024-11-03 05:08:48,2024-11-03 21:25:46,UTC-05:00,Consumed caffeine?,false,
2024-11-03 05:08:48,2024-11-03 21:25:46,UTC-05:00,Viewed a screen device in bed?,false,
2024-11-03 05:08:48,2024-11-03 21:25:46,UTC-05:00,Read (non-screened device) while in bed?,false,
2024-11-03 05:08:48,2024-11-03 21:25:46,UTC-05:00,Shared your bed?,false,
2024-11-03 05:08:48,2024-11-03 21:25:46,UTC-05:00,Feeling sick or ill?,false,
2024-11-03 05:08:48,2024-11-03 21:25:46,UTC-05:00,Took prescription sleep medication?,false,
2024-11-03 05:08:48,2024-11-03 21:25:46,UTC-05:00,Have an injury or wound?,false,
2024-11-02 00:56:04,2024-11-03 06:08:48,UTC-04:00,Have any alcoholic drinks?,true,
2024-11-02 00:56:04,2024-11-03 06:08:48,UTC-04:00,Consumed caffeine?,false,
2024-11-02 00:56:04,2024-11-03 06:08:48,UTC-04:00,Viewed a screen device in bed?,false,
2024-11-02 00:56:04,2024-11-03 06:08:48,UTC-04:00,Read (non-screened device) while in bed?,false,
2024-11-02 00:56:04,2024-11-03 06:08:48,UTC-04:00,Shared your bed?,false,
2024-11-02 00:56:04,2024-11-03 06:08:48,UTC-04:00,Feeling sick or ill?,false,
2024-11-02 00:56:04,2024-11-03 06:08:48,UTC-04:00,Have an injury or wound?,false,
2024-11-02 00:56:04,2024-11-03 06:08:48,UTC-04:00,Took prescription sleep medication?,false,
2024-11-01 01:11:46,2024-11-02 00:56:04,UTC-04:00,Consumed caffeine?,false,
2024-11-01 01:11:46,2024-11-02 00:56:04,UTC-04:00,Viewed a screen device in bed?,false,
2024-11-01 01:11:46,2024-11-02 00:56:04,UTC-04:00,Have an injury or wound?,false,
2024-11-01 01:11:46,2024-11-02 00:56:04,UTC-04:00,Have any alcoholic drinks?,true,
2024-11-01 01:11:46,2024-11-02 00:56:04,UTC-04:00,Took prescription sleep medication?,false,
2024-11-01 01:11:46,2024-11-02 00:56:04,UTC-04:00,Read (non-screened device) while in bed?,false,
2024-11-01 01:11:46,2024-11-02 00:56:04,UTC-04:00,Shared your bed?,false,
2024-11-01 01:11:46,2024-11-02 00:56:04,UTC-04:00,Feeling sick or ill?,false,
2024-10-30 23:00:00,2024-11-01 01:11:46,UTC-04:00,Have any alcoholic drinks?,true,
2024-10-30 23:00:00,2024-11-01 01:11:46,UTC-04:00,Read (non-screened device) while in bed?,false,
2024-10-30 23:00:00,2024-11-01 01:11:46,UTC-04:00,Consumed caffeine?,false,
2024-10-30 23:00:00,2024-11-01 01:11:46,UTC-04:00,Have an injury or wound?,false,
2024-10-30 23:00:00,2024-11-01 01:11:46,UTC-04:00,Took prescription sleep medication?,false,
2024-10-30 23:00:00,2024-11-01 01:11:46,UTC-04:00,Shared your bed?,false,
2024-10-30 23:00:00,2024-11-01 01:11:46,UTC-04:00,Feeling sick or ill?,false,
2024-10-30 23:00:00,2024-11-01 01:11:46,UTC-04:00,Viewed a screen device in bed?,false,
2024-10-30 00:00:30,2024-10-30 23:00:00,UTC-04:00,Shared your bed?,false,
2024-10-30 00:00:30,2024-10-30 23:00:00,UTC-04:00,Feeling sick or ill?,false,
2024-10-30 00:00:30,2024-10-30 23:00:00,UTC-04:00,Have any alcoholic drinks?,false,
2024-10-30 00:00:30,2024-10-30 23:00:00,UTC-04:00,Consumed caffeine?,false,
2024-10-30 00:00:30,2024-10-30 23:00:00,UTC-04:00,Viewed a screen device in bed?,false,
2024-10-30 00:00:30,2024-10-30 23:00:00,UTC-04:00,Have an injury or wound?,false,
2024-10-30 00:00:30,2024-10-30 23:00:00,UTC-04:00,Took prescription sleep medication?,false,
2024-10-30 00:00:30,2024-10-30 23:00:00,UTC-04:00,Read (non-screened device) while in bed?,false,
2024-10-28 21:12:04,2024-10-30 00:00:30,UTC-04:00,Have any alcoholic drinks?,false,
2024-10-28 21:12:04,2024-10-30 00:00:30,UTC-04:00,Read (non-screened device) while in bed?,false,
2024-10-28 21:12:04,2024-10-30 00:00:30,UTC-04:00,Consumed caffeine?,false,
2024-10-28 21:12:04,2024-10-30 00:00:30,UTC-04:00,Have an injury or wound?,false,
2024-10-28 21:12:04,2024-10-30 00:00:30,UTC-04:00,Took prescription sleep medication?,false,
2024-10-28 21:12:04,2024-10-30 00:00:30,UTC-04:00,Shared your bed?,false,
2024-10-28 21:12:04,2024-10-30 00:00:30,UTC-04:00,Feeling sick or ill?,false,
2024-10-28 21:12:04,2024-10-30 00:00:30,UTC-04:00,Viewed a screen device in bed?,false,
2024-10-27 23:25:41,2024-10-28 21:12:04,UTC-04:00,Have any alcoholic drinks?,true,
2024-10-27 23:25:41,2024-10-28 21:12:04,UTC-04:00,Consumed caffeine?,false,
2024-10-27 23:25:41,2024-10-28 21:12:04,UTC-04:00,Viewed a screen device in bed?,false,
2024-10-27 23:25:41,2024-10-28 21:12:04,UTC-04:00,Have an injury or wound?,false,
2024-10-27 23:25:41,2024-10-28 21:12:04,UTC-04:00,Took prescription sleep medication?,false,
2024-10-27 23:25:41,2024-10-28 21:12:04,UTC-04:00,Read (non-screened device) while in bed?,false,
2024-10-27 23:25:41,2024-10-28 21:12:04,UTC-04:00,Shared your bed?,false,
2024-10-27 23:25:41,2024-10-28 21:12:04,UTC-04:00,Feeling sick or ill?,false,
2024-10-26 22:23:43,2024-10-27 23:25:41,UTC-04:00,Consumed caffeine?,false,
2024-10-26 22:23:43,2024-10-27 23:25:41,UTC-04:00,Have an injury or wound?,false,
2024-10-26 22:23:43,2024-10-27 23:25:41,UTC-04:00,Took prescription sleep medication?,false,
2024-10-26 22:23:43,2024-10-27 23:25:41,UTC-04:00,Have any alcoholic drinks?,false,
2024-10-26 22:23:43,2024-10-27 23:25:41,UTC-04:00,Viewed a screen device in bed?,false,
2024-10-26 22:23:43,2024-10-27 23:25:41,UTC-04:00,Read (non-screened device) while in bed?,false,
2024-10-26 22:23:43,2024-10-27 23:25:41,UTC-04:00,Feeling sick or ill?,false,
2024-10-26 22:23:43,2024-10-27 23:25:41,UTC-04:00,Shared your bed?,false,
2024-10-26 01:36:56,2024-10-26 22:23:43,UTC-04:00,Have any alcoholic drinks?,false,
2024-10-26 01:36:56,2024-10-26 22:23:43,UTC-04:00,Consumed caffeine?,false,
2024-10-26 01:36:56,2024-10-26 22:23:43,UTC-04:00,Viewed a screen device in bed?,false,
2024-10-26 01:36:56,2024-10-26 22:23:43,UTC-04:00,Have an injury or wound?,false,
2024-10-26 01:36:56,2024-10-26 22:23:43,UTC-04:00,Took prescription sleep medication?,false,
2024-10-26 01:36:56,2024-10-26 22:23:43,UTC-04:00,Read (non-screened device) while in bed?,false,
2024-10-26 01:36:56,2024-10-26 22:23:43,UTC-04:00,Shared your bed?,false,
2024-10-26 01:36:56,2024-10-26 22:23:43,UTC-04:00,Feeling sick or ill?,false,
2024-10-24 23:02:45,2024-10-26 01:36:56,UTC-04:00,Consumed caffeine?,false,
2024-10-24 23:02:45,2024-10-26 01:36:56,UTC-04:00,Have any alcoholic drinks?,true,
2024-10-24 23:02:45,2024-10-26 01:36:56,UTC-04:00,Viewed a screen device in bed?,false,
2024-10-24 23:02:45,2024-10-26 01:36:56,UTC-04:00,Have an injury or wound?,false,
2024-10-24 23:02:45,2024-10-26 01:36:56,UTC-04:00,Took prescription sleep medication?,false,
2024-10-24 23:02:45,2024-10-26 01:36:56,UTC-04:00,Read (non-screened device) while in bed?,false,
2024-10-24 23:02:45,2024-10-26 01:36:56,UTC-04:00,Shared your bed?,false,
2024-10-24 23:02:45,2024-10-26 01:36:56,UTC-04:00,Feeling sick or ill?,false,
2024-10-23 22:19:31,2024-10-24 23:02:45,UTC-04:00,Consumed caffeine?,false,
2024-10-23 22:19:31,2024-10-24 23:02:45,UTC-04:00,Read (non-screened device) while in bed?,false,
2024-10-23 22:19:31,2024-10-24 23:02:45,UTC-04:00,Have any alcoholic drinks?,false,
2024-10-23 22:19:31,2024-10-24 23:02:45,UTC-04:00,Viewed a screen device in bed?,false,
2024-10-23 22:19:31,2024-10-24 23:02:45,UTC-04:00,Shared your bed?,false,
2024-10-23 22:19:31,2024-10-24 23:02:45,UTC-04:00,Feeling sick or ill?,false,
2024-10-23 22:19:31,2024-10-24 23:02:45,UTC-04:00,Took prescription sleep medication?,false,
2024-10-23 22:19:31,2024-10-24 23:02:45,UTC-04:00,Have an injury or wound?,false,
2024-10-22 21:53:44,2024-10-23 22:19:31,UTC-04:00,Have any alcoholic drinks?,false,
2024-10-22 21:53:44,2024-10-23 22:19:31,UTC-04:00,Consumed caffeine?,false,
2024-10-22 21:53:44,2024-10-23 22:19:31,UTC-04:00,Viewed a screen device in bed?,false,
2024-10-22 21:53:44,2024-10-23 22:19:31,UTC-04:00,Have an injury or wound?,false,
2024-10-22 21:53:44,2024-10-23 22:19:31,UTC-04:00,Feeling sick or ill?,false,
2024-10-22 21:53:44,2024-10-23 22:19:31,UTC-04:00,Took prescription sleep medication?,false,
2024-10-22 21:53:44,2024-10-23 22:19:31,UTC-04:00,Read (non-screened device) while in bed?,false,
2024-10-22 21:53:44,2024-10-23 22:19:31,UTC-04:00,Shared your bed?,false,
2024-10-21 22:40:06,2024-10-22 21:53:44,UTC-04:00,Feeling sick or ill?,false,
2024-10-21 22:40:06,2024-10-22 21:53:44,UTC-04:00,Shared your bed?,false,
2024-10-21 22:40:06,2024-10-22 21:53:44,UTC-04:00,Have any alcoholic drinks?,false,
2024-10-21 22:40:06,2024-10-22 21:53:44,UTC-04:00,Consumed caffeine?,false,
2024-10-21 22:40:06,2024-10-22 21:53:44,UTC-04:00,Viewed a screen device in bed?,false,
2024-10-21 22:40:06,2024-10-22 21:53:44,UTC-04:00,Have an injury or wound?,false,
2024-10-21 22:40:06,2024-10-22 21:53:44,UTC-04:00,Took prescription sleep medication?,false,
2024-10-21 22:40:06,2024-10-22 21:53:44,UTC-04:00,Read (non-screened device) while in bed?,false,
2024-10-20 21:55:30,2024-10-21 22:40:06,UTC-04:00,Have any alcoholic drinks?,true,
2024-10-20 21:55:30,2024-10-21 22:40:06,UTC-04:00,Consumed caffeine?,false,
2024-10-20 21:55:30,2024-10-21 22:40:06,UTC-04:00,Viewed a screen device in bed?,false,
2024-10-20 21:55:30,2024-10-21 22:40:06,UTC-04:00,Have an injury or wound?,false,
2024-10-20 21:55:30,2024-10-21 22:40:06,UTC-04:00,Feeling sick or ill?,false,
2024-10-20 21:55:30,2024-10-21 22:40:06,UTC-04:00,Took prescription sleep medication?,false,
2024-10-20 21:55:30,2024-10-21 22:40:06,UTC-04:00,Read (non-screened device) while in bed?,false,
2024-10-20 21:55:30,2024-10-21 22:40:06,UTC-04:00,Shared your bed?,false,
2024-10-19 19:34:36,2024-10-20 21:55:30,UTC-04:00,Have any alcoholic drinks?,false,
2024-10-19 19:34:36,2024-10-20 21:55:30,UTC-04:00,Have an injury or wound?,false,
2024-10-19 19:34:36,2024-10-20 21:55:30,UTC-04:00,Took prescription sleep medication?,false,
2024-10-19 19:34:36,2024-10-20 21:55:30,UTC-04:00,Consumed caffeine?,false,
2024-10-19 19:34:36,2024-10-20 21:55:30,UTC-04:00,Read (non-screened device) while in bed?,false,
2024-10-19 19:34:36,2024-10-20 21:55:30,UTC-04:00,Shared your bed?,false,
2024-10-19 19:34:36,2024-10-20 21:55:30,UTC-04:00,Feeling sick or ill?,false,
2024-10-19 19:34:36,2024-10-20 21:55:30,UTC-04:00,Viewed a screen device in bed?,false,
2024-10-17 21:50:20,2024-10-19 00:00:00,UTC-04:00,Have any alcoholic drinks?,false,
2024-10-17 21:50:20,2024-10-19 00:00:00,UTC-04:00,Consumed caffeine?,false,
2024-10-17 21:50:20,2024-10-19 00:00:00,UTC-04:00,Viewed a screen device in bed?,false,
2024-10-17 21:50:20,2024-10-19 00:00:00,UTC-04:00,Read (non-screened device) while in bed?,false,
2024-10-17 21:50:20,2024-10-19 00:00:00,UTC-04:00,Shared your bed?,false,
2024-10-17 21:50:20,2024-10-19 00:00:00,UTC-04:00,Feeling sick or ill?,false,
2024-10-17 21:50:20,2024-10-19 00:00:00,UTC-04:00,Have an injury or wound?,false,
2024-10-17 21:50:20,2024-10-19 00:00:00,UTC-04:00,Took prescription sleep medication?,false,
2024-10-17 00:02:01,2024-10-17 21:50:20,UTC-04:00,Feeling sick or ill?,false,
2024-10-17 00:02:01,2024-10-17 21:50:20,UTC-04:00,Shared your bed?,false,
2024-10-17 00:02:01,2024-10-17 21:50:20,UTC-04:00,Consumed caffeine?,false,
2024-10-17 00:02:01,2024-10-17 21:50:20,UTC-04:00,Viewed a screen device in bed?,false,
2024-10-17 00:02:01,2024-10-17 21:50:20,UTC-04:00,Have an injury or wound?,false,
2024-10-17 00:02:01,2024-10-17 21:50:20,UTC-04:00,Have any alcoholic drinks?,false,
2024-10-17 00:02:01,2024-10-17 21:50:20,UTC-04:00,Took prescription sleep medication?,false,
2024-10-17 00:02:01,2024-10-17 21:50:20,UTC-04:00,Read (non-screened device) while in bed?,false,
2024-10-15 22:25:50,2024-10-17 00:02:01,UTC-04:00,Have any alcoholic drinks?,false,
2024-10-15 22:25:50,2024-10-17 00:02:01,UTC-04:00,Consumed caffeine?,false,
2024-10-15 22:25:50,2024-10-17 00:02:01,UTC-04:00,Viewed a screen device in bed?,false,
2024-10-15 22:25:50,2024-10-17 00:02:01,UTC-04:00,Read (non-screened device) while in bed?,false,
2024-10-15 22:25:50,2024-10-17 00:02:01,UTC-04:00,Shared your bed?,false,
2024-10-15 22:25:50,2024-10-17 00:02:01,UTC-04:00,Feeling sick or ill?,false,
2024-10-15 22:25:50,2024-10-17 00:02:01,UTC-04:00,Have an injury or wound?,false,
2024-10-15 22:25:50,2024-10-17 00:02:01,UTC-04:00,Took prescription sleep medication?,false,
2024-10-14 22:11:52,2024-10-15 22:25:50,UTC-04:00,Feeling sick or ill?,false,
2024-10-14 22:11:52,2024-10-15 22:25:50,UTC-04:00,Shared your bed?,false,
2024-10-14 22:11:52,2024-10-15 22:25:50,UTC-04:00,Consumed caffeine?,false,
2024-10-14 22:11:52,2024-10-15 22:25:50,UTC-04:00,Viewed a screen device in bed?,false,
2024-10-14 22:11:52,2024-10-15 22:25:50,UTC-04:00,Have an injury or wound?,false,
2024-10-14 22:11:52,2024-10-15 22:25:50,UTC-04:00,Have any alcoholic drinks?,false,
2024-10-14 22:11:52,2024-10-15 22:25:50,UTC-04:00,Took prescription sleep medication?,false,
2024-10-14 22:11:52,2024-10-15 22:25:50,UTC-04:00,Read (non-screened device) while in bed?,false,
2024-10-13 21:08:11,2024-10-14 22:11:52,UTC-04:00,Have any alcoholic drinks?,false,
2024-10-13 21:08:11,2024-10-14 22:11:52,UTC-04:00,Consumed caffeine?,false,
2024-10-13 21:08:11,2024-10-14 22:11:52,UTC-04:00,Shared your bed?,false,
2024-10-13 21:08:11,2024-10-14 22:11:52,UTC-04:00,Took prescription sleep medication?,false,
2024-10-13 21:08:11,2024-10-14 22:11:52,UTC-04:00,Have an injury or wound?,false,
2024-10-13 21:08:11,2024-10-14 22:11:52,UTC-04:00,Viewed a screen device in bed?,false,
2024-10-13 21:08:11,2024-10-14 22:11:52,UTC-04:00,Consumed caffeine?,false,
2024-10-13 21:08:11,2024-10-14 22:11:52,UTC-04:00,Have any alcoholic drinks?,false,
2024-10-13 00:02:21,2024-10-13 21:08:11,UTC-04:00,Shared your bed?,false,
2024-10-13 00:02:21,2024-10-13 21:08:11,UTC-04:00,Feeling sick or ill?,false,
2024-10-13 00:02:21,2024-10-13 21:08:11,UTC-04:00,Read (non-screened device) while in bed?,false,
2024-10-13 00:02:21,2024-10-13 21:08:11,UTC-04:00,Took prescription sleep medication?,false,
2024-10-13 00:02:21,2024-10-13 21:08:11,UTC-04:00,Have an injury or wound?,false,
2024-10-13 00:02:21,2024-10-13 21:08:11,UTC-04:00,Viewed a screen device in bed?,false,
2024-10-13 00:02:21,2024-10-13 21:08:11,UTC-04:00,Consumed caffeine?,false,
2024-10-13 00:02:21,2024-10-13 21:08:11,UTC-04:00,Have any alcoholic drinks?,true,
2024-10-11 21:55:01,2024-10-13 00:02:21,UTC-04:00,Shared your bed?,false,
2024-10-11 21:55:01,2024-10-13 00:02:21,UTC-04:00,Feeling sick or ill?,false,
2024-10-11 21:55:01,2024-10-13 00:02:21,UTC-04:00,Read (non-screened device) while in bed?,false,
2024-10-11 21:55:01,2024-10-13 00:02:21,UTC-04:00,Took prescription sleep medication?,false,
2024-10-11 21:55:01,2024-10-13 00:02:21,UTC-04:00,Have an injury or wound?,false,
2024-10-11 21:55:01,2024-10-13 00:02:21,UTC-04:00,Viewed a screen device in bed?,false,
2024-10-11 21:55:01,2024-10-13 00:02:21,UTC-04:00,Consumed caffeine?,false,
2024-10-11 21:55:01,2024-10-13 00:02:21,UTC-04:00,Have any alcoholic drinks?,true,
2024-10-10 23:46:16,2024-10-11 21:55:01,UTC-04:00,Shared your bed?,false,
2024-10-10 23:46:16,2024-10-11 21:55:01,UTC-04:00,Feeling sick or ill?,false,
2024-10-10 23:46:16,2024-10-11 21:55:01,UTC-04:00,Read (non-screened device) while in bed?,false,
2024-10-10 23:46:16,2024-10-11 21:55:01,UTC-04:00,Took prescription sleep medication?,false,
2024-10-10 23:46:16,2024-10-11 21:55:01,UTC-04:00,Have an injury or wound?,false,
2024-10-10 23:46:16,2024-10-11 21:55:01,UTC-04:00,Viewed a screen device in bed?,false,
2024-10-10 23:46:16,2024-10-11 21:55:01,UTC-04:00,Consumed caffeine?,false,
2024-10-10 23:46:16,2024-10-11 21:55:01,UTC-04:00,Have any alcoholic drinks?,true,
2024-10-08 23:19:44,2024-10-10 00:00:00,UTC-04:00,Shared your bed?,false,
2024-10-08 23:19:44,2024-10-10 00:00:00,UTC-04:00,Feeling sick or ill?,false,
2024-10-08 23:19:44,2024-10-10 00:00:00,UTC-04:00,Read (non-screened device) while in bed?,false,
2024-10-08 23:19:44,2024-10-10 00:00:00,UTC-04:00,Took prescription sleep medication?,false,
2024-10-08 23:19:44,2024-10-10 00:00:00,UTC-04:00,Have an injury or wound?,false,
2024-10-08 23:19:44,2024-10-10 00:00:00,UTC-04:00,Viewed a screen device in bed?,false,
2024-10-08 23:19:44,2024-10-10 00:00:00,UTC-04:00,Consumed caffeine?,false,
2024-10-08 23:19:44,2024-10-10 00:00:00,UTC-04:00,Have any alcoholic drinks?,false,
2024-10-07 22:34:30,2024-10-08 23:19:44,UTC-04:00,Shared your bed?,false,
2024-10-07 22:34:30,2024-10-08 23:19:44,UTC-04:00,Feeling sick or ill?,false,
2024-10-07 22:34:30,2024-10-08 23:19:44,UTC-04:00,Read (non-screened device) while in bed?,false,
2024-10-07 22:34:30,2024-10-08 23:19:44,UTC-04:00,Took prescription sleep medication?,false,
2024-10-07 22:34:30,2024-10-08 23:19:44,UTC-04:00,Have an injury or wound?,false,
2024-10-07 22:34:30,2024-10-08 23:19:44,UTC-04:00,Viewed a screen device in bed?,false,
2024-10-07 22:34:30,2024-10-08 23:19:44,UTC-04:00,Consumed caffeine?,false,
2024-10-07 22:34:30,2024-10-08 23:19:44,UTC-04:00,Have any alcoholic drinks?,false,
2024-10-06 21:54:20,2024-10-07 22:34:30,UTC-04:00,Shared your bed?,false,
2024-10-06 21:54:20,2024-10-07 22:34:30,UTC-04:00,Feeling sick or ill?,false,
2024-10-06 21:54:20,2024-10-07 22:34:30,UTC-04:00,Read (non-screened device) while in bed?,false,
2024-10-06 21:54:20,2024-10-07 22:34:30,UTC-04:00,Took prescription sleep medication?,false,
2024-10-06 21:54:20,2024-10-07 22:34:30,UTC-04:00,Have an injury or wound?,false,
2024-10-06 21:54:20,2024-10-07 22:34:30,UTC-04:00,Viewed a screen device in bed?,false,
2024-10-06 21:54:20,2024-10-07 22:34:30,UTC-04:00,Consumed caffeine?,false,
2024-10-06 21:54:20,2024-10-07 22:34:30,UTC-04:00,Have any alcoholic drinks?,false,
2024-10-05 20:10:28,2024-10-06 21:54:20,UTC-04:00,Shared your bed?,false,
2024-10-05 20:10:28,2024-10-06 21:54:20,UTC-04:00,Feeling sick or ill?,false,
2024-10-05 20:10:28,2024-10-06 21:54:20,UTC-04:00,Read (non-screened device) while in bed?,false,
2024-10-05 20:10:28,2024-10-06 21:54:20,UTC-04:00,Took prescription sleep medication?,false,
2024-10-05 20:10:28,2024-10-06 21:54:20,UTC-04:00,Have an injury or wound?,false,
2024-10-05 20:10:28,2024-10-06 21:54:20,UTC-04:00,Viewed a screen device in bed?,false,
2024-10-05 20:10:28,2024-10-06 21:54:20,UTC-04:00,Consumed caffeine?,false,
2024-10-05 20:10:28,2024-10-06 21:54:20,UTC-04:00,Have any alcoholic drinks?,false,
2024-10-05 01:35:52,2024-10-05 20:10:28,UTC-04:00,Shared your bed?,false,
2024-10-05 01:35:52,2024-10-05 20:10:28,UTC-04:00,Feeling sick or ill?,false,
2024-10-05 01:35:52,2024-10-05 20:10:28,UTC-04:00,Read (non-screened device) while in bed?,false,
2024-10-05 01:35:52,2024-10-05 20:10:28,UTC-04:00,Took prescription sleep medication?,false,
2024-10-05 01:35:52,2024-10-05 20:10:28,UTC-04:00,Have an injury or wound?,false,
2024-10-05 01:35:52,2024-10-05 20:10:28,UTC-04:00,Viewed a screen device in bed?,false,
2024-10-05 01:35:52,2024-10-05 20:10:28,UTC-04:00,Consumed caffeine?,false,
2024-10-05 01:35:52,2024-10-05 20:10:28,UTC-04:00,Have any alcoholic drinks?,false,
2024-10-02 22:17:54,2024-10-03 22:17:54,UTC-04:00,Feeling sick or ill?,false,
2024-10-02 22:17:54,2024-10-03 22:17:54,UTC-04:00,Read (non-screened device) while in bed?,false,
2024-10-02 22:17:54,2024-10-03 22:17:54,UTC-04:00,Took prescription sleep medication?,false,
2024-10-02 22:17:54,2024-10-03 22:17:54,UTC-04:00,Have an injury or wound?,false,
2024-10-02 22:17:54,2024-10-03 22:17:54,UTC-04:00,Viewed a screen device in bed?,false,
2024-10-02 22:17:54,2024-10-03 22:17:54,UTC-04:00,Consumed caffeine?,false,
2024-10-02 22:17:54,2024-10-03 22:17:54,UTC-04:00,Have any alcoholic drinks?,false,
2024-10-02 22:17:54,2024-10-03 22:17:54,UTC-04:00,Shared your bed?,false,
2024-10-01 22:17:20,2024-10-02 22:17:54,UTC-04:00,Feeling sick or ill?,false,
2024-10-01 22:17:20,2024-10-02 22:17:54,UTC-04:00,Read (non-screened device) while in bed?,false,
2024-10-01 22:17:20,2024-10-02 22:17:54,UTC-04:00,Took prescription sleep medication?,false,
2024-10-01 22:17:20,2024-10-02 22:17:54,UTC-04:00,Have an injury or wound?,false,
2024-10-01 22:17:20,2024-10-02 22:17:54,UTC-04:00,Viewed a screen device in bed?,false,
2024-10-01 22:17:20,2024-10-02 22:17:54,UTC-04:00,Consumed caffeine?,false,
2024-10-01 22:17:20,2024-10-02 22:17:54,UTC-04:00,Have any alcoholic drinks?,false,
2024-10-01 22:17:20,2024-10-02 22:17:54,UTC-04:00,Shared your bed?,false,
2024-09-30 23:40:00,2024-10-01 22:17:20,UTC-04:00,Read (non-screened device) while in bed?,false,
2024-09-30 23:40:00,2024-10-01 22:17:20,UTC-04:00,Took prescription sleep medication?,false,
2024-09-30 23:40:00,2024-10-01 22:17:20,UTC-04:00,Have an injury or wound?,false,
2024-09-30 23:40:00,2024-10-01 22:17:20,UTC-04:00,Viewed a screen device in bed?,false,
2024-09-30 23:40:00,2024-10-01 22:17:20,UTC-04:00,Consumed caffeine?,false,
2024-09-30 23:40:00,2024-10-01 22:17:20,UTC-04:00,Have any alcoholic drinks?,false,
2024-09-30 23:40:00,2024-10-01 22:17:20,UTC-04:00,Feeling sick or ill?,false,
2024-09-30 23:40:00,2024-10-01 22:17:20,UTC-04:00,Shared your bed?,false,
2024-09-29 22:47:44,2024-09-30 23:40:00,UTC-04:00,Feeling sick or ill?,false,
2024-09-29 22:47:44,2024-09-30 23:40:00,UTC-04:00,Read (non-screened device) while in bed?,false,
2024-09-29 22:47:44,2024-09-30 23:40:00,UTC-04:00,Took prescription sleep medication?,false,
2024-09-29 22:47:44,2024-09-30 23:40:00,UTC-04:00,Have an injury or wound?,false,
2024-09-29 22:47:44,2024-09-30 23:40:00,UTC-04:00,Viewed a screen device in bed?,false,
2024-09-29 22:47:44,2024-09-30 23:40:00,UTC-04:00,Consumed caffeine?,false,
2024-09-29 22:47:44,2024-09-30 23:40:00,UTC-04:00,Have any alcoholic drinks?,false,
2024-09-29 22:47:44,2024-09-30 23:40:00,UTC-04:00,Shared your bed?,false,
2024-09-28 05:42:43,2024-09-29 22:47:44,UTC-04:00,Read (non-screened device) while in bed?,false,
2024-09-28 05:42:43,2024-09-29 22:47:44,UTC-04:00,Took prescription sleep medication?,false,
2024-09-28 05:42:43,2024-09-29 22:47:44,UTC-04:00,Have an injury or wound?,false,
2024-09-28 05:42:43,2024-09-29 22:47:44,UTC-04:00,Viewed a screen device in bed?,false,
2024-09-28 05:42:43,2024-09-29 22:47:44,UTC-04:00,Consumed caffeine?,false,
2024-09-28 05:42:43,2024-09-29 22:47:44,UTC-04:00,Have any alcoholic drinks?,true,
2024-09-28 05:42:43,2024-09-29 22:47:44,UTC-04:00,Feeling sick or ill?,false,
2024-09-28 05:42:43,2024-09-29 22:47:44,UTC-04:00,Shared your bed?,false,
2024-09-26 21:49:20,2024-09-28 05:42:43,UTC-04:00,Feeling sick or ill?,false,
2024-09-26 21:49:20,2024-09-28 05:42:43,UTC-04:00,Read (non-screened device) while in bed?,false,
2024-09-26 21:49:20,2024-09-28 05:42:43,UTC-04:00,Took prescription sleep medication?,false,
2024-09-26 21:49:20,2024-09-28 05:42:43,UTC-04:00,Have an injury or wound?,false,
2024-09-26 21:49:20,2024-09-28 05:42:43,UTC-04:00,Viewed a screen device in bed?,false,
2024-09-26 21:49:20,2024-09-28 05:42:43,UTC-04:00,Consumed caffeine?,false,
2024-09-26 21:49:20,2024-09-28 05:42:43,UTC-04:00,Have any alcoholic drinks?,false,
2024-09-26 21:49:20,2024-09-28 05:42:43,UTC-04:00,Shared your bed?,false,
2024-09-25 22:26:46,2024-09-26 21:49:20,UTC-04:00,Read (non-screened device) while in bed?,false,
2024-09-25 22:26:46,2024-09-26 21:49:20,UTC-04:00,Took prescription sleep medication?,false,
2024-09-25 22:26:46,2024-09-26 21:49:20,UTC-04:00,Have an injury or wound?,false,
2024-09-25 22:26:46,2024-09-26 21:49:20,UTC-04:00,Viewed a screen device in bed?,false,
2024-09-25 22:26:46,2024-09-26 21:49:20,UTC-04:00,Consumed caffeine?,false,
2024-09-25 22:26:46,2024-09-26 21:49:20,UTC-04:00,Have any alcoholic drinks?,false,
2024-09-25 22:26:46,2024-09-26 21:49:20,UTC-04:00,Shared your bed?,false,
2024-09-25 22:26:46,2024-09-26 21:49:20,UTC-04:00,Feeling sick or ill?,false,
2024-09-24 21:42:20,2024-09-25 22:26:46,UTC-04:00,Feeling sick or ill?,false,
2024-09-24 21:42:20,2024-09-25 22:26:46,UTC-04:00,Read (non-screened device) while in bed?,false,
2024-09-24 21:42:20,2024-09-25 22:26:46,UTC-04:00,Took prescription sleep medication?,false,
2024-09-24 21:42:20,2024-09-25 22:26:46,UTC-04:00,Have an injury or wound?,false,
2024-09-24 21:42:20,2024-09-25 22:26:46,UTC-04:00,Viewed a screen device in bed?,false,
2024-09-24 21:42:20,2024-09-25 22:26:46,UTC-04:00,Consumed caffeine?,false,
2024-09-24 21:42:20,2024-09-25 22:26:46,UTC-04:00,Have any alcoholic drinks?,false,
2024-09-24 21:42:20,2024-09-25 22:26:46,UTC-04:00,Shared your bed?,false,
2024-09-23 22:55:18,2024-09-24 21:42:20,UTC-04:00,Read (non-screened device) while in bed?,false,
2024-09-23 22:55:18,2024-09-24 21:42:20,UTC-04:00,Took prescription sleep medication?,false,
2024-09-23 22:55:18,2024-09-24 21:42:20,UTC-04:00,Have an injury or wound?,false,
2024-09-23 22:55:18,2024-09-24 21:42:20,UTC-04:00,Viewed a screen device in bed?,false,
2024-09-23 22:55:18,2024-09-24 21:42:20,UTC-04:00,Consumed caffeine?,false,
2024-09-23 22:55:18,2024-09-24 21:42:20,UTC-04:00,Have any alcoholic drinks?,false,
2024-09-23 22:55:18,2024-09-24 21:42:20,UTC-04:00,Feeling sick or ill?,false,
2024-09-23 22:55:18,2024-09-24 21:42:20,UTC-04:00,Shared your bed?,false,
2024-09-22 23:09:14,2024-09-23 22:55:18,UTC-04:00,Feeling sick or ill?,false,
2024-09-22 23:09:14,2024-09-23 22:55:18,UTC-04:00,Read (non-screened device) while in bed?,false,
2024-09-22 23:09:14,2024-09-23 22:55:18,UTC-04:00,Took prescription sleep medication?,false,
2024-09-22 23:09:14,2024-09-23 22:55:18,UTC-04:00,Have an injury or wound?,false,
2024-09-22 23:09:14,2024-09-23 22:55:18,UTC-04:00,Viewed a screen device in bed?,false,
2024-09-22 23:09:14,2024-09-23 22:55:18,UTC-04:00,Consumed caffeine?,false,
2024-09-22 23:09:14,2024-09-23 22:55:18,UTC-04:00,Have any alcoholic drinks?,false,
2024-09-22 23:09:14,2024-09-23 22:55:18,UTC-04:00,Shared your bed?,false,
2024-09-21 23:17:34,2024-09-22 23:09:14,UTC-04:00,Read (non-screened device) while in bed?,false,
2024-09-21 23:17:34,2024-09-22 23:09:14,UTC-04:00,Took prescription sleep medication?,false,
2024-09-21 23:17:34,2024-09-22 23:09:14,UTC-04:00,Have an injury or wound?,false,
2024-09-21 23:17:34,2024-09-22 23:09:14,UTC-04:00,Viewed a screen device in bed?,false,
2024-09-21 23:17:34,2024-09-22 23:09:14,UTC-04:00,Consumed caffeine?,false,
2024-09-21 23:17:34,2024-09-22 23:09:14,UTC-04:00,Have any alcoholic drinks?,false,
2024-09-21 23:17:34,2024-09-22 23:09:14,UTC-04:00,Feeling sick or ill?,false,
2024-09-21 23:17:34,2024-09-22 23:09:14,UTC-04:00,Shared your bed?,false,
2024-09-21 00:56:52,2024-09-21 23:17:34,UTC-04:00,Feeling sick or ill?,false,
2024-09-21 00:56:52,2024-09-21 23:17:34,UTC-04:00,Read (non-screened device) while in bed?,false,
2024-09-21 00:56:52,2024-09-21 23:17:34,UTC-04:00,Took prescription sleep medication?,false,
2024-09-21 00:56:52,2024-09-21 23:17:34,UTC-04:00,Have an injury or wound?,false,
2024-09-21 00:56:52,2024-09-21 23:17:34,UTC-04:00,Viewed a screen device in bed?,false,
2024-09-21 00:56:52,2024-09-21 23:17:34,UTC-04:00,Consumed caffeine?,false,
2024-09-21 00:56:52,2024-09-21 23:17:34,UTC-04:00,Have any alcoholic drinks?,true,
2024-09-21 00:56:52,2024-09-21 23:17:34,UTC-04:00,Shared your bed?,false,
2024-09-19 22:48:03,2024-09-21 00:56:52,UTC-04:00,Shared your bed?,false,
2024-09-19 22:48:03,2024-09-21 00:56:52,UTC-04:00,Feeling sick or ill?,false,
2024-09-19 22:48:03,2024-09-21 00:56:52,UTC-04:00,Read (non-screened device) while in bed?,false,
2024-09-19 22:48:03,2024-09-21 00:56:52,UTC-04:00,Took prescription sleep medication?,false,
2024-09-19 22:48:03,2024-09-21 00:56:52,UTC-04:00,Have an injury or wound?,false,
2024-09-19 22:48:03,2024-09-21 00:56:52,UTC-04:00,Viewed a screen device in bed?,false,
2024-09-19 22:48:03,2024-09-21 00:56:52,UTC-04:00,Consumed caffeine?,false,
2024-09-19 22:48:03,2024-09-21 00:56:52,UTC-04:00,Have any alcoholic drinks?,true,
2024-09-17 23:05:42,2024-09-19 00:00:00,UTC-04:00,Shared your bed?,false,
2024-09-17 23:05:42,2024-09-19 00:00:00,UTC-04:00,Feeling sick or ill?,false,
2024-09-17 23:05:42,2024-09-19 00:00:00,UTC-04:00,Read (non-screened device) while in bed?,false,
2024-09-17 23:05:42,2024-09-19 00:00:00,UTC-04:00,Took prescription sleep medication?,false,
2024-09-17 23:05:42,2024-09-19 00:00:00,UTC-04:00,Have an injury or wound?,false,
2024-09-17 23:05:42,2024-09-19 00:00:00,UTC-04:00,Viewed a screen device in bed?,false,
2024-09-17 23:05:42,2024-09-19 00:00:00,UTC-04:00,Consumed caffeine?,false,
2024-09-17 23:05:42,2024-09-19 00:00:00,UTC-04:00,Have any alcoholic drinks?,false,
2024-09-16 22:43:40,2024-09-17 23:05:42,UTC-04:00,Read (non-screened device) while in bed?,false,
2024-09-16 22:43:40,2024-09-17 23:05:42,UTC-04:00,Took prescription sleep medication?,false,
2024-09-16 22:43:40,2024-09-17 23:05:42,UTC-04:00,Have an injury or wound?,false,
2024-09-16 22:43:40,2024-09-17 23:05:42,UTC-04:00,Viewed a screen device in bed?,false,
2024-09-16 22:43:40,2024-09-17 23:05:42,UTC-04:00,Consumed caffeine?,false,
2024-09-16 22:43:40,2024-09-17 23:05:42,UTC-04:00,Have any alcoholic drinks?,false,
2024-09-16 22:43:40,2024-09-17 23:05:42,UTC-04:00,Shared your bed?,false,
2024-09-16 22:43:40,2024-09-17 23:05:42,UTC-04:00,Feeling sick or ill?,false,
2024-09-15 22:31:30,2024-09-16 22:43:40,UTC-04:00,Read (non-screened device) while in bed?,false,
2024-09-15 22:31:30,2024-09-16 22:43:40,UTC-04:00,Took prescription sleep medication?,false,
2024-09-15 22:31:30,2024-09-16 22:43:40,UTC-04:00,Have an injury or wound?,false,
2024-09-15 22:31:30,2024-09-16 22:43:40,UTC-04:00,Viewed a screen device in bed?,false,
2024-09-15 22:31:30,2024-09-16 22:43:40,UTC-04:00,Consumed caffeine?,false,
2024-09-15 22:31:30,2024-09-16 22:43:40,UTC-04:00,Have any alcoholic drinks?,false,
2024-09-15 22:31:30,2024-09-16 22:43:40,UTC-04:00,Feeling sick or ill?,false,
2024-09-15 22:31:30,2024-09-16 22:43:40,UTC-04:00,Shared your bed?,false,
2024-09-14 23:47:48,2024-09-15 22:31:30,UTC-04:00,Read (non-screened device) while in bed?,false,
2024-09-14 23:47:48,2024-09-15 22:31:30,UTC-04:00,Took prescription sleep medication?,false,
2024-09-14 23:47:48,2024-09-15 22:31:30,UTC-04:00,Have an injury or wound?,false,
2024-09-14 23:47:48,2024-09-15 22:31:30,UTC-04:00,Viewed a screen device in bed?,false,
2024-09-14 23:47:48,2024-09-15 22:31:30,UTC-04:00,Consumed caffeine?,false,
2024-09-14 23:47:48,2024-09-15 22:31:30,UTC-04:00,Have any alcoholic drinks?,true,
2024-09-14 23:47:48,2024-09-15 22:31:30,UTC-04:00,Feeling sick or ill?,false,
2024-09-14 23:47:48,2024-09-15 22:31:30,UTC-04:00,Shared your bed?,false,
2024-09-12 23:47:43,2024-09-14 00:00:00,UTC-04:00,Feeling sick or ill?,false,
2024-09-12 23:47:43,2024-09-14 00:00:00,UTC-04:00,Read (non-screened device) while in bed?,false,
2024-09-12 23:47:43,2024-09-14 00:00:00,UTC-04:00,Took prescription sleep medication?,false,
2024-09-12 23:47:43,2024-09-14 00:00:00,UTC-04:00,Have an injury or wound?,false,
2024-09-12 23:47:43,2024-09-14 00:00:00,UTC-04:00,Viewed a screen device in bed?,false,
2024-09-12 23:47:43,2024-09-14 00:00:00,UTC-04:00,Consumed caffeine?,false,
2024-09-12 23:47:43,2024-09-14 00:00:00,UTC-04:00,Have any alcoholic drinks?,false,
2024-09-12 23:47:43,2024-09-14 00:00:00,UTC-04:00,Shared your bed?,false,
2024-09-12 00:06:12,2024-09-12 23:47:43,UTC-04:00,Read (non-screened device) while in bed?,false,
2024-09-12 00:06:12,2024-09-12 23:47:43,UTC-04:00,Took prescription sleep medication?,false,
2024-09-12 00:06:12,2024-09-12 23:47:43,UTC-04:00,Have an injury or wound?,false,
2024-09-12 00:06:12,2024-09-12 23:47:43,UTC-04:00,Viewed a screen device in bed?,false,
2024-09-12 00:06:12,2024-09-12 23:47:43,UTC-04:00,Consumed caffeine?,false,
2024-09-12 00:06:12,2024-09-12 23:47:43,UTC-04:00,Have any alcoholic drinks?,false,
2024-09-12 00:06:12,2024-09-12 23:47:43,UTC-04:00,Feeling sick or ill?,false,
2024-09-12 00:06:12,2024-09-12 23:47:43,UTC-04:00,Shared your bed?,false,
2024-09-10 00:13:04,2024-09-10 23:23:36,UTC-04:00,Feeling sick or ill?,false,
2024-09-10 00:13:04,2024-09-10 23:23:36,UTC-04:00,Read (non-screened device) while in bed?,false,
2024-09-10 00:13:04,2024-09-10 23:23:36,UTC-04:00,Took prescription sleep medication?,false,
2024-09-10 00:13:04,2024-09-10 23:23:36,UTC-04:00,Have an injury or wound?,false,
2024-09-10 00:13:04,2024-09-10 23:23:36,UTC-04:00,Viewed a screen device in bed?,false,
2024-09-10 00:13:04,2024-09-10 23:23:36,UTC-04:00,Consumed caffeine?,false,
2024-09-10 00:13:04,2024-09-10 23:23:36,UTC-04:00,Have any alcoholic drinks?,false,
2024-09-10 00:13:04,2024-09-10 23:23:36,UTC-04:00,Shared your bed?,false,
2024-09-08 23:23:36,2024-09-10 00:13:04,UTC-04:00,Shared your bed?,false,
2024-09-08 23:23:36,2024-09-10 00:13:04,UTC-04:00,Read (non-screened device) while in bed?,false,
2024-09-08 23:23:36,2024-09-10 00:13:04,UTC-04:00,Took prescription sleep medication?,false,
2024-09-08 23:23:36,2024-09-10 00:13:04,UTC-04:00,Have an injury or wound?,false,
2024-09-08 23:23:36,2024-09-10 00:13:04,UTC-04:00,Viewed a screen device in bed?,false,
2024-09-08 23:23:36,2024-09-10 00:13:04,UTC-04:00,Consumed caffeine?,false,
2024-09-08 23:23:36,2024-09-10 00:13:04,UTC-04:00,Have any alcoholic drinks?,true,
2024-09-08 23:23:36,2024-09-10 00:13:04,UTC-04:00,Feeling sick or ill?,false,
2024-09-08 01:26:35,2024-09-08 23:23:36,UTC-04:00,Feeling sick or ill?,false,
2024-09-08 01:26:35,2024-09-08 23:23:36,UTC-04:00,Read (non-screened device) while in bed?,false,
2024-09-08 01:26:35,2024-09-08 23:23:36,UTC-04:00,Took prescription sleep medication?,false,
2024-09-08 01:26:35,2024-09-08 23:23:36,UTC-04:00,Have an injury or wound?,false,
2024-09-08 01:26:35,2024-09-08 23:23:36,UTC-04:00,Viewed a screen device in bed?,false,
2024-09-08 01:26:35,2024-09-08 23:23:36,UTC-04:00,Consumed caffeine?,false,
2024-09-08 01:26:35,2024-09-08 23:23:36,UTC-04:00,Have any alcoholic drinks?,false,
2024-09-08 01:26:35,2024-09-08 23:23:36,UTC-04:00,Shared your bed?,false,
2024-09-06 00:04:31,2024-09-08 01:26:35,UTC-04:00,Read (non-screened device) while in bed?,false,
2024-09-06 00:04:31,2024-09-08 01:26:35,UTC-04:00,Took prescription sleep medication?,false,
2024-09-06 00:04:31,2024-09-08 01:26:35,UTC-04:00,Have an injury or wound?,false,
2024-09-06 00:04:31,2024-09-08 01:26:35,UTC-04:00,Viewed a screen device in bed?,false,
2024-09-06 00:04:31,2024-09-08 01:26:35,UTC-04:00,Consumed caffeine?,false,
2024-09-06 00:04:31,2024-09-08 01:26:35,UTC-04:00,Have any alcoholic drinks?,true,
2024-09-06 00:04:31,2024-09-08 01:26:35,UTC-04:00,Shared your bed?,false,
2024-09-06 00:04:31,2024-09-08 01:26:35,UTC-04:00,Feeling sick or ill?,false,
2024-09-04 23:19:28,2024-09-06 00:04:31,UTC-04:00,Read (non-screened device) while in bed?,false,
2024-09-04 23:19:28,2024-09-06 00:04:31,UTC-04:00,Took prescription sleep medication?,false,
2024-09-04 23:19:28,2024-09-06 00:04:31,UTC-04:00,Have an injury or wound?,false,
2024-09-04 23:19:28,2024-09-06 00:04:31,UTC-04:00,Viewed a screen device in bed?,false,
2024-09-04 23:19:28,2024-09-06 00:04:31,UTC-04:00,Consumed caffeine?,false,
2024-09-04 23:19:28,2024-09-06 00:04:31,UTC-04:00,Have any alcoholic drinks?,false,
2024-09-04 23:19:28,2024-09-06 00:04:31,UTC-04:00,Feeling sick or ill?,false,
2024-09-04 23:19:28,2024-09-06 00:04:31,UTC-04:00,Shared your bed?,false,
2024-09-02 22:58:42,2024-09-04 00:00:00,UTC-04:00,Read (non-screened device) while in bed?,false,
2024-09-02 22:58:42,2024-09-04 00:00:00,UTC-04:00,Took prescription sleep medication?,false,
2024-09-02 22:58:42,2024-09-04 00:00:00,UTC-04:00,Have an injury or wound?,false,
2024-09-02 22:58:42,2024-09-04 00:00:00,UTC-04:00,Viewed a screen device in bed?,false,
2024-09-02 22:58:42,2024-09-04 00:00:00,UTC-04:00,Consumed caffeine?,false,
2024-09-02 22:58:42,2024-09-04 00:00:00,UTC-04:00,Have any alcoholic drinks?,false,
2024-09-02 22:58:42,2024-09-04 00:00:00,UTC-04:00,Shared your bed?,false,
2024-09-02 22:58:42,2024-09-04 00:00:00,UTC-04:00,Feeling sick or ill?,false,
2024-09-02 00:06:13,2024-09-02 22:58:42,UTC-04:00,Read (non-screened device) while in bed?,false,
2024-09-02 00:06:13,2024-09-02 22:58:42,UTC-04:00,Took prescription sleep medication?,false,
2024-09-02 00:06:13,2024-09-02 22:58:42,UTC-04:00,Have an injury or wound?,false,
2024-09-02 00:06:13,2024-09-02 22:58:42,UTC-04:00,Viewed a screen device in bed?,false,
2024-09-02 00:06:13,2024-09-02 22:58:42,UTC-04:00,Consumed caffeine?,false,
2024-09-02 00:06:13,2024-09-02 22:58:42,UTC-04:00,Have any alcoholic drinks?,false,
2024-09-02 00:06:13,2024-09-02 22:58:42,UTC-04:00,Feeling sick or ill?,false,
2024-09-02 00:06:13,2024-09-02 22:58:42,UTC-04:00,Shared your bed?,false,
2024-08-31 23:17:20,2024-09-02 00:06:13,UTC-04:00,Feeling sick or ill?,false,
2024-08-31 23:17:20,2024-09-02 00:06:13,UTC-04:00,Read (non-screened device) while in bed?,false,
2024-08-31 23:17:20,2024-09-02 00:06:13,UTC-04:00,Took prescription sleep medication?,false,
2024-08-31 23:17:20,2024-09-02 00:06:13,UTC-04:00,Have an injury or wound?,false,
2024-08-31 23:17:20,2024-09-02 00:06:13,UTC-04:00,Viewed a screen device in bed?,false,
2024-08-31 23:17:20,2024-09-02 00:06:13,UTC-04:00,Consumed caffeine?,false,
2024-08-31 23:17:20,2024-09-02 00:06:13,UTC-04:00,Have any alcoholic drinks?,false,
2024-08-31 23:17:20,2024-09-02 00:06:13,UTC-04:00,Shared your bed?,false,
2024-08-29 22:40:35,2024-08-31 00:00:00,UTC-04:00,Consumed caffeine?,false,
2024-08-29 22:40:35,2024-08-31 00:00:00,UTC-04:00,Viewed a screen device in bed?,false,
2024-08-29 22:40:35,2024-08-31 00:00:00,UTC-04:00,Have any alcoholic drinks?,true,
2024-08-29 22:40:35,2024-08-31 00:00:00,UTC-04:00,Have an injury or wound?,false,
2024-08-29 22:40:35,2024-08-31 00:00:00,UTC-04:00,Took prescription sleep medication?,false,
2024-08-29 22:40:35,2024-08-31 00:00:00,UTC-04:00,Read (non-screened device) while in bed?,false,
2024-08-29 22:40:35,2024-08-31 00:00:00,UTC-04:00,Feeling sick or ill?,false,
2024-08-29 22:40:35,2024-08-31 00:00:00,UTC-04:00,Shared your bed?,false,
2024-08-28 22:20:21,2024-08-29 22:40:35,UTC-04:00,Consumed caffeine?,false,
2024-08-28 22:20:21,2024-08-29 22:40:35,UTC-04:00,Have any alcoholic drinks?,false,
2024-08-28 22:20:21,2024-08-29 22:40:35,UTC-04:00,Viewed a screen device in bed?,false,
2024-08-28 22:20:21,2024-08-29 22:40:35,UTC-04:00,Took prescription sleep medication?,false,
2024-08-28 22:20:21,2024-08-29 22:40:35,UTC-04:00,Read (non-screened device) while in bed?,false,
2024-08-28 22:20:21,2024-08-29 22:40:35,UTC-04:00,Have an injury or wound?,false,
2024-08-28 22:20:21,2024-08-29 22:40:35,UTC-04:00,Shared your bed?,false,
2024-08-28 22:20:21,2024-08-29 22:40:35,UTC-04:00,Feeling sick or ill?,false,
2024-08-27 22:44:35,2024-08-28 22:20:21,UTC-04:00,Have any alcoholic drinks?,false,
2024-08-27 22:44:35,2024-08-28 22:20:21,UTC-04:00,Read (non-screened device) while in bed?,false,
2024-08-27 22:44:35,2024-08-28 22:20:21,UTC-04:00,Consumed caffeine?,false,
2024-08-27 22:44:35,2024-08-28 22:20:21,UTC-04:00,Feeling sick or ill?,false,
2024-08-27 22:44:35,2024-08-28 22:20:21,UTC-04:00,Viewed a screen device in bed?,false,
2024-08-27 22:44:35,2024-08-28 22:20:21,UTC-04:00,Have an injury or wound?,false,
2024-08-27 22:44:35,2024-08-28 22:20:21,UTC-04:00,Took prescription sleep medication?,false,
2024-08-27 22:44:35,2024-08-28 22:20:21,UTC-04:00,Shared your bed?,false,
2024-08-26 22:57:30,2024-08-27 22:44:35,UTC-04:00,Have any alcoholic drinks?,false,
2024-08-26 22:57:30,2024-08-27 22:44:35,UTC-04:00,Consumed caffeine?,false,
2024-08-26 22:57:30,2024-08-27 22:44:35,UTC-04:00,Have an injury or wound?,false,
2024-08-26 22:57:30,2024-08-27 22:44:35,UTC-04:00,Took prescription sleep medication?,false,
2024-08-26 22:57:30,2024-08-27 22:44:35,UTC-04:00,Viewed a screen device in bed?,false,
2024-08-26 22:57:30,2024-08-27 22:44:35,UTC-04:00,Read (non-screened device) while in bed?,false,
2024-08-26 22:57:30,2024-08-27 22:44:35,UTC-04:00,Shared your bed?,false,
2024-08-26 22:57:30,2024-08-27 22:44:35,UTC-04:00,Feeling sick or ill?,false,
2024-08-25 23:16:35,2024-08-26 22:57:30,UTC-04:00,Have any alcoholic drinks?,false,
2024-08-25 23:16:35,2024-08-26 22:57:30,UTC-04:00,Consumed caffeine?,false,
2024-08-25 23:16:35,2024-08-26 22:57:30,UTC-04:00,Read (non-screened device) while in bed?,false,
2024-08-25 23:16:35,2024-08-26 22:57:30,UTC-04:00,Shared your bed?,false,
2024-08-25 23:16:35,2024-08-26 22:57:30,UTC-04:00,Viewed a screen device in bed?,false,
2024-08-25 23:16:35,2024-08-26 22:57:30,UTC-04:00,Feeling sick or ill?,false,
2024-08-25 23:16:35,2024-08-26 22:57:30,UTC-04:00,Have an injury or wound?,false,
2024-08-25 23:16:35,2024-08-26 22:57:30,UTC-04:00,Took prescription sleep medication?,false,
2024-08-24 23:47:18,2024-08-25 23:16:35,UTC-04:00,Have any alcoholic drinks?,false,
2024-08-24 23:47:18,2024-08-25 23:16:35,UTC-04:00,Read (non-screened device) while in bed?,false,
2024-08-24 23:47:18,2024-08-25 23:16:35,UTC-04:00,Consumed caffeine?,false,
2024-08-24 23:47:18,2024-08-25 23:16:35,UTC-04:00,Viewed a screen device in bed?,false,
2024-08-24 23:47:18,2024-08-25 23:16:35,UTC-04:00,Have an injury or wound?,false,
2024-08-24 23:47:18,2024-08-25 23:16:35,UTC-04:00,Took prescription sleep medication?,false,
2024-08-24 23:47:18,2024-08-25 23:16:35,UTC-04:00,Shared your bed?,false,
2024-08-24 23:47:18,2024-08-25 23:16:35,UTC-04:00,Feeling sick or ill?,false,
2024-08-23 23:34:44,2024-08-24 23:47:18,UTC-04:00,Consumed caffeine?,false,
2024-08-23 23:34:44,2024-08-24 23:47:18,UTC-04:00,Viewed a screen device in bed?,false,
2024-08-23 23:34:44,2024-08-24 23:47:18,UTC-04:00,Have an injury or wound?,false,
2024-08-23 23:34:44,2024-08-24 23:47:18,UTC-04:00,Took prescription sleep medication?,false,
2024-08-23 23:34:44,2024-08-24 23:47:18,UTC-04:00,Read (non-screened device) while in bed?,false,
2024-08-23 23:34:44,2024-08-24 23:47:18,UTC-04:00,Have any alcoholic drinks?,false,
2024-08-23 23:34:44,2024-08-24 23:47:18,UTC-04:00,Shared your bed?,false,
2024-08-23 23:34:44,2024-08-24 23:47:18,UTC-04:00,Feeling sick or ill?,false,
2024-08-22 22:53:41,2024-08-23 23:34:44,UTC-04:00,Have an injury or wound?,false,
2024-08-22 22:53:41,2024-08-23 23:34:44,UTC-04:00,Took prescription sleep medication?,false,
2024-08-22 22:53:41,2024-08-23 23:34:44,UTC-04:00,Have any alcoholic drinks?,true,
2024-08-22 22:53:41,2024-08-23 23:34:44,UTC-04:00,Read (non-screened device) while in bed?,false,
2024-08-22 22:53:41,2024-08-23 23:34:44,UTC-04:00,Consumed caffeine?,false,
2024-08-22 22:53:41,2024-08-23 23:34:44,UTC-04:00,Shared your bed?,false,
2024-08-22 22:53:41,2024-08-23 23:34:44,UTC-04:00,Viewed a screen device in bed?,false,
2024-08-22 22:53:41,2024-08-23 23:34:44,UTC-04:00,Feeling sick or ill?,false,
2024-08-21 23:03:27,2024-08-22 22:53:41,UTC-04:00,Consumed caffeine?,false,
2024-08-21 23:03:27,2024-08-22 22:53:41,UTC-04:00,Viewed a screen device in bed?,false,
2024-08-21 23:03:27,2024-08-22 22:53:41,UTC-04:00,Have an injury or wound?,false,
2024-08-21 23:03:27,2024-08-22 22:53:41,UTC-04:00,Have any alcoholic drinks?,false,
2024-08-21 23:03:27,2024-08-22 22:53:41,UTC-04:00,Took prescription sleep medication?,false,
2024-08-21 23:03:27,2024-08-22 22:53:41,UTC-04:00,Read (non-screened device) while in bed?,false,
2024-08-21 23:03:27,2024-08-22 22:53:41,UTC-04:00,Shared your bed?,false,
2024-08-21 23:03:27,2024-08-22 22:53:41,UTC-04:00,Feeling sick or ill?,false,
2024-08-20 23:01:03,2024-08-21 23:03:27,UTC-04:00,Consumed caffeine?,false,
2024-08-20 23:01:03,2024-08-21 23:03:27,UTC-04:00,Viewed a screen device in bed?,false,
2024-08-20 23:01:03,2024-08-21 23:03:27,UTC-04:00,Have an injury or wound?,false,
2024-08-20 23:01:03,2024-08-21 23:03:27,UTC-04:00,Read (non-screened device) while in bed?,false,
2024-08-20 23:01:03,2024-08-21 23:03:27,UTC-04:00,Shared your bed?,false,
2024-08-20 23:01:03,2024-08-21 23:03:27,UTC-04:00,Feeling sick or ill?,false,
2024-08-20 23:01:03,2024-08-21 23:03:27,UTC-04:00,Have any alcoholic drinks?,false,
2024-08-20 23:01:03,2024-08-21 23:03:27,UTC-04:00,Took prescription sleep medication?,false,
2024-08-19 23:21:10,2024-08-20 23:01:03,UTC-04:00,Have any alcoholic drinks?,true,
2024-08-19 23:21:10,2024-08-20 23:01:03,UTC-04:00,Consumed caffeine?,false,
2024-08-19 23:21:10,2024-08-20 23:01:03,UTC-04:00,Viewed a screen device in bed?,false,
2024-08-19 23:21:10,2024-08-20 23:01:03,UTC-04:00,Have an injury or wound?,false,
2024-08-19 23:21:10,2024-08-20 23:01:03,UTC-04:00,Took prescription sleep medication?,false,
2024-08-19 23:21:10,2024-08-20 23:01:03,UTC-04:00,Read (non-screened device) while in bed?,false,
2024-08-19 23:21:10,2024-08-20 23:01:03,UTC-04:00,Feeling sick or ill?,false,
2024-08-19 23:21:10,2024-08-20 23:01:03,UTC-04:00,Shared your bed?,false,
2024-08-18 23:44:53,2024-08-19 23:21:10,UTC-04:00,Consumed caffeine?,false,
2024-08-18 23:44:53,2024-08-19 23:21:10,UTC-04:00,Have any alcoholic drinks?,false,
2024-08-18 23:44:53,2024-08-19 23:21:10,UTC-04:00,Viewed a screen device in bed?,false,
2024-08-18 23:44:53,2024-08-19 23:21:10,UTC-04:00,Have an injury or wound?,false,
2024-08-18 23:44:53,2024-08-19 23:21:10,UTC-04:00,Took prescription sleep medication?,false,
2024-08-18 23:44:53,2024-08-19 23:21:10,UTC-04:00,Read (non-screened device) while in bed?,false,
2024-08-18 23:44:53,2024-08-19 23:21:10,UTC-04:00,Shared your bed?,false,
2024-08-18 23:44:53,2024-08-19 23:21:10,UTC-04:00,Feeling sick or ill?,false,
2024-08-18 00:27:08,2024-08-18 23:44:53,UTC-04:00,Viewed a screen device in bed?,false,
2024-08-18 00:27:08,2024-08-18 23:44:53,UTC-04:00,Have an injury or wound?,false,
2024-08-18 00:27:08,2024-08-18 23:44:53,UTC-04:00,Took prescription sleep medication?,false,
2024-08-18 00:27:08,2024-08-18 23:44:53,UTC-04:00,Read (non-screened device) while in bed?,false,
2024-08-18 00:27:08,2024-08-18 23:44:53,UTC-04:00,Feeling sick or ill?,false,
2024-08-18 00:27:08,2024-08-18 23:44:53,UTC-04:00,Shared your bed?,false,
2024-08-18 00:27:08,2024-08-18 23:44:53,UTC-04:00,Have any alcoholic drinks?,false,
2024-08-18 00:27:08,2024-08-18 23:44:53,UTC-04:00,Consumed caffeine?,false,
2024-08-15 23:41:39,2024-08-17 00:00:00,UTC-04:00,Consumed caffeine?,false,
2024-08-15 23:41:39,2024-08-17 00:00:00,UTC-04:00,Have any alcoholic drinks?,false,
2024-08-15 23:41:39,2024-08-17 00:00:00,UTC-04:00,Viewed a screen device in bed?,false,
2024-08-15 23:41:39,2024-08-17 00:00:00,UTC-04:00,Took prescription sleep medication?,false,
2024-08-15 23:41:39,2024-08-17 00:00:00,UTC-04:00,Read (non-screened device) while in bed?,false,
2024-08-15 23:41:39,2024-08-17 00:00:00,UTC-04:00,Have an injury or wound?,false,
2024-08-15 23:41:39,2024-08-17 00:00:00,UTC-04:00,Shared your bed?,false,
2024-08-15 23:41:39,2024-08-17 00:00:00,UTC-04:00,Feeling sick or ill?,false,
2024-08-14 23:55:31,2024-08-15 23:41:39,UTC-04:00,Have any alcoholic drinks?,false,
2024-08-14 23:55:31,2024-08-15 23:41:39,UTC-04:00,Read (non-screened device) while in bed?,false,
2024-08-14 23:55:31,2024-08-15 23:41:39,UTC-04:00,Consumed caffeine?,false,
2024-08-14 23:55:31,2024-08-15 23:41:39,UTC-04:00,Feeling sick or ill?,true,
2024-08-14 23:55:31,2024-08-15 23:41:39,UTC-04:00,Viewed a screen device in bed?,false,
2024-08-14 23:55:31,2024-08-15 23:41:39,UTC-04:00,Have an injury or wound?,false,
2024-08-14 23:55:31,2024-08-15 23:41:39,UTC-04:00,Took prescription sleep medication?,false,
2024-08-14 23:55:31,2024-08-15 23:41:39,UTC-04:00,Shared your bed?,false,
2024-08-13 23:18:35,2024-08-14 23:55:31,UTC-04:00,Have any alcoholic drinks?,false,
2024-08-13 23:18:35,2024-08-14 23:55:31,UTC-04:00,Consumed caffeine?,false,
2024-08-13 23:18:35,2024-08-14 23:55:31,UTC-04:00,Have an injury or wound?,false,
2024-08-13 23:18:35,2024-08-14 23:55:31,UTC-04:00,Took prescription sleep medication?,false,
2024-08-13 23:18:35,2024-08-14 23:55:31,UTC-04:00,Viewed a screen device in bed?,false,
2024-08-13 23:18:35,2024-08-14 23:55:31,UTC-04:00,Read (non-screened device) while in bed?,false,
2024-08-13 23:18:35,2024-08-14 23:55:31,UTC-04:00,Shared your bed?,false,
2024-08-13 23:18:35,2024-08-14 23:55:31,UTC-04:00,Feeling sick or ill?,true,
2024-08-12 22:49:12,2024-08-13 23:18:35,UTC-04:00,Have any alcoholic drinks?,false,
2024-08-12 22:49:12,2024-08-13 23:18:35,UTC-04:00,Read (non-screened device) while in bed?,false,
2024-08-12 22:49:12,2024-08-13 23:18:35,UTC-04:00,Took prescription sleep medication?,false,
2024-08-12 22:49:12,2024-08-13 23:18:35,UTC-04:00,Shared your bed?,false,
2024-08-12 22:49:12,2024-08-13 23:18:35,UTC-04:00,Consumed caffeine?,false,
2024-08-12 22:49:12,2024-08-13 23:18:35,UTC-04:00,Feeling sick or ill?,true,
2024-08-12 22:49:12,2024-08-13 23:18:35,UTC-04:00,Viewed a screen device in bed?,false,
2024-08-12 22:49:12,2024-08-13 23:18:35,UTC-04:00,Have an injury or wound?,false,
2024-08-11 22:56:24,2024-08-12 22:49:12,UTC-04:00,Have any alcoholic drinks?,false,
2024-08-11 22:56:24,2024-08-12 22:49:12,UTC-04:00,Read (non-screened device) while in bed?,false,
2024-08-11 22:56:24,2024-08-12 22:49:12,UTC-04:00,Consumed caffeine?,false,
2024-08-11 22:56:24,2024-08-12 22:49:12,UTC-04:00,Viewed a screen device in bed?,false,
2024-08-11 22:56:24,2024-08-12 22:49:12,UTC-04:00,Have an injury or wound?,false,
2024-08-11 22:56:24,2024-08-12 22:49:12,UTC-04:00,Took prescription sleep medication?,false,
2024-08-11 22:56:24,2024-08-12 22:49:12,UTC-04:00,Shared your bed?,false,
2024-08-11 22:56:24,2024-08-12 22:49:12,UTC-04:00,Feeling sick or ill?,true,
2024-08-10 23:30:55,2024-08-11 22:56:24,UTC-04:00,Consumed caffeine?,false,
2024-08-10 23:30:55,2024-08-11 22:56:24,UTC-04:00,Viewed a screen device in bed?,false,
2024-08-10 23:30:55,2024-08-11 22:56:24,UTC-04:00,Have an injury or wound?,false,
2024-08-10 23:30:55,2024-08-11 22:56:24,UTC-04:00,Took prescription sleep medication?,false,
2024-08-10 23:30:55,2024-08-11 22:56:24,UTC-04:00,Read (non-screened device) while in bed?,false,
2024-08-10 23:30:55,2024-08-11 22:56:24,UTC-04:00,Have any alcoholic drinks?,false,
2024-08-10 23:30:55,2024-08-11 22:56:24,UTC-04:00,Shared your bed?,false,
2024-08-10 23:30:55,2024-08-11 22:56:24,UTC-04:00,Feeling sick or ill?,true,
2024-08-10 00:19:23,2024-08-10 23:30:55,UTC-04:00,Have an injury or wound?,false,
2024-08-10 00:19:23,2024-08-10 23:30:55,UTC-04:00,Took prescription sleep medication?,false,
2024-08-10 00:19:23,2024-08-10 23:30:55,UTC-04:00,Have any alcoholic drinks?,false,
2024-08-10 00:19:23,2024-08-10 23:30:55,UTC-04:00,Read (non-screened device) while in bed?,false,
2024-08-10 00:19:23,2024-08-10 23:30:55,UTC-04:00,Consumed caffeine?,false,
2024-08-10 00:19:23,2024-08-10 23:30:55,UTC-04:00,Shared your bed?,false,
2024-08-10 00:19:23,2024-08-10 23:30:55,UTC-04:00,Viewed a screen device in bed?,false,
2024-08-10 00:19:23,2024-08-10 23:30:55,UTC-04:00,Feeling sick or ill?,true,
2024-08-08 23:17:00,2024-08-10 00:19:23,UTC-04:00,Took prescription sleep medication?,false,
2024-08-08 23:17:00,2024-08-10 00:19:23,UTC-04:00,Read (non-screened device) while in bed?,false,
2024-08-08 23:17:00,2024-08-10 00:19:23,UTC-04:00,Have an injury or wound?,false,
2024-08-08 23:17:00,2024-08-10 00:19:23,UTC-04:00,Shared your bed?,false,
2024-08-08 23:17:00,2024-08-10 00:19:23,UTC-04:00,Viewed a screen device in bed?,false,
2024-08-08 23:17:00,2024-08-10 00:19:23,UTC-04:00,Feeling sick or ill?,false,
2024-08-08 23:17:00,2024-08-10 00:19:23,UTC-04:00,Have any alcoholic drinks?,false,
2024-08-08 23:17:00,2024-08-10 00:19:23,UTC-04:00,Consumed caffeine?,false,
2024-08-07 00:25:16,2024-08-08 23:17:00,UTC-04:00,Have an injury or wound?,false,
2024-08-07 00:25:16,2024-08-08 23:17:00,UTC-04:00,Took prescription sleep medication?,false,
2024-08-07 00:25:16,2024-08-08 23:17:00,UTC-04:00,Have any alcoholic drinks?,false,
2024-08-07 00:25:16,2024-08-08 23:17:00,UTC-04:00,Feeling sick or ill?,false,
2024-08-07 00:25:16,2024-08-08 23:17:00,UTC-04:00,Consumed caffeine?,false,
2024-08-07 00:25:16,2024-08-08 23:17:00,UTC-04:00,Viewed a screen device in bed?,false,
2024-08-07 00:25:16,2024-08-08 23:17:00,UTC-04:00,Read (non-screened device) while in bed?,false,
2024-08-07 00:25:16,2024-08-08 23:17:00,UTC-04:00,Shared your bed?,false,
2024-08-05 23:13:00,2024-08-07 00:25:16,UTC-04:00,Have any alcoholic drinks?,false,
2024-08-05 23:13:00,2024-08-07 00:25:16,UTC-04:00,Consumed caffeine?,false,
2024-08-05 23:13:00,2024-08-07 00:25:16,UTC-04:00,Viewed a screen device in bed?,false,
2024-08-05 23:13:00,2024-08-07 00:25:16,UTC-04:00,Have an injury or wound?,false,
2024-08-05 23:13:00,2024-08-07 00:25:16,UTC-04:00,Took prescription sleep medication?,false,
2024-08-05 23:13:00,2024-08-07 00:25:16,UTC-04:00,Read (non-screened device) while in bed?,false,
2024-08-05 23:13:00,2024-08-07 00:25:16,UTC-04:00,Shared your bed?,false,
2024-08-05 23:13:00,2024-08-07 00:25:16,UTC-04:00,Feeling sick or ill?,false,
2024-08-04 23:45:59,2024-08-05 23:13:00,UTC-04:00,Consumed caffeine?,false,
2024-08-04 23:45:59,2024-08-05 23:13:00,UTC-04:00,Viewed a screen device in bed?,false,
2024-08-04 23:45:59,2024-08-05 23:13:00,UTC-04:00,Have an injury or wound?,false,
2024-08-04 23:45:59,2024-08-05 23:13:00,UTC-04:00,Read (non-screened device) while in bed?,false,
2024-08-04 23:45:59,2024-08-05 23:13:00,UTC-04:00,Shared your bed?,false,
2024-08-04 23:45:59,2024-08-05 23:13:00,UTC-04:00,Feeling sick or ill?,false,
2024-08-04 23:45:59,2024-08-05 23:13:00,UTC-04:00,Have any alcoholic drinks?,false,
2024-08-04 23:45:59,2024-08-05 23:13:00,UTC-04:00,Took prescription sleep medication?,false,
2024-08-03 23:57:30,2024-08-04 23:45:59,UTC-04:00,Have an injury or wound?,false,
2024-08-03 23:57:30,2024-08-04 23:45:59,UTC-04:00,Took prescription sleep medication?,false,
2024-08-03 23:57:30,2024-08-04 23:45:59,UTC-04:00,Viewed a screen device in bed?,false,
2024-08-03 23:57:30,2024-08-04 23:45:59,UTC-04:00,Read (non-screened device) while in bed?,false,
2024-08-03 23:57:30,2024-08-04 23:45:59,UTC-04:00,Shared your bed?,false,
2024-08-03 23:57:30,2024-08-04 23:45:59,UTC-04:00,Feeling sick or ill?,false,
2024-08-03 23:57:30,2024-08-04 23:45:59,UTC-04:00,Have any alcoholic drinks?,false,
2024-08-03 23:57:30,2024-08-04 23:45:59,UTC-04:00,Consumed caffeine?,false,
2024-08-02 23:51:22,2024-08-03 23:57:30,UTC-04:00,Consumed caffeine?,false,
2024-08-02 23:51:22,2024-08-03 23:57:30,UTC-04:00,Viewed a screen device in bed?,false,
2024-08-02 23:51:22,2024-08-03 23:57:30,UTC-04:00,Have an injury or wound?,false,
2024-08-02 23:51:22,2024-08-03 23:57:30,UTC-04:00,Read (non-screened device) while in bed?,false,
2024-08-02 23:51:22,2024-08-03 23:57:30,UTC-04:00,Shared your bed?,false,
2024-08-02 23:51:22,2024-08-03 23:57:30,UTC-04:00,Feeling sick or ill?,false,
2024-08-02 23:51:22,2024-08-03 23:57:30,UTC-04:00,Have any alcoholic drinks?,false,
2024-08-02 23:51:22,2024-08-03 23:57:30,UTC-04:00,Took prescription sleep medication?,false,
2024-08-02 00:10:30,2024-08-02 23:51:22,UTC-04:00,Have an injury or wound?,false,
2024-08-02 00:10:30,2024-08-02 23:51:22,UTC-04:00,Took prescription sleep medication?,false,
2024-08-02 00:10:30,2024-08-02 23:51:22,UTC-04:00,Viewed a screen device in bed?,false,
2024-08-02 00:10:30,2024-08-02 23:51:22,UTC-04:00,Read (non-screened device) while in bed?,false,
2024-08-02 00:10:30,2024-08-02 23:51:22,UTC-04:00,Feeling sick or ill?,false,
2024-08-02 00:10:30,2024-08-02 23:51:22,UTC-04:00,Have any alcoholic drinks?,false,
2024-08-02 00:10:30,2024-08-02 23:51:22,UTC-04:00,Consumed caffeine?,false,
2024-08-02 00:10:30,2024-08-02 23:51:22,UTC-04:00,Feeling sick or ill?,false,
2024-07-31 23:52:40,2024-08-02 00:10:30,UTC-04:00,Have any alcoholic drinks?,false,
2024-07-31 23:52:40,2024-08-02 00:10:30,UTC-04:00,Consumed caffeine?,false,
2024-07-31 23:52:40,2024-08-02 00:10:30,UTC-04:00,Viewed a screen device in bed?,false,
2024-07-31 23:52:40,2024-08-02 00:10:30,UTC-04:00,Have an injury or wound?,false,
2024-07-31 23:52:40,2024-08-02 00:10:30,UTC-04:00,Took prescription sleep medication?,false,
2024-07-31 23:52:40,2024-08-02 00:10:30,UTC-04:00,Read (non-screened device) while in bed?,false,
2024-07-31 23:52:40,2024-08-02 00:10:30,UTC-04:00,Shared your bed?,false,
2024-07-31 23:52:40,2024-08-02 00:10:30,UTC-04:00,Feeling sick or ill?,false,
2024-07-30 23:04:49,2024-07-31 23:52:40,UTC-04:00,Have any alcoholic drinks?,false,
2024-07-30 23:04:49,2024-07-31 23:52:40,UTC-04:00,Consumed caffeine?,false,
2024-07-30 23:04:49,2024-07-31 23:52:40,UTC-04:00,Viewed a screen device in bed?,false,
2024-07-30 23:04:49,2024-07-31 23:52:40,UTC-04:00,Have an injury or wound?,false,
2024-07-30 23:04:49,2024-07-31 23:52:40,UTC-04:00,Took prescription sleep medication?,false,
2024-07-30 23:04:49,2024-07-31 23:52:40,UTC-04:00,Read (non-screened device) while in bed?,false,
2024-07-30 23:04:49,2024-07-31 23:52:40,UTC-04:00,Shared your bed?,false,
2024-07-30 23:04:49,2024-07-31 23:52:40,UTC-04:00,Feeling sick or ill?,false,
2024-07-29 23:05:28,2024-07-30 23:04:49,UTC-04:00,Have any alcoholic drinks?,false,
2024-07-29 23:05:28,2024-07-30 23:04:49,UTC-04:00,Consumed caffeine?,false,
2024-07-29 23:05:28,2024-07-30 23:04:49,UTC-04:00,Viewed a screen device in bed?,false,
2024-07-29 23:05:28,2024-07-30 23:04:49,UTC-04:00,Have an injury or wound?,false,
2024-07-29 23:05:28,2024-07-30 23:04:49,UTC-04:00,Took prescription sleep medication?,false,
2024-07-29 23:05:28,2024-07-30 23:04:49,UTC-04:00,Read (non-screened device) while in bed?,false,
2024-07-29 23:05:28,2024-07-30 23:04:49,UTC-04:00,Shared your bed?,false,
2024-07-29 23:05:28,2024-07-30 23:04:49,UTC-04:00,Feeling sick or ill?,false,
2024-07-28 22:56:31,2024-07-29 23:05:28,UTC-04:00,Have any alcoholic drinks?,false,
2024-07-28 22:56:31,2024-07-29 23:05:28,UTC-04:00,Consumed caffeine?,false,
2024-07-28 22:56:31,2024-07-29 23:05:28,UTC-04:00,Viewed a screen device in bed?,false,
2024-07-28 22:56:31,2024-07-29 23:05:28,UTC-04:00,Have an injury or wound?,false,
2024-07-28 22:56:31,2024-07-29 23:05:28,UTC-04:00,Took prescription sleep medication?,false,
2024-07-28 22:56:31,2024-07-29 23:05:28,UTC-04:00,Read (non-screened device) while in bed?,false,
2024-07-28 22:56:31,2024-07-29 23:05:28,UTC-04:00,Shared your bed?,false,
2024-07-28 22:56:31,2024-07-29 23:05:28,UTC-04:00,Feeling sick or ill?,false,
2024-07-27 23:30:23,2024-07-28 22:56:31,UTC-04:00,Have any alcoholic drinks?,false,
2024-07-27 23:30:23,2024-07-28 22:56:31,UTC-04:00,Consumed caffeine?,false,
2024-07-27 23:30:23,2024-07-28 22:56:31,UTC-04:00,Viewed a screen device in bed?,false,
2024-07-27 23:30:23,2024-07-28 22:56:31,UTC-04:00,Have an injury or wound?,false,
2024-07-27 23:30:23,2024-07-28 22:56:31,UTC-04:00,Took prescription sleep medication?,false,
2024-07-27 23:30:23,2024-07-28 22:56:31,UTC-04:00,Read (non-screened device) while in bed?,false,
2024-07-27 23:30:23,2024-07-28 22:56:31,UTC-04:00,Shared your bed?,false,
2024-07-27 23:30:23,2024-07-28 22:56:31,UTC-04:00,Feeling sick or ill?,false,
2024-07-25 23:19:24,2024-07-27 00:00:00,UTC-04:00,Have any alcoholic drinks?,false,
2024-07-25 23:19:24,2024-07-27 00:00:00,UTC-04:00,Consumed caffeine?,false,
2024-07-25 23:19:24,2024-07-27 00:00:00,UTC-04:00,Viewed a screen device in bed?,false,
2024-07-25 23:19:24,2024-07-27 00:00:00,UTC-04:00,Have an injury or wound?,false,
2024-07-25 23:19:24,2024-07-27 00:00:00,UTC-04:00,Took prescription sleep medication?,false,
2024-07-25 23:19:24,2024-07-27 00:00:00,UTC-04:00,Read (non-screened device) while in bed?,false,
2024-07-25 23:19:24,2024-07-27 00:00:00,UTC-04:00,Shared your bed?,false,
2024-07-25 23:19:24,2024-07-27 00:00:00,UTC-04:00,Feeling sick or ill?,false,
2024-07-24 23:16:00,2024-07-25 23:19:24,UTC-04:00,Have any alcoholic drinks?,false,
2024-07-24 23:16:00,2024-07-25 23:19:24,UTC-04:00,Consumed caffeine?,false,
2024-07-24 23:16:00,2024-07-25 23:19:24,UTC-04:00,Viewed a screen device in bed?,false,
2024-07-24 23:16:00,2024-07-25 23:19:24,UTC-04:00,Have an injury or wound?,false,
2024-07-24 23:16:00,2024-07-25 23:19:24,UTC-04:00,Took prescription sleep medication?,false,
2024-07-24 23:16:00,2024-07-25 23:19:24,UTC-04:00,Read (non-screened device) while in bed?,false,
2024-07-24 23:16:00,2024-07-25 23:19:24,UTC-04:00,Shared your bed?,false,
2024-07-24 23:16:00,2024-07-25 23:19:24,UTC-04:00,Feeling sick or ill?,false,
2024-07-23 23:01:18,2024-07-24 23:16:00,UTC-04:00,Have any alcoholic drinks?,false,
2024-07-23 23:01:18,2024-07-24 23:16:00,UTC-04:00,Consumed caffeine?,false,
2024-07-23 23:01:18,2024-07-24 23:16:00,UTC-04:00,Viewed a screen device in bed?,false,
2024-07-23 23:01:18,2024-07-24 23:16:00,UTC-04:00,Have an injury or wound?,false,
2024-07-23 23:01:18,2024-07-24 23:16:00,UTC-04:00,Took prescription sleep medication?,false,
2024-07-23 23:01:18,2024-07-24 23:16:00,UTC-04:00,Read (non-screened device) while in bed?,false,
2024-07-23 23:01:18,2024-07-24 23:16:00,UTC-04:00,Shared your bed?,false,
2024-07-23 23:01:18,2024-07-24 23:16:00,UTC-04:00,Feeling sick or ill?,false,
2024-07-21 23:53:21,2024-07-22 23:23:11,UTC-04:00,Have any alcoholic drinks?,false,
2024-07-21 23:53:21,2024-07-22 23:23:11,UTC-04:00,Consumed caffeine?,false,
2024-07-21 23:53:21,2024-07-22 23:23:11,UTC-04:00,Viewed a screen device in bed?,false,
2024-07-21 23:53:21,2024-07-22 23:23:11,UTC-04:00,Have an injury or wound?,false,
2024-07-21 23:53:21,2024-07-22 23:23:11,UTC-04:00,Took prescription sleep medication?,false,
2024-07-21 23:53:21,2024-07-22 23:23:11,UTC-04:00,Read (non-screened device) while in bed?,false,
2024-07-21 23:53:21,2024-07-22 23:23:11,UTC-04:00,Shared your bed?,false,
2024-07-21 23:53:21,2024-07-22 23:23:11,UTC-04:00,Feeling sick or ill?,false,
2024-07-21 00:56:21,2024-07-21 23:53:21,UTC-04:00,Have any alcoholic drinks?,true,
2024-07-21 00:56:21,2024-07-21 23:53:21,UTC-04:00,Consumed caffeine?,false,
2024-07-21 00:56:21,2024-07-21 23:53:21,UTC-04:00,Viewed a screen device in bed?,false,
2024-07-21 00:56:21,2024-07-21 23:53:21,UTC-04:00,Have an injury or wound?,false,
2024-07-21 00:56:21,2024-07-21 23:53:21,UTC-04:00,Took prescription sleep medication?,false,
2024-07-21 00:56:21,2024-07-21 23:53:21,UTC-04:00,Read (non-screened device) while in bed?,false,
2024-07-21 00:56:21,2024-07-21 23:53:21,UTC-04:00,Shared your bed?,false,
2024-07-21 00:56:21,2024-07-21 23:53:21,UTC-04:00,Feeling sick or ill?,false,
2024-07-19 23:11:40,2024-07-21 00:56:21,UTC-04:00,Have any alcoholic drinks?,false,
2024-07-19 23:11:40,2024-07-21 00:56:21,UTC-04:00,Consumed caffeine?,false,
2024-07-19 23:11:40,2024-07-21 00:56:21,UTC-04:00,Viewed a screen device in bed?,false,
2024-07-19 23:11:40,2024-07-21 00:56:21,UTC-04:00,Have an injury or wound?,false,
2024-07-19 23:11:40,2024-07-21 00:56:21,UTC-04:00,Took prescription sleep medication?,false,
2024-07-19 23:11:40,2024-07-21 00:56:21,UTC-04:00,Read (non-screened device) while in bed?,false,
2024-07-19 23:11:40,2024-07-21 00:56:21,UTC-04:00,Shared your bed?,false,
2024-07-19 23:11:40,2024-07-21 00:56:21,UTC-04:00,Feeling sick or ill?,false,
2024-07-18 22:47:49,2024-07-19 23:11:40,UTC-04:00,Have any alcoholic drinks?,false,
2024-07-18 22:47:49,2024-07-19 23:11:40,UTC-04:00,Consumed caffeine?,false,
2024-07-18 22:47:49,2024-07-19 23:11:40,UTC-04:00,Viewed a screen device in bed?,false,
2024-07-18 22:47:49,2024-07-19 23:11:40,UTC-04:00,Have an injury or wound?,false,
2024-07-18 22:47:49,2024-07-19 23:11:40,UTC-04:00,Took prescription sleep medication?,false,
2024-07-18 22:47:49,2024-07-19 23:11:40,UTC-04:00,Read (non-screened device) while in bed?,false,
2024-07-18 22:47:49,2024-07-19 23:11:40,UTC-04:00,Shared your bed?,false,
2024-07-18 22:47:49,2024-07-19 23:11:40,UTC-04:00,Feeling sick or ill?,false,
2024-07-18 00:07:33,2024-07-18 22:47:49,UTC-04:00,Have any alcoholic drinks?,false,
2024-07-18 00:07:33,2024-07-18 22:47:49,UTC-04:00,Consumed caffeine?,false,
2024-07-18 00:07:33,2024-07-18 22:47:49,UTC-04:00,Viewed a screen device in bed?,false,
2024-07-18 00:07:33,2024-07-18 22:47:49,UTC-04:00,Have an injury or wound?,false,
2024-07-18 00:07:33,2024-07-18 22:47:49,UTC-04:00,Took prescription sleep medication?,false,
2024-07-18 00:07:33,2024-07-18 22:47:49,UTC-04:00,Read (non-screened device) while in bed?,false,
2024-07-18 00:07:33,2024-07-18 22:47:49,UTC-04:00,Shared your bed?,false,
2024-07-18 00:07:33,2024-07-18 22:47:49,UTC-04:00,Feeling sick or ill?,false,
2024-07-16 23:12:27,2024-07-18 00:07:33,UTC-04:00,Have any alcoholic drinks?,false,
2024-07-16 23:12:27,2024-07-18 00:07:33,UTC-04:00,Consumed caffeine?,false,
2024-07-16 23:12:27,2024-07-18 00:07:33,UTC-04:00,Viewed a screen device in bed?,false,
2024-07-16 23:12:27,2024-07-18 00:07:33,UTC-04:00,Have an injury or wound?,false,
2024-07-16 23:12:27,2024-07-18 00:07:33,UTC-04:00,Took prescription sleep medication?,false,
2024-07-16 23:12:27,2024-07-18 00:07:33,UTC-04:00,Read (non-screened device) while in bed?,false,
2024-07-16 23:12:27,2024-07-18 00:07:33,UTC-04:00,Shared your bed?,false,
2024-07-16 23:12:27,2024-07-18 00:07:33,UTC-04:00,Feeling sick or ill?,false,
2024-07-15 23:41:52,2024-07-16 23:12:27,UTC-04:00,Read (non-screened device) while in bed?,false,
2024-07-15 23:41:52,2024-07-16 23:12:27,UTC-04:00,Have any alcoholic drinks?,false,
2024-07-15 23:41:52,2024-07-16 23:12:27,UTC-04:00,Consumed caffeine?,false,
2024-07-15 23:41:52,2024-07-16 23:12:27,UTC-04:00,Viewed a screen device in bed?,false,
2024-07-15 23:41:52,2024-07-16 23:12:27,UTC-04:00,Have an injury or wound?,false,
2024-07-15 23:41:52,2024-07-16 23:12:27,UTC-04:00,Took prescription sleep medication?,false,
2024-07-15 23:41:52,2024-07-16 23:12:27,UTC-04:00,Shared your bed?,false,
2024-07-15 23:41:52,2024-07-16 23:12:27,UTC-04:00,Feeling sick or ill?,false,
2024-07-14 23:31:44,2024-07-15 23:41:52,UTC-04:00,Feeling sick or ill?,false,
2024-07-14 23:31:44,2024-07-15 23:41:52,UTC-04:00,Have any alcoholic drinks?,false,
2024-07-14 23:31:44,2024-07-15 23:41:52,UTC-04:00,Consumed caffeine?,false,
2024-07-14 23:31:44,2024-07-15 23:41:52,UTC-04:00,Viewed a screen device in bed?,false,
2024-07-14 23:31:44,2024-07-15 23:41:52,UTC-04:00,Have an injury or wound?,false,
2024-07-14 23:31:44,2024-07-15 23:41:52,UTC-04:00,Took prescription sleep medication?,false,
2024-07-14 23:31:44,2024-07-15 23:41:52,UTC-04:00,Read (non-screened device) while in bed?,false,
2024-07-14 23:31:44,2024-07-15 23:41:52,UTC-04:00,Shared your bed?,false,
2024-07-14 00:55:28,2024-07-14 23:31:44,UTC-04:00,Shared your bed?,false,
2024-07-14 00:55:28,2024-07-14 23:31:44,UTC-04:00,Have any alcoholic drinks?,false,
2024-07-14 00:55:28,2024-07-14 23:31:44,UTC-04:00,Consumed caffeine?,false,
2024-07-14 00:55:28,2024-07-14 23:31:44,UTC-04:00,Viewed a screen device in bed?,false,
2024-07-14 00:55:28,2024-07-14 23:31:44,UTC-04:00,Have an injury or wound?,false,
2024-07-14 00:55:28,2024-07-14 23:31:44,UTC-04:00,Took prescription sleep medication?,false,
2024-07-14 00:55:28,2024-07-14 23:31:44,UTC-04:00,Read (non-screened device) while in bed?,false,
2024-07-14 00:55:28,2024-07-14 23:31:44,UTC-04:00,Feeling sick or ill?,false,
2024-07-11 23:30:22,2024-07-12 23:24:28,UTC-04:00,Shared your bed?,false,
2024-07-11 23:30:22,2024-07-12 23:24:28,UTC-04:00,Have any alcoholic drinks?,false,
2024-07-11 23:30:22,2024-07-12 23:24:28,UTC-04:00,Consumed caffeine?,false,
2024-07-11 23:30:22,2024-07-12 23:24:28,UTC-04:00,Viewed a screen device in bed?,false,
2024-07-11 23:30:22,2024-07-12 23:24:28,UTC-04:00,Have an injury or wound?,false,
2024-07-11 23:30:22,2024-07-12 23:24:28,UTC-04:00,Took prescription sleep medication?,false,
2024-07-11 23:30:22,2024-07-12 23:24:28,UTC-04:00,Read (non-screened device) while in bed?,false,
2024-07-11 23:30:22,2024-07-12 23:24:28,UTC-04:00,Feeling sick or ill?,false,
2024-07-10 23:24:28,2024-07-11 23:30:22,UTC-04:00,Shared your bed?,false,
2024-07-10 23:24:28,2024-07-11 23:30:22,UTC-04:00,Have any alcoholic drinks?,false,
2024-07-10 23:24:28,2024-07-11 23:30:22,UTC-04:00,Consumed caffeine?,false,
2024-07-10 23:24:28,2024-07-11 23:30:22,UTC-04:00,Viewed a screen device in bed?,false,
2024-07-10 23:24:28,2024-07-11 23:30:22,UTC-04:00,Have an injury or wound?,false,
2024-07-10 23:24:28,2024-07-11 23:30:22,UTC-04:00,Took prescription sleep medication?,false,
2024-07-10 23:24:28,2024-07-11 23:30:22,UTC-04:00,Read (non-screened device) while in bed?,false,
2024-07-10 23:24:28,2024-07-11 23:30:22,UTC-04:00,Feeling sick or ill?,false,
2024-07-09 22:39:22,2024-07-10 23:24:28,UTC-04:00,Feeling sick or ill?,false,
2024-07-09 22:39:22,2024-07-10 23:24:28,UTC-04:00,Have any alcoholic drinks?,false,
2024-07-09 22:39:22,2024-07-10 23:24:28,UTC-04:00,Consumed caffeine?,false,
2024-07-09 22:39:22,2024-07-10 23:24:28,UTC-04:00,Viewed a screen device in bed?,false,
2024-07-09 22:39:22,2024-07-10 23:24:28,UTC-04:00,Have an injury or wound?,false,
2024-07-09 22:39:22,2024-07-10 23:24:28,UTC-04:00,Took prescription sleep medication?,false,
2024-07-09 22:39:22,2024-07-10 23:24:28,UTC-04:00,Read (non-screened device) while in bed?,false,
2024-07-09 22:39:22,2024-07-10 23:24:28,UTC-04:00,Shared your bed?,false,
2024-07-08 22:40:58,2024-07-09 22:39:22,UTC-04:00,Feeling sick or ill?,false,
2024-07-08 22:40:58,2024-07-09 22:39:22,UTC-04:00,Have any alcoholic drinks?,false,
2024-07-08 22:40:58,2024-07-09 22:39:22,UTC-04:00,Consumed caffeine?,false,
2024-07-08 22:40:58,2024-07-09 22:39:22,UTC-04:00,Viewed a screen device in bed?,false,
2024-07-08 22:40:58,2024-07-09 22:39:22,UTC-04:00,Have an injury or wound?,false,
2024-07-08 22:40:58,2024-07-09 22:39:22,UTC-04:00,Took prescription sleep medication?,false,
2024-07-08 22:40:58,2024-07-09 22:39:22,UTC-04:00,Read (non-screened device) while in bed?,false,
2024-07-08 22:40:58,2024-07-09 22:39:22,UTC-04:00,Shared your bed?,false,
2024-07-08 00:09:06,2024-07-08 22:40:58,UTC-04:00,Shared your bed?,false,
2024-07-08 00:09:06,2024-07-08 22:40:58,UTC-04:00,Have any alcoholic drinks?,false,
2024-07-08 00:09:06,2024-07-08 22:40:58,UTC-04:00,Consumed caffeine?,false,
2024-07-08 00:09:06,2024-07-08 22:40:58,UTC-04:00,Viewed a screen device in bed?,false,
2024-07-08 00:09:06,2024-07-08 22:40:58,UTC-04:00,Have an injury or wound?,false,
2024-07-08 00:09:06,2024-07-08 22:40:58,UTC-04:00,Took prescription sleep medication?,false,
2024-07-08 00:09:06,2024-07-08 22:40:58,UTC-04:00,Read (non-screened device) while in bed?,false,
2024-07-08 00:09:06,2024-07-08 22:40:58,UTC-04:00,Feeling sick or ill?,false,
2024-07-07 00:46:02,2024-07-08 00:09:06,UTC-04:00,Shared your bed?,false,
2024-07-07 00:46:02,2024-07-08 00:09:06,UTC-04:00,Have any alcoholic drinks?,true,
2024-07-07 00:46:02,2024-07-08 00:09:06,UTC-04:00,Consumed caffeine?,false,
2024-07-07 00:46:02,2024-07-08 00:09:06,UTC-04:00,Viewed a screen device in bed?,false,
2024-07-07 00:46:02,2024-07-08 00:09:06,UTC-04:00,Have an injury or wound?,false,
2024-07-07 00:46:02,2024-07-08 00:09:06,UTC-04:00,Took prescription sleep medication?,false,
2024-07-07 00:46:02,2024-07-08 00:09:06,UTC-04:00,Read (non-screened device) while in bed?,false,
2024-07-07 00:46:02,2024-07-08 00:09:06,UTC-04:00,Feeling sick or ill?,false,
2024-07-05 23:38:54,2024-07-07 00:46:02,UTC-04:00,Shared your bed?,false,
2024-07-05 23:38:54,2024-07-07 00:46:02,UTC-04:00,Have any alcoholic drinks?,true,
2024-07-05 23:38:54,2024-07-07 00:46:02,UTC-04:00,Consumed caffeine?,false,
2024-07-05 23:38:54,2024-07-07 00:46:02,UTC-04:00,Viewed a screen device in bed?,false,
2024-07-05 23:38:54,2024-07-07 00:46:02,UTC-04:00,Have an injury or wound?,false,
2024-07-05 23:38:54,2024-07-07 00:46:02,UTC-04:00,Took prescription sleep medication?,false,
2024-07-05 23:38:54,2024-07-07 00:46:02,UTC-04:00,Read (non-screened device) while in bed?,false,
2024-07-05 23:38:54,2024-07-07 00:46:02,UTC-04:00,Feeling sick or ill?,false,
2024-07-04 23:38:03,2024-07-05 23:38:54,UTC-04:00,Shared your bed?,false,
2024-07-04 23:38:03,2024-07-05 23:38:54,UTC-04:00,Have any alcoholic drinks?,false,
2024-07-04 23:38:03,2024-07-05 23:38:54,UTC-04:00,Consumed caffeine?,false,
2024-07-04 23:38:03,2024-07-05 23:38:54,UTC-04:00,Viewed a screen device in bed?,false,
2024-07-04 23:38:03,2024-07-05 23:38:54,UTC-04:00,Have an injury or wound?,false,
2024-07-04 23:38:03,2024-07-05 23:38:54,UTC-04:00,Took prescription sleep medication?,false,
2024-07-04 23:38:03,2024-07-05 23:38:54,UTC-04:00,Read (non-screened device) while in bed?,false,
2024-07-04 23:38:03,2024-07-05 23:38:54,UTC-04:00,Feeling sick or ill?,false,
2024-07-03 23:44:43,2024-07-04 23:38:03,UTC-04:00,Read (non-screened device) while in bed?,false,
2024-07-03 23:44:43,2024-07-04 23:38:03,UTC-04:00,Feeling sick or ill?,false,
2024-07-03 23:44:43,2024-07-04 23:38:03,UTC-04:00,Shared your bed?,false,
2024-07-03 23:44:43,2024-07-04 23:38:03,UTC-04:00,Took prescription sleep medication?,false,
2024-07-03 23:44:43,2024-07-04 23:38:03,UTC-04:00,Have an injury or wound?,false,
2024-07-03 23:44:43,2024-07-04 23:38:03,UTC-04:00,Viewed a screen device in bed?,false,
2024-07-03 23:44:43,2024-07-04 23:38:03,UTC-04:00,Consumed caffeine?,false,
2024-07-03 23:44:43,2024-07-04 23:38:03,UTC-04:00,Have any alcoholic drinks?,false,
2024-07-02 22:50:04,2024-07-03 23:44:43,UTC-04:00,Consumed caffeine?,false,
2024-07-02 22:50:04,2024-07-03 23:44:43,UTC-04:00,Have any alcoholic drinks?,false,
2024-07-02 22:50:04,2024-07-03 23:44:43,UTC-04:00,Feeling sick or ill?,false,
2024-07-02 22:50:04,2024-07-03 23:44:43,UTC-04:00,Shared your bed?,false,
2024-07-02 22:50:04,2024-07-03 23:44:43,UTC-04:00,Read (non-screened device) while in bed?,false,
2024-07-02 22:50:04,2024-07-03 23:44:43,UTC-04:00,Took prescription sleep medication?,false,
2024-07-02 22:50:04,2024-07-03 23:44:43,UTC-04:00,Have an injury or wound?,false,
2024-07-02 22:50:04,2024-07-03 23:44:43,UTC-04:00,Viewed a screen device in bed?,false,
2024-07-01 23:10:09,2024-07-02 22:50:04,UTC-04:00,Feeling sick or ill?,false,
2024-07-01 23:10:09,2024-07-02 22:50:04,UTC-04:00,Consumed caffeine?,false,
2024-07-01 23:10:09,2024-07-02 22:50:04,UTC-04:00,Viewed a screen device in bed?,false,
2024-07-01 23:10:09,2024-07-02 22:50:04,UTC-04:00,Have an injury or wound?,false,
2024-07-01 23:10:09,2024-07-02 22:50:04,UTC-04:00,Took prescription sleep medication?,false,
2024-07-01 23:10:09,2024-07-02 22:50:04,UTC-04:00,Read (non-screened device) while in bed?,false,
2024-07-01 23:10:09,2024-07-02 22:50:04,UTC-04:00,Shared your bed?,false,
2024-07-01 23:10:09,2024-07-02 22:50:04,UTC-04:00,Have any alcoholic drinks?,false,
2024-06-30 22:37:56,2024-07-01 23:10:09,UTC-04:00,Consumed caffeine?,false,
2024-06-30 22:37:56,2024-07-01 23:10:09,UTC-04:00,Have any alcoholic drinks?,false,
2024-06-30 22:37:56,2024-07-01 23:10:09,UTC-04:00,Viewed a screen device in bed?,false,
2024-06-30 22:37:56,2024-07-01 23:10:09,UTC-04:00,Have an injury or wound?,false,
2024-06-30 22:37:56,2024-07-01 23:10:09,UTC-04:00,Took prescription sleep medication?,false,
2024-06-30 22:37:56,2024-07-01 23:10:09,UTC-04:00,Read (non-screened device) while in bed?,false,
2024-06-30 22:37:56,2024-07-01 23:10:09,UTC-04:00,Shared your bed?,false,
2024-06-30 22:37:56,2024-07-01 23:10:09,UTC-04:00,Feeling sick or ill?,false,
2024-06-30 01:51:03,2024-06-30 22:37:56,UTC-04:00,Feeling sick or ill?,false,
2024-06-30 01:51:03,2024-06-30 22:37:56,UTC-04:00,Have any alcoholic drinks?,true,
2024-06-30 01:51:03,2024-06-30 22:37:56,UTC-04:00,Consumed caffeine?,false,
2024-06-30 01:51:03,2024-06-30 22:37:56,UTC-04:00,Viewed a screen device in bed?,false,
2024-06-30 01:51:03,2024-06-30 22:37:56,UTC-04:00,Have an injury or wound?,false,
2024-06-30 01:51:03,2024-06-30 22:37:56,UTC-04:00,Took prescription sleep medication?,false,
2024-06-30 01:51:03,2024-06-30 22:37:56,UTC-04:00,Read (non-screened device) while in bed?,false,
2024-06-30 01:51:03,2024-06-30 22:37:56,UTC-04:00,Shared your bed?,false,
2024-06-29 01:54:51,2024-06-30 01:51:03,UTC-04:00,Shared your bed?,false,
2024-06-29 01:54:51,2024-06-30 01:51:03,UTC-04:00,Have any alcoholic drinks?,true,
2024-06-29 01:54:51,2024-06-30 01:51:03,UTC-04:00,Consumed caffeine?,false,
2024-06-29 01:54:51,2024-06-30 01:51:03,UTC-04:00,Viewed a screen device in bed?,false,
2024-06-29 01:54:51,2024-06-30 01:51:03,UTC-04:00,Have an injury or wound?,false,
2024-06-29 01:54:51,2024-06-30 01:51:03,UTC-04:00,Took prescription sleep medication?,false,
2024-06-29 01:54:51,2024-06-30 01:51:03,UTC-04:00,Read (non-screened device) while in bed?,false,
2024-06-29 01:54:51,2024-06-30 01:51:03,UTC-04:00,Feeling sick or ill?,false,
2024-06-27 23:55:05,2024-06-29 01:54:51,UTC-04:00,Read (non-screened device) while in bed?,false,
2024-06-27 23:55:05,2024-06-29 01:54:51,UTC-04:00,Have any alcoholic drinks?,true,
2024-06-27 23:55:05,2024-06-29 01:54:51,UTC-04:00,Feeling sick or ill?,false,
2024-06-27 23:55:05,2024-06-29 01:54:51,UTC-04:00,Consumed caffeine?,false,
2024-06-27 23:55:05,2024-06-29 01:54:51,UTC-04:00,Viewed a screen device in bed?,false,
2024-06-27 23:55:05,2024-06-29 01:54:51,UTC-04:00,Have an injury or wound?,false,
2024-06-27 23:55:05,2024-06-29 01:54:51,UTC-04:00,Took prescription sleep medication?,false,
2024-06-27 23:55:05,2024-06-29 01:54:51,UTC-04:00,Shared your bed?,false,
2024-06-26 23:15:45,2024-06-27 23:55:05,UTC-04:00,Feeling sick or ill?,false,
2024-06-26 23:15:45,2024-06-27 23:55:05,UTC-04:00,Have any alcoholic drinks?,false,
2024-06-26 23:15:45,2024-06-27 23:55:05,UTC-04:00,Consumed caffeine?,false,
2024-06-26 23:15:45,2024-06-27 23:55:05,UTC-04:00,Viewed a screen device in bed?,false,
2024-06-26 23:15:45,2024-06-27 23:55:05,UTC-04:00,Have an injury or wound?,false,
2024-06-26 23:15:45,2024-06-27 23:55:05,UTC-04:00,Took prescription sleep medication?,false,
2024-06-26 23:15:45,2024-06-27 23:55:05,UTC-04:00,Read (non-screened device) while in bed?,false,
2024-06-26 23:15:45,2024-06-27 23:55:05,UTC-04:00,Shared your bed?,false,
2024-06-26 01:16:20,2024-06-26 23:15:45,UTC-04:00,Feeling sick or ill?,false,
2024-06-26 01:16:20,2024-06-26 23:15:45,UTC-04:00,Have any alcoholic drinks?,true,
2024-06-26 01:16:20,2024-06-26 23:15:45,UTC-04:00,Consumed caffeine?,false,
2024-06-26 01:16:20,2024-06-26 23:15:45,UTC-04:00,Viewed a screen device in bed?,false,
2024-06-26 01:16:20,2024-06-26 23:15:45,UTC-04:00,Have an injury or wound?,false,
2024-06-26 01:16:20,2024-06-26 23:15:45,UTC-04:00,Took prescription sleep medication?,false,
2024-06-26 01:16:20,2024-06-26 23:15:45,UTC-04:00,Read (non-screened device) while in bed?,false,
2024-06-26 01:16:20,2024-06-26 23:15:45,UTC-04:00,Shared your bed?,false,
2024-06-25 00:38:19,2024-06-26 01:16:20,UTC-04:00,Shared your bed?,false,
2024-06-25 00:38:19,2024-06-26 01:16:20,UTC-04:00,Have any alcoholic drinks?,false,
2024-06-25 00:38:19,2024-06-26 01:16:20,UTC-04:00,Consumed caffeine?,false,
2024-06-25 00:38:19,2024-06-26 01:16:20,UTC-04:00,Viewed a screen device in bed?,false,
2024-06-25 00:38:19,2024-06-26 01:16:20,UTC-04:00,Have an injury or wound?,false,
2024-06-25 00:38:19,2024-06-26 01:16:20,UTC-04:00,Took prescription sleep medication?,false,
2024-06-25 00:38:19,2024-06-26 01:16:20,UTC-04:00,Read (non-screened device) while in bed?,false,
2024-06-25 00:38:19,2024-06-26 01:16:20,UTC-04:00,Feeling sick or ill?,false,
2024-06-23 23:25:29,2024-06-25 00:38:19,UTC-04:00,Shared your bed?,false,
2024-06-23 23:25:29,2024-06-25 00:38:19,UTC-04:00,Have any alcoholic drinks?,false,
2024-06-23 23:25:29,2024-06-25 00:38:19,UTC-04:00,Consumed caffeine?,false,
2024-06-23 23:25:29,2024-06-25 00:38:19,UTC-04:00,Viewed a screen device in bed?,false,
2024-06-23 23:25:29,2024-06-25 00:38:19,UTC-04:00,Have an injury or wound?,false,
2024-06-23 23:25:29,2024-06-25 00:38:19,UTC-04:00,Took prescription sleep medication?,false,
2024-06-23 23:25:29,2024-06-25 00:38:19,UTC-04:00,Read (non-screened device) while in bed?,false,
2024-06-23 23:25:29,2024-06-25 00:38:19,UTC-04:00,Feeling sick or ill?,false,
2024-06-23 00:22:08,2024-06-23 23:25:29,UTC-04:00,Have an injury or wound?,false,
2024-06-23 00:22:08,2024-06-23 23:25:29,UTC-04:00,Have any alcoholic drinks?,true,
2024-06-23 00:22:08,2024-06-23 23:25:29,UTC-04:00,Consumed caffeine?,false,
2024-06-23 00:22:08,2024-06-23 23:25:29,UTC-04:00,Viewed a screen device in bed?,false,
2024-06-23 00:22:08,2024-06-23 23:25:29,UTC-04:00,Took prescription sleep medication?,false,
2024-06-23 00:22:08,2024-06-23 23:25:29,UTC-04:00,Read (non-screened device) while in bed?,false,
2024-06-23 00:22:08,2024-06-23 23:25:29,UTC-04:00,Shared your bed?,false,
2024-06-23 00:22:08,2024-06-23 23:25:29,UTC-04:00,Feeling sick or ill?,false,
2024-06-22 00:56:13,2024-06-23 00:22:08,UTC-04:00,Have an injury or wound?,false,
2024-06-22 00:56:13,2024-06-23 00:22:08,UTC-04:00,Have any alcoholic drinks?,false,
2024-06-22 00:56:13,2024-06-23 00:22:08,UTC-04:00,Consumed caffeine?,false,
2024-06-22 00:56:13,2024-06-23 00:22:08,UTC-04:00,Feeling sick or ill?,false,
2024-06-22 00:56:13,2024-06-23 00:22:08,UTC-04:00,Shared your bed?,false,
2024-06-22 00:56:13,2024-06-23 00:22:08,UTC-04:00,Viewed a screen device in bed?,false,
2024-06-22 00:56:13,2024-06-23 00:22:08,UTC-04:00,Read (non-screened device) while in bed?,false,
2024-06-22 00:56:13,2024-06-23 00:22:08,UTC-04:00,Took prescription sleep medication?,false,
2024-06-21 00:07:39,2024-06-22 00:56:13,UTC-04:00,Took prescription sleep medication?,false,
2024-06-21 00:07:39,2024-06-22 00:56:13,UTC-04:00,Viewed a screen device in bed?,false,
2024-06-21 00:07:39,2024-06-22 00:56:13,UTC-04:00,Have an injury or wound?,false,
2024-06-21 00:07:39,2024-06-22 00:56:13,UTC-04:00,Have any alcoholic drinks?,false,
2024-06-21 00:07:39,2024-06-22 00:56:13,UTC-04:00,Read (non-screened device) while in bed?,false,
2024-06-21 00:07:39,2024-06-22 00:56:13,UTC-04:00,Shared your bed?,false,
2024-06-21 00:07:39,2024-06-22 00:56:13,UTC-04:00,Feeling sick or ill?,false,
2024-06-21 00:07:39,2024-06-22 00:56:13,UTC-04:00,Consumed caffeine?,false,
2024-06-20 00:17:31,2024-06-21 00:07:39,UTC-04:00,Have any alcoholic drinks?,false,
2024-06-20 00:17:31,2024-06-21 00:07:39,UTC-04:00,Feeling sick or ill?,false,
2024-06-20 00:17:31,2024-06-21 00:07:39,UTC-04:00,Shared your bed?,false,
2024-06-20 00:17:31,2024-06-21 00:07:39,UTC-04:00,Read (non-screened device) while in bed?,false,
2024-06-20 00:17:31,2024-06-21 00:07:39,UTC-04:00,Took prescription sleep medication?,false,
2024-06-20 00:17:31,2024-06-21 00:07:39,UTC-04:00,Have an injury or wound?,false,
2024-06-20 00:17:31,2024-06-21 00:07:39,UTC-04:00,Viewed a screen device in bed?,false,
2024-06-20 00:17:31,2024-06-21 00:07:39,UTC-04:00,Consumed caffeine?,false,
2024-06-18 23:16:05,2024-06-20 00:17:31,UTC-04:00,Have any alcoholic drinks?,false,
2024-06-18 23:16:05,2024-06-20 00:17:31,UTC-04:00,Feeling sick or ill?,false,
2024-06-18 23:16:05,2024-06-20 00:17:31,UTC-04:00,Shared your bed?,false,
2024-06-18 23:16:05,2024-06-20 00:17:31,UTC-04:00,Read (non-screened device) while in bed?,false,
2024-06-18 23:16:05,2024-06-20 00:17:31,UTC-04:00,Took prescription sleep medication?,false,
2024-06-18 23:16:05,2024-06-20 00:17:31,UTC-04:00,Have an injury or wound?,false,
2024-06-18 23:16:05,2024-06-20 00:17:31,UTC-04:00,Viewed a screen device in bed?,false,
2024-06-18 23:16:05,2024-06-20 00:17:31,UTC-04:00,Consumed caffeine?,false,
2024-06-17 23:14:35,2024-06-18 23:16:05,UTC-04:00,Have any alcoholic drinks?,false,
2024-06-17 23:14:35,2024-06-18 23:16:05,UTC-04:00,Consumed caffeine?,false,
2024-06-17 23:14:35,2024-06-18 23:16:05,UTC-04:00,Viewed a screen device in bed?,false,
2024-06-17 23:14:35,2024-06-18 23:16:05,UTC-04:00,Have an injury or wound?,false,
2024-06-17 23:14:35,2024-06-18 23:16:05,UTC-04:00,Took prescription sleep medication?,false,
2024-06-17 23:14:35,2024-06-18 23:16:05,UTC-04:00,Read (non-screened device) while in bed?,false,
2024-06-17 23:14:35,2024-06-18 23:16:05,UTC-04:00,Shared your bed?,false,
2024-06-17 23:14:35,2024-06-18 23:16:05,UTC-04:00,Feeling sick or ill?,false,
2024-06-16 22:56:47,2024-06-17 23:14:35,UTC-04:00,Have any alcoholic drinks?,false,
2024-06-16 22:56:47,2024-06-17 23:14:35,UTC-04:00,Consumed caffeine?,false,
2024-06-16 22:56:47,2024-06-17 23:14:35,UTC-04:00,Viewed a screen device in bed?,false,
2024-06-16 22:56:47,2024-06-17 23:14:35,UTC-04:00,Have an injury or wound?,false,
2024-06-16 22:56:47,2024-06-17 23:14:35,UTC-04:00,Took prescription sleep medication?,false,
2024-06-16 22:56:47,2024-06-17 23:14:35,UTC-04:00,Read (non-screened device) while in bed?,false,
2024-06-16 22:56:47,2024-06-17 23:14:35,UTC-04:00,Shared your bed?,false,
2024-06-16 22:56:47,2024-06-17 23:14:35,UTC-04:00,Feeling sick or ill?,false,
2024-06-15 23:16:25,2024-06-16 22:56:47,UTC-04:00,Have any alcoholic drinks?,false,
2024-06-15 23:16:25,2024-06-16 22:56:47,UTC-04:00,Consumed caffeine?,false,
2024-06-15 23:16:25,2024-06-16 22:56:47,UTC-04:00,Viewed a screen device in bed?,false,
2024-06-15 23:16:25,2024-06-16 22:56:47,UTC-04:00,Have an injury or wound?,false,
2024-06-15 23:16:25,2024-06-16 22:56:47,UTC-04:00,Took prescription sleep medication?,false,
2024-06-15 23:16:25,2024-06-16 22:56:47,UTC-04:00,Read (non-screened device) while in bed?,false,
2024-06-15 23:16:25,2024-06-16 22:56:47,UTC-04:00,Shared your bed?,false,
2024-06-15 23:16:25,2024-06-16 22:56:47,UTC-04:00,Feeling sick or ill?,false,
2024-06-15 00:02:29,2024-06-15 23:16:25,UTC-04:00,Have any alcoholic drinks?,true,
2024-06-15 00:02:29,2024-06-15 23:16:25,UTC-04:00,Consumed caffeine?,false,
2024-06-15 00:02:29,2024-06-15 23:16:25,UTC-04:00,Viewed a screen device in bed?,false,
2024-06-15 00:02:29,2024-06-15 23:16:25,UTC-04:00,Have an injury or wound?,false,
2024-06-15 00:02:29,2024-06-15 23:16:25,UTC-04:00,Took prescription sleep medication?,false,
2024-06-15 00:02:29,2024-06-15 23:16:25,UTC-04:00,Read (non-screened device) while in bed?,false,
2024-06-15 00:02:29,2024-06-15 23:16:25,UTC-04:00,Shared your bed?,false,
2024-06-15 00:02:29,2024-06-15 23:16:25,UTC-04:00,Feeling sick or ill?,false,
2024-06-13 23:37:37,2024-06-15 00:02:29,UTC-04:00,Have any alcoholic drinks?,false,
2024-06-13 23:37:37,2024-06-15 00:02:29,UTC-04:00,Consumed caffeine?,false,
2024-06-13 23:37:37,2024-06-15 00:02:29,UTC-04:00,Viewed a screen device in bed?,false,
2024-06-13 23:37:37,2024-06-15 00:02:29,UTC-04:00,Have an injury or wound?,false,
2024-06-13 23:37:37,2024-06-15 00:02:29,UTC-04:00,Took prescription sleep medication?,false,
2024-06-13 23:37:37,2024-06-15 00:02:29,UTC-04:00,Read (non-screened device) while in bed?,false,
2024-06-13 23:37:37,2024-06-15 00:02:29,UTC-04:00,Shared your bed?,false,
2024-06-13 23:37:37,2024-06-15 00:02:29,UTC-04:00,Feeling sick or ill?,false,
2024-06-12 22:34:12,2024-06-13 23:37:37,UTC-04:00,Have any alcoholic drinks?,true,
2024-06-12 22:34:12,2024-06-13 23:37:37,UTC-04:00,Consumed caffeine?,false,
2024-06-12 22:34:12,2024-06-13 23:37:37,UTC-04:00,Viewed a screen device in bed?,false,
2024-06-12 22:34:12,2024-06-13 23:37:37,UTC-04:00,Have an injury or wound?,false,
2024-06-12 22:34:12,2024-06-13 23:37:37,UTC-04:00,Took prescription sleep medication?,false,
2024-06-12 22:34:12,2024-06-13 23:37:37,UTC-04:00,Read (non-screened device) while in bed?,false,
2024-06-12 22:34:12,2024-06-13 23:37:37,UTC-04:00,Shared your bed?,false,
2024-06-12 22:34:12,2024-06-13 23:37:37,UTC-04:00,Feeling sick or ill?,false,
2024-06-11 22:54:49,2024-06-12 22:34:12,UTC-04:00,Have any alcoholic drinks?,true,
2024-06-11 22:54:49,2024-06-12 22:34:12,UTC-04:00,Consumed caffeine?,false,
2024-06-11 22:54:49,2024-06-12 22:34:12,UTC-04:00,Viewed a screen device in bed?,false,
2024-06-11 22:54:49,2024-06-12 22:34:12,UTC-04:00,Have an injury or wound?,false,
2024-06-11 22:54:49,2024-06-12 22:34:12,UTC-04:00,Took prescription sleep medication?,false,
2024-06-11 22:54:49,2024-06-12 22:34:12,UTC-04:00,Read (non-screened device) while in bed?,false,
2024-06-11 22:54:49,2024-06-12 22:34:12,UTC-04:00,Shared your bed?,false,
2024-06-11 22:54:49,2024-06-12 22:34:12,UTC-04:00,Feeling sick or ill?,false,
2024-06-10 22:52:37,2024-06-11 22:54:49,UTC-04:00,Have any alcoholic drinks?,false,
2024-06-10 22:52:37,2024-06-11 22:54:49,UTC-04:00,Consumed caffeine?,false,
2024-06-10 22:52:37,2024-06-11 22:54:49,UTC-04:00,Viewed a screen device in bed?,false,
2024-06-10 22:52:37,2024-06-11 22:54:49,UTC-04:00,Have an injury or wound?,false,
2024-06-10 22:52:37,2024-06-11 22:54:49,UTC-04:00,Took prescription sleep medication?,false,
2024-06-10 22:52:37,2024-06-11 22:54:49,UTC-04:00,Read (non-screened device) while in bed?,false,
2024-06-10 22:52:37,2024-06-11 22:54:49,UTC-04:00,Shared your bed?,false,
2024-06-10 22:52:37,2024-06-11 22:54:49,UTC-04:00,Feeling sick or ill?,false,
2024-06-09 22:59:34,2024-06-10 22:52:37,UTC-04:00,Have any alcoholic drinks?,false,
2024-06-09 22:59:34,2024-06-10 22:52:37,UTC-04:00,Consumed caffeine?,false,
2024-06-09 22:59:34,2024-06-10 22:52:37,UTC-04:00,Viewed a screen device in bed?,false,
2024-06-09 22:59:34,2024-06-10 22:52:37,UTC-04:00,Have an injury or wound?,false,
2024-06-09 22:59:34,2024-06-10 22:52:37,UTC-04:00,Took prescription sleep medication?,false,
2024-06-09 22:59:34,2024-06-10 22:52:37,UTC-04:00,Read (non-screened device) while in bed?,false,
2024-06-09 22:59:34,2024-06-10 22:52:37,UTC-04:00,Shared your bed?,false,
2024-06-09 22:59:34,2024-06-10 22:52:37,UTC-04:00,Feeling sick or ill?,false,
2024-06-08 03:26:19,2024-06-09 22:59:34,UTC-04:00,Have any alcoholic drinks?,true,
2024-06-08 03:26:19,2024-06-09 22:59:34,UTC-04:00,Consumed caffeine?,false,
2024-06-08 03:26:19,2024-06-09 22:59:34,UTC-04:00,Viewed a screen device in bed?,false,
2024-06-08 03:26:19,2024-06-09 22:59:34,UTC-04:00,Have an injury or wound?,false,
2024-06-08 03:26:19,2024-06-09 22:59:34,UTC-04:00,Took prescription sleep medication?,false,
2024-06-08 03:26:19,2024-06-09 22:59:34,UTC-04:00,Read (non-screened device) while in bed?,false,
2024-06-08 03:26:19,2024-06-09 22:59:34,UTC-04:00,Shared your bed?,false,
2024-06-08 03:26:19,2024-06-09 22:59:34,UTC-04:00,Feeling sick or ill?,false,
2024-06-06 23:20:37,2024-06-08 03:26:19,UTC-04:00,Have any alcoholic drinks?,true,
2024-06-06 23:20:37,2024-06-08 03:26:19,UTC-04:00,Consumed caffeine?,false,
2024-06-06 23:20:37,2024-06-08 03:26:19,UTC-04:00,Viewed a screen device in bed?,false,
2024-06-06 23:20:37,2024-06-08 03:26:19,UTC-04:00,Have an injury or wound?,false,
2024-06-06 23:20:37,2024-06-08 03:26:19,UTC-04:00,Took prescription sleep medication?,false,
2024-06-06 23:20:37,2024-06-08 03:26:19,UTC-04:00,Read (non-screened device) while in bed?,false,
2024-06-06 23:20:37,2024-06-08 03:26:19,UTC-04:00,Shared your bed?,false,
2024-06-06 23:20:37,2024-06-08 03:26:19,UTC-04:00,Feeling sick or ill?,false,
2024-06-05 22:41:36,2024-06-06 23:20:37,UTC-04:00,Have any alcoholic drinks?,false,
2024-06-05 22:41:36,2024-06-06 23:20:37,UTC-04:00,Consumed caffeine?,false,
2024-06-05 22:41:36,2024-06-06 23:20:37,UTC-04:00,Viewed a screen device in bed?,false,
2024-06-05 22:41:36,2024-06-06 23:20:37,UTC-04:00,Have an injury or wound?,false,
2024-06-05 22:41:36,2024-06-06 23:20:37,UTC-04:00,Took prescription sleep medication?,false,
2024-06-05 22:41:36,2024-06-06 23:20:37,UTC-04:00,Read (non-screened device) while in bed?,false,
2024-06-05 22:41:36,2024-06-06 23:20:37,UTC-04:00,Shared your bed?,false,
2024-06-05 22:41:36,2024-06-06 23:20:37,UTC-04:00,Feeling sick or ill?,false,
2024-06-04 23:11:56,2024-06-05 22:41:36,UTC-04:00,Have any alcoholic drinks?,false,
2024-06-04 23:11:56,2024-06-05 22:41:36,UTC-04:00,Consumed caffeine?,false,
2024-06-04 23:11:56,2024-06-05 22:41:36,UTC-04:00,Viewed a screen device in bed?,false,
2024-06-04 23:11:56,2024-06-05 22:41:36,UTC-04:00,Have an injury or wound?,false,
2024-06-04 23:11:56,2024-06-05 22:41:36,UTC-04:00,Took prescription sleep medication?,false,
2024-06-04 23:11:56,2024-06-05 22:41:36,UTC-04:00,Read (non-screened device) while in bed?,false,
2024-06-04 23:11:56,2024-06-05 22:41:36,UTC-04:00,Shared your bed?,false,
2024-06-04 23:11:56,2024-06-05 22:41:36,UTC-04:00,Feeling sick or ill?,false,
2024-06-03 23:38:26,2024-06-04 23:11:56,UTC-04:00,Have any alcoholic drinks?,false,
2024-06-03 23:38:26,2024-06-04 23:11:56,UTC-04:00,Consumed caffeine?,false,
2024-06-03 23:38:26,2024-06-04 23:11:56,UTC-04:00,Viewed a screen device in bed?,false,
2024-06-03 23:38:26,2024-06-04 23:11:56,UTC-04:00,Have an injury or wound?,false,
2024-06-03 23:38:26,2024-06-04 23:11:56,UTC-04:00,Took prescription sleep medication?,false,
2024-06-03 23:38:26,2024-06-04 23:11:56,UTC-04:00,Read (non-screened device) while in bed?,false,
2024-06-03 23:38:26,2024-06-04 23:11:56,UTC-04:00,Shared your bed?,false,
2024-06-03 23:38:26,2024-06-04 23:11:56,UTC-04:00,Feeling sick or ill?,false,
2024-05-30 22:09:17,2024-05-31 23:56:59,UTC-04:00,Have any alcoholic drinks?,false,
2024-05-30 22:09:17,2024-05-31 23:56:59,UTC-04:00,Consumed caffeine?,false,
2024-05-30 22:09:17,2024-05-31 23:56:59,UTC-04:00,Viewed a screen device in bed?,false,
2024-05-30 22:09:17,2024-05-31 23:56:59,UTC-04:00,Have an injury or wound?,false,
2024-05-30 22:09:17,2024-05-31 23:56:59,UTC-04:00,Took prescription sleep medication?,false,
2024-05-30 22:09:17,2024-05-31 23:56:59,UTC-04:00,Read (non-screened device) while in bed?,false,
2024-05-30 22:09:17,2024-05-31 23:56:59,UTC-04:00,Shared your bed?,false,
2024-05-30 22:09:17,2024-05-31 23:56:59,UTC-04:00,Feeling sick or ill?,false,
2024-05-29 22:00:00,2024-05-30 22:09:17,UTC-04:00,Have any alcoholic drinks?,false,
2024-05-29 22:00:00,2024-05-30 22:09:17,UTC-04:00,Consumed caffeine?,false,
2024-05-29 22:00:00,2024-05-30 22:09:17,UTC-04:00,Viewed a screen device in bed?,false,
2024-05-29 22:00:00,2024-05-30 22:09:17,UTC-04:00,Have an injury or wound?,false,
2024-05-29 22:00:00,2024-05-30 22:09:17,UTC-04:00,Took prescription sleep medication?,false,
2024-05-29 22:00:00,2024-05-30 22:09:17,UTC-04:00,Read (non-screened device) while in bed?,false,
2024-05-29 22:00:00,2024-05-30 22:09:17,UTC-04:00,Shared your bed?,false,
2024-05-29 22:00:00,2024-05-30 22:09:17,UTC-04:00,Feeling sick or ill?,false,
2024-05-24 00:37:10,2024-05-25 00:18:28,UTC+02:00,Have any alcoholic drinks?,true,
2024-05-24 00:37:10,2024-05-25 00:18:28,UTC+02:00,Consumed caffeine?,false,
2024-05-24 00:37:10,2024-05-25 00:18:28,UTC+02:00,Viewed a screen device in bed?,false,
2024-05-24 00:37:10,2024-05-25 00:18:28,UTC+02:00,Have an injury or wound?,false,
2024-05-24 00:37:10,2024-05-25 00:18:28,UTC+02:00,Took prescription sleep medication?,false,
2024-05-24 00:37:10,2024-05-25 00:18:28,UTC+02:00,Read (non-screened device) while in bed?,false,
2024-05-24 00:37:10,2024-05-25 00:18:28,UTC+02:00,Shared your bed?,false,
2024-05-24 00:37:10,2024-05-25 00:18:28,UTC+02:00,Feeling sick or ill?,false,
2024-05-22 23:00:57,2024-05-24 00:37:10,UTC+02:00,Have any alcoholic drinks?,true,
2024-05-22 23:00:57,2024-05-24 00:37:10,UTC+02:00,Consumed caffeine?,false,
2024-05-22 23:00:57,2024-05-24 00:37:10,UTC+02:00,Viewed a screen device in bed?,false,
2024-05-22 23:00:57,2024-05-24 00:37:10,UTC+02:00,Have an injury or wound?,false,
2024-05-22 23:00:57,2024-05-24 00:37:10,UTC+02:00,Took prescription sleep medication?,false,
2024-05-22 23:00:57,2024-05-24 00:37:10,UTC+02:00,Read (non-screened device) while in bed?,false,
2024-05-22 23:00:57,2024-05-24 00:37:10,UTC+02:00,Shared your bed?,false,
2024-05-22 23:00:57,2024-05-24 00:37:10,UTC+02:00,Feeling sick or ill?,false,
2024-05-21 23:32:09,2024-05-22 23:00:57,UTC+02:00,Have any alcoholic drinks?,true,
2024-05-21 23:32:09,2024-05-22 23:00:57,UTC+02:00,Consumed caffeine?,false,
2024-05-21 23:32:09,2024-05-22 23:00:57,UTC+02:00,Viewed a screen device in bed?,false,
2024-05-21 23:32:09,2024-05-22 23:00:57,UTC+02:00,Have an injury or wound?,false,
2024-05-21 23:32:09,2024-05-22 23:00:57,UTC+02:00,Took prescription sleep medication?,false,
2024-05-21 23:32:09,2024-05-22 23:00:57,UTC+02:00,Read (non-screened device) while in bed?,false,
2024-05-21 23:32:09,2024-05-22 23:00:57,UTC+02:00,Shared your bed?,false,
2024-05-21 23:32:09,2024-05-22 23:00:57,UTC+02:00,Feeling sick or ill?,false,
2024-05-20 23:31:06,2024-05-21 23:32:09,UTC+02:00,Have any alcoholic drinks?,false,
2024-05-20 23:31:06,2024-05-21 23:32:09,UTC+02:00,Consumed caffeine?,false,
2024-05-20 23:31:06,2024-05-21 23:32:09,UTC+02:00,Viewed a screen device in bed?,false,
2024-05-20 23:31:06,2024-05-21 23:32:09,UTC+02:00,Have an injury or wound?,false,
2024-05-20 23:31:06,2024-05-21 23:32:09,UTC+02:00,Took prescription sleep medication?,false,
2024-05-20 23:31:06,2024-05-21 23:32:09,UTC+02:00,Read (non-screened device) while in bed?,false,
2024-05-20 23:31:06,2024-05-21 23:32:09,UTC+02:00,Shared your bed?,false,
2024-05-20 23:31:06,2024-05-21 23:32:09,UTC+02:00,Feeling sick or ill?,false,
2024-05-20 00:55:11,2024-05-20 23:31:06,UTC+02:00,Have any alcoholic drinks?,false,
2024-05-20 00:55:11,2024-05-20 23:31:06,UTC+02:00,Consumed caffeine?,false,
2024-05-20 00:55:11,2024-05-20 23:31:06,UTC+02:00,Viewed a screen device in bed?,false,
2024-05-20 00:55:11,2024-05-20 23:31:06,UTC+02:00,Have an injury or wound?,false,
2024-05-20 00:55:11,2024-05-20 23:31:06,UTC+02:00,Took prescription sleep medication?,false,
2024-05-20 00:55:11,2024-05-20 23:31:06,UTC+02:00,Read (non-screened device) while in bed?,false,
2024-05-20 00:55:11,2024-05-20 23:31:06,UTC+02:00,Shared your bed?,false,
2024-05-20 00:55:11,2024-05-20 23:31:06,UTC+02:00,Feeling sick or ill?,false,
2024-05-19 02:05:14,2024-05-20 00:55:11,UTC+02:00,Have any alcoholic drinks?,true,
2024-05-19 02:05:14,2024-05-20 00:55:11,UTC+02:00,Consumed caffeine?,false,
2024-05-19 02:05:14,2024-05-20 00:55:11,UTC+02:00,Viewed a screen device in bed?,false,
2024-05-19 02:05:14,2024-05-20 00:55:11,UTC+02:00,Have an injury or wound?,false,
2024-05-19 02:05:14,2024-05-20 00:55:11,UTC+02:00,Took prescription sleep medication?,false,
2024-05-19 02:05:14,2024-05-20 00:55:11,UTC+02:00,Read (non-screened device) while in bed?,false,
2024-05-19 02:05:14,2024-05-20 00:55:11,UTC+02:00,Shared your bed?,false,
2024-05-19 02:05:14,2024-05-20 00:55:11,UTC+02:00,Feeling sick or ill?,false,
2024-05-18 01:59:35,2024-05-19 02:05:14,UTC+02:00,Have any alcoholic drinks?,true,
2024-05-18 01:59:35,2024-05-19 02:05:14,UTC+02:00,Consumed caffeine?,false,
2024-05-18 01:59:35,2024-05-19 02:05:14,UTC+02:00,Viewed a screen device in bed?,false,
2024-05-18 01:59:35,2024-05-19 02:05:14,UTC+02:00,Have an injury or wound?,false,
2024-05-18 01:59:35,2024-05-19 02:05:14,UTC+02:00,Took prescription sleep medication?,false,
2024-05-18 01:59:35,2024-05-19 02:05:14,UTC+02:00,Read (non-screened device) while in bed?,false,
2024-05-18 01:59:35,2024-05-19 02:05:14,UTC+02:00,Shared your bed?,false,
2024-05-18 01:59:35,2024-05-19 02:05:14,UTC+02:00,Feeling sick or ill?,false,
2024-05-17 01:51:06,2024-05-18 01:59:35,UTC+02:00,Have any alcoholic drinks?,true,
2024-05-17 01:51:06,2024-05-18 01:59:35,UTC+02:00,Consumed caffeine?,false,
2024-05-17 01:51:06,2024-05-18 01:59:35,UTC+02:00,Viewed a screen device in bed?,false,
2024-05-17 01:51:06,2024-05-18 01:59:35,UTC+02:00,Have an injury or wound?,false,
2024-05-17 01:51:06,2024-05-18 01:59:35,UTC+02:00,Took prescription sleep medication?,false,
2024-05-17 01:51:06,2024-05-18 01:59:35,UTC+02:00,Read (non-screened device) while in bed?,false,
2024-05-17 01:51:06,2024-05-18 01:59:35,UTC+02:00,Shared your bed?,false,
2024-05-17 01:51:06,2024-05-18 01:59:35,UTC+02:00,Feeling sick or ill?,false,
2024-05-15 23:25:53,2024-05-17 01:51:06,UTC+02:00,Have any alcoholic drinks?,false,
2024-05-15 23:25:53,2024-05-17 01:51:06,UTC+02:00,Consumed caffeine?,false,
2024-05-15 23:25:53,2024-05-17 01:51:06,UTC+02:00,Viewed a screen device in bed?,false,
2024-05-15 23:25:53,2024-05-17 01:51:06,UTC+02:00,Have an injury or wound?,false,
2024-05-15 23:25:53,2024-05-17 01:51:06,UTC+02:00,Took prescription sleep medication?,false,
2024-05-15 23:25:53,2024-05-17 01:51:06,UTC+02:00,Read (non-screened device) while in bed?,false,
2024-05-15 23:25:53,2024-05-17 01:51:06,UTC+02:00,Shared your bed?,false,
2024-05-15 23:25:53,2024-05-17 01:51:06,UTC+02:00,Feeling sick or ill?,false,
2024-05-14 23:03:14,2024-05-15 23:25:53,UTC+02:00,Feeling sick or ill?,false,
2024-05-14 23:03:14,2024-05-15 23:25:53,UTC+02:00,Consumed caffeine?,false,
2024-05-14 23:03:14,2024-05-15 23:25:53,UTC+02:00,Viewed a screen device in bed?,false,
2024-05-14 23:03:14,2024-05-15 23:25:53,UTC+02:00,Have an injury or wound?,false,
2024-05-14 23:03:14,2024-05-15 23:25:53,UTC+02:00,Have any alcoholic drinks?,false,
2024-05-14 23:03:14,2024-05-15 23:25:53,UTC+02:00,Took prescription sleep medication?,false,
2024-05-14 23:03:14,2024-05-15 23:25:53,UTC+02:00,Read (non-screened device) while in bed?,false,
2024-05-14 23:03:14,2024-05-15 23:25:53,UTC+02:00,Shared your bed?,false,
2024-05-12 23:26:12,2024-05-14 17:03:14,UTC-04:00,Shared your bed?,false,
2024-05-12 23:26:12,2024-05-14 17:03:14,UTC-04:00,Have any alcoholic drinks?,false,
2024-05-12 23:26:12,2024-05-14 17:03:14,UTC-04:00,Consumed caffeine?,false,
2024-05-12 23:26:12,2024-05-14 17:03:14,UTC-04:00,Viewed a screen device in bed?,false,
2024-05-12 23:26:12,2024-05-14 17:03:14,UTC-04:00,Have an injury or wound?,false,
2024-05-12 23:26:12,2024-05-14 17:03:14,UTC-04:00,Took prescription sleep medication?,false,
2024-05-12 23:26:12,2024-05-14 17:03:14,UTC-04:00,Read (non-screened device) while in bed?,false,
2024-05-12 23:26:12,2024-05-14 17:03:14,UTC-04:00,Feeling sick or ill?,false,
2024-05-12 02:00:00,2024-05-12 23:26:12,UTC-04:00,Shared your bed?,false,
2024-05-12 02:00:00,2024-05-12 23:26:12,UTC-04:00,Have any alcoholic drinks?,false,
2024-05-12 02:00:00,2024-05-12 23:26:12,UTC-04:00,Consumed caffeine?,false,
2024-05-12 02:00:00,2024-05-12 23:26:12,UTC-04:00,Viewed a screen device in bed?,false,
2024-05-12 02:00:00,2024-05-12 23:26:12,UTC-04:00,Have an injury or wound?,false,
2024-05-12 02:00:00,2024-05-12 23:26:12,UTC-04:00,Took prescription sleep medication?,false,
2024-05-12 02:00:00,2024-05-12 23:26:12,UTC-04:00,Read (non-screened device) while in bed?,false,
2024-05-12 02:00:00,2024-05-12 23:26:12,UTC-04:00,Feeling sick or ill?,false,
2024-05-09 22:56:53,2024-05-10 22:56:53,UTC-04:00,Have an injury or wound?,false,
2024-05-09 22:56:53,2024-05-10 22:56:53,UTC-04:00,Have any alcoholic drinks?,true,
2024-05-09 22:56:53,2024-05-10 22:56:53,UTC-04:00,Consumed caffeine?,false,
2024-05-09 22:56:53,2024-05-10 22:56:53,UTC-04:00,Viewed a screen device in bed?,false,
2024-05-09 22:56:53,2024-05-10 22:56:53,UTC-04:00,Took prescription sleep medication?,false,
2024-05-09 22:56:53,2024-05-10 22:56:53,UTC-04:00,Read (non-screened device) while in bed?,false,
2024-05-09 22:56:53,2024-05-10 22:56:53,UTC-04:00,Shared your bed?,false,
2024-05-09 22:56:53,2024-05-10 22:56:53,UTC-04:00,Feeling sick or ill?,false,
2024-05-08 23:29:45,2024-05-09 22:56:53,UTC-04:00,Feeling sick or ill?,false,
2024-05-08 23:29:45,2024-05-09 22:56:53,UTC-04:00,Have any alcoholic drinks?,true,
2024-05-08 23:29:45,2024-05-09 22:56:53,UTC-04:00,Consumed caffeine?,false,
2024-05-08 23:29:45,2024-05-09 22:56:53,UTC-04:00,Viewed a screen device in bed?,false,
2024-05-08 23:29:45,2024-05-09 22:56:53,UTC-04:00,Have an injury or wound?,false,
2024-05-08 23:29:45,2024-05-09 22:56:53,UTC-04:00,Took prescription sleep medication?,false,
2024-05-08 23:29:45,2024-05-09 22:56:53,UTC-04:00,Read (non-screened device) while in bed?,false,
2024-05-08 23:29:45,2024-05-09 22:56:53,UTC-04:00,Shared your bed?,false,
2024-05-08 00:08:21,2024-05-08 23:29:45,UTC-04:00,Shared your bed?,false,
2024-05-08 00:08:21,2024-05-08 23:29:45,UTC-04:00,Have any alcoholic drinks?,true,
2024-05-08 00:08:21,2024-05-08 23:29:45,UTC-04:00,Consumed caffeine?,false,
2024-05-08 00:08:21,2024-05-08 23:29:45,UTC-04:00,Viewed a screen device in bed?,false,
2024-05-08 00:08:21,2024-05-08 23:29:45,UTC-04:00,Have an injury or wound?,false,
2024-05-08 00:08:21,2024-05-08 23:29:45,UTC-04:00,Took prescription sleep medication?,false,
2024-05-08 00:08:21,2024-05-08 23:29:45,UTC-04:00,Read (non-screened device) while in bed?,false,
2024-05-08 00:08:21,2024-05-08 23:29:45,UTC-04:00,Feeling sick or ill?,false,
2024-05-06 22:43:43,2024-05-08 00:08:21,UTC-04:00,Read (non-screened device) while in bed?,false,
2024-05-06 22:43:43,2024-05-08 00:08:21,UTC-04:00,Have any alcoholic drinks?,false,
2024-05-06 22:43:43,2024-05-08 00:08:21,UTC-04:00,Consumed caffeine?,false,
2024-05-06 22:43:43,2024-05-08 00:08:21,UTC-04:00,Viewed a screen device in bed?,false,
2024-05-06 22:43:43,2024-05-08 00:08:21,UTC-04:00,Feeling sick or ill?,false,
2024-05-06 22:43:43,2024-05-08 00:08:21,UTC-04:00,Have an injury or wound?,false,
2024-05-06 22:43:43,2024-05-08 00:08:21,UTC-04:00,Took prescription sleep medication?,false,
2024-05-06 22:43:43,2024-05-08 00:08:21,UTC-04:00,Shared your bed?,false,
2024-05-06 00:02:03,2024-05-06 22:43:43,UTC-04:00,Have an injury or wound?,false,
2024-05-06 00:02:03,2024-05-06 22:43:43,UTC-04:00,Feeling sick or ill?,false,
2024-05-06 00:02:03,2024-05-06 22:43:43,UTC-04:00,Shared your bed?,false,
2024-05-06 00:02:03,2024-05-06 22:43:43,UTC-04:00,Read (non-screened device) while in bed?,false,
2024-05-06 00:02:03,2024-05-06 22:43:43,UTC-04:00,Took prescription sleep medication?,false,
2024-05-06 00:02:03,2024-05-06 22:43:43,UTC-04:00,Viewed a screen device in bed?,false,
2024-05-06 00:02:03,2024-05-06 22:43:43,UTC-04:00,Consumed caffeine?,false,
2024-05-06 00:02:03,2024-05-06 22:43:43,UTC-04:00,Have any alcoholic drinks?,false,
2024-05-05 02:05:32,2024-05-06 00:02:03,UTC-04:00,Read (non-screened device) while in bed?,false,
2024-05-05 02:05:32,2024-05-06 00:02:03,UTC-04:00,Have any alcoholic drinks?,true,
2024-05-05 02:05:32,2024-05-06 00:02:03,UTC-04:00,Feeling sick or ill?,false,
2024-05-05 02:05:32,2024-05-06 00:02:03,UTC-04:00,Consumed caffeine?,false,
2024-05-05 02:05:32,2024-05-06 00:02:03,UTC-04:00,Viewed a screen device in bed?,false,
2024-05-05 02:05:32,2024-05-06 00:02:03,UTC-04:00,Have an injury or wound?,false,
2024-05-05 02:05:32,2024-05-06 00:02:03,UTC-04:00,Took prescription sleep medication?,false,
2024-05-05 02:05:32,2024-05-06 00:02:03,UTC-04:00,Shared your bed?,false,
2024-05-03 23:55:07,2024-05-05 02:05:32,UTC-04:00,Consumed caffeine?,false,
2024-05-03 23:55:07,2024-05-05 02:05:32,UTC-04:00,Viewed a screen device in bed?,false,
2024-05-03 23:55:07,2024-05-05 02:05:32,UTC-04:00,Have any alcoholic drinks?,true,
2024-05-03 23:55:07,2024-05-05 02:05:32,UTC-04:00,Have an injury or wound?,false,
2024-05-03 23:55:07,2024-05-05 02:05:32,UTC-04:00,Took prescription sleep medication?,false,
2024-05-03 23:55:07,2024-05-05 02:05:32,UTC-04:00,Read (non-screened device) while in bed?,false,
2024-05-03 23:55:07,2024-05-05 02:05:32,UTC-04:00,Shared your bed?,false,
2024-05-03 23:55:07,2024-05-05 02:05:32,UTC-04:00,Feeling sick or ill?,false,
2024-05-02 23:50:28,2024-05-03 23:55:07,UTC-04:00,Feeling sick or ill?,false,
2024-05-02 23:50:28,2024-05-03 23:55:07,UTC-04:00,Have any alcoholic drinks?,false,
2024-05-02 23:50:28,2024-05-03 23:55:07,UTC-04:00,Viewed a screen device in bed?,false,
2024-05-02 23:50:28,2024-05-03 23:55:07,UTC-04:00,Have an injury or wound?,false,
2024-05-02 23:50:28,2024-05-03 23:55:07,UTC-04:00,Took prescription sleep medication?,false,
2024-05-02 23:50:28,2024-05-03 23:55:07,UTC-04:00,Read (non-screened device) while in bed?,false,
2024-05-02 23:50:28,2024-05-03 23:55:07,UTC-04:00,Shared your bed?,false,
2024-05-02 23:50:28,2024-05-03 23:55:07,UTC-04:00,Consumed caffeine?,false,
2024-05-01 23:42:54,2024-05-02 23:50:28,UTC-04:00,Have an injury or wound?,false,
2024-05-01 23:42:54,2024-05-02 23:50:28,UTC-04:00,Viewed a screen device in bed?,false,
2024-05-01 23:42:54,2024-05-02 23:50:28,UTC-04:00,Took prescription sleep medication?,false,
2024-05-01 23:42:54,2024-05-02 23:50:28,UTC-04:00,Read (non-screened device) while in bed?,false,
2024-05-01 23:42:54,2024-05-02 23:50:28,UTC-04:00,Shared your bed?,false,
2024-05-01 23:42:54,2024-05-02 23:50:28,UTC-04:00,Feeling sick or ill?,true,
2024-05-01 23:42:54,2024-05-02 23:50:28,UTC-04:00,Consumed caffeine?,false,
2024-05-01 23:42:54,2024-05-02 23:50:28,UTC-04:00,Have any alcoholic drinks?,true,
2024-05-01 01:02:54,2024-05-01 23:42:54,UTC-04:00,Consumed caffeine?,false,
2024-05-01 01:02:54,2024-05-01 23:42:54,UTC-04:00,Have any alcoholic drinks?,false,
2024-05-01 01:02:54,2024-05-01 23:42:54,UTC-04:00,Feeling sick or ill?,false,
2024-05-01 01:02:54,2024-05-01 23:42:54,UTC-04:00,Shared your bed?,false,
2024-05-01 01:02:54,2024-05-01 23:42:54,UTC-04:00,Read (non-screened device) while in bed?,false,
2024-05-01 01:02:54,2024-05-01 23:42:54,UTC-04:00,Took prescription sleep medication?,false,
2024-05-01 01:02:54,2024-05-01 23:42:54,UTC-04:00,Have an injury or wound?,false,
2024-05-01 01:02:54,2024-05-01 23:42:54,UTC-04:00,Viewed a screen device in bed?,false,
2024-04-29 23:58:27,2024-05-01 01:02:54,UTC-04:00,Consumed caffeine?,false,
2024-04-29 23:58:27,2024-05-01 01:02:54,UTC-04:00,Have any alcoholic drinks?,false,
2024-04-29 23:58:27,2024-05-01 01:02:54,UTC-04:00,Feeling sick or ill?,false,
2024-04-29 23:58:27,2024-05-01 01:02:54,UTC-04:00,Shared your bed?,false,
2024-04-29 23:58:27,2024-05-01 01:02:54,UTC-04:00,Read (non-screened device) while in bed?,false,
2024-04-29 23:58:27,2024-05-01 01:02:54,UTC-04:00,Took prescription sleep medication?,false,
2024-04-29 23:58:27,2024-05-01 01:02:54,UTC-04:00,Have an injury or wound?,false,
2024-04-29 23:58:27,2024-05-01 01:02:54,UTC-04:00,Viewed a screen device in bed?,false,
2024-04-28 23:47:33,2024-04-29 23:58:27,UTC-04:00,Have any alcoholic drinks?,false,
2024-04-28 23:47:33,2024-04-29 23:58:27,UTC-04:00,Consumed caffeine?,false,
2024-04-28 23:47:33,2024-04-29 23:58:27,UTC-04:00,Viewed a screen device in bed?,false,
2024-04-28 23:47:33,2024-04-29 23:58:27,UTC-04:00,Have an injury or wound?,false,
2024-04-28 23:47:33,2024-04-29 23:58:27,UTC-04:00,Took prescription sleep medication?,false,
2024-04-28 23:47:33,2024-04-29 23:58:27,UTC-04:00,Read (non-screened device) while in bed?,false,
2024-04-28 23:47:33,2024-04-29 23:58:27,UTC-04:00,Shared your bed?,false,
2024-04-28 23:47:33,2024-04-29 23:58:27,UTC-04:00,Feeling sick or ill?,false,
2024-04-27 23:34:10,2024-04-28 23:47:33,UTC-04:00,Shared your bed?,false,
2024-04-27 23:34:10,2024-04-28 23:47:33,UTC-04:00,Have any alcoholic drinks?,false,
2024-04-27 23:34:10,2024-04-28 23:47:33,UTC-04:00,Consumed caffeine?,false,
2024-04-27 23:34:10,2024-04-28 23:47:33,UTC-04:00,Viewed a screen device in bed?,false,
2024-04-27 23:34:10,2024-04-28 23:47:33,UTC-04:00,Have an injury or wound?,false,
2024-04-27 23:34:10,2024-04-28 23:47:33,UTC-04:00,Took prescription sleep medication?,false,
2024-04-27 23:34:10,2024-04-28 23:47:33,UTC-04:00,Read (non-screened device) while in bed?,false,
2024-04-27 23:34:10,2024-04-28 23:47:33,UTC-04:00,Feeling sick or ill?,false,
2024-04-27 00:15:27,2024-04-27 23:34:10,UTC-04:00,Feeling sick or ill?,false,
2024-04-27 00:15:27,2024-04-27 23:34:10,UTC-04:00,Consumed caffeine?,false,
2024-04-27 00:15:27,2024-04-27 23:34:10,UTC-04:00,Viewed a screen device in bed?,false,
2024-04-27 00:15:27,2024-04-27 23:34:10,UTC-04:00,Have an injury or wound?,false,
2024-04-27 00:15:27,2024-04-27 23:34:10,UTC-04:00,Have any alcoholic drinks?,false,
2024-04-27 00:15:27,2024-04-27 23:34:10,UTC-04:00,Took prescription sleep medication?,false,
2024-04-27 00:15:27,2024-04-27 23:34:10,UTC-04:00,Read (non-screened device) while in bed?,false,
2024-04-27 00:15:27,2024-04-27 23:34:10,UTC-04:00,Shared your bed?,false,
2024-04-25 23:23:30,2024-04-27 00:15:27,UTC-04:00,Shared your bed?,false,
2024-04-25 23:23:30,2024-04-27 00:15:27,UTC-04:00,Have any alcoholic drinks?,false,
2024-04-25 23:23:30,2024-04-27 00:15:27,UTC-04:00,Consumed caffeine?,false,
2024-04-25 23:23:30,2024-04-27 00:15:27,UTC-04:00,Viewed a screen device in bed?,false,
2024-04-25 23:23:30,2024-04-27 00:15:27,UTC-04:00,Have an injury or wound?,false,
2024-04-25 23:23:30,2024-04-27 00:15:27,UTC-04:00,Took prescription sleep medication?,false,
2024-04-25 23:23:30,2024-04-27 00:15:27,UTC-04:00,Read (non-screened device) while in bed?,false,
2024-04-25 23:23:30,2024-04-27 00:15:27,UTC-04:00,Feeling sick or ill?,false,
2024-04-25 00:40:11,2024-04-25 23:23:30,UTC-04:00,Shared your bed?,false,
2024-04-25 00:40:11,2024-04-25 23:23:30,UTC-04:00,Have any alcoholic drinks?,false,
2024-04-25 00:40:11,2024-04-25 23:23:30,UTC-04:00,Consumed caffeine?,false,
2024-04-25 00:40:11,2024-04-25 23:23:30,UTC-04:00,Viewed a screen device in bed?,false,
2024-04-25 00:40:11,2024-04-25 23:23:30,UTC-04:00,Have an injury or wound?,false,
2024-04-25 00:40:11,2024-04-25 23:23:30,UTC-04:00,Took prescription sleep medication?,false,
2024-04-25 00:40:11,2024-04-25 23:23:30,UTC-04:00,Read (non-screened device) while in bed?,false,
2024-04-25 00:40:11,2024-04-25 23:23:30,UTC-04:00,Feeling sick or ill?,false,
2024-04-23 23:39:32,2024-04-25 00:40:11,UTC-04:00,Shared your bed?,false,
2024-04-23 23:39:32,2024-04-25 00:40:11,UTC-04:00,Have any alcoholic drinks?,true,
2024-04-23 23:39:32,2024-04-25 00:40:11,UTC-04:00,Consumed caffeine?,false,
2024-04-23 23:39:32,2024-04-25 00:40:11,UTC-04:00,Viewed a screen device in bed?,false,
2024-04-23 23:39:32,2024-04-25 00:40:11,UTC-04:00,Have an injury or wound?,false,
2024-04-23 23:39:32,2024-04-25 00:40:11,UTC-04:00,Took prescription sleep medication?,false,
2024-04-23 23:39:32,2024-04-25 00:40:11,UTC-04:00,Read (non-screened device) while in bed?,false,
2024-04-23 23:39:32,2024-04-25 00:40:11,UTC-04:00,Feeling sick or ill?,false,
2024-04-22 23:38:03,2024-04-23 23:39:32,UTC-04:00,Feeling sick or ill?,false,
2024-04-22 23:38:03,2024-04-23 23:39:32,UTC-04:00,Have any alcoholic drinks?,false,
2024-04-22 23:38:03,2024-04-23 23:39:32,UTC-04:00,Consumed caffeine?,false,
2024-04-22 23:38:03,2024-04-23 23:39:32,UTC-04:00,Viewed a screen device in bed?,false,
2024-04-22 23:38:03,2024-04-23 23:39:32,UTC-04:00,Have an injury or wound?,false,
2024-04-22 23:38:03,2024-04-23 23:39:32,UTC-04:00,Took prescription sleep medication?,false,
2024-04-22 23:38:03,2024-04-23 23:39:32,UTC-04:00,Read (non-screened device) while in bed?,false,
2024-04-22 23:38:03,2024-04-23 23:39:32,UTC-04:00,Shared your bed?,false,
2024-04-21 23:10:00,2024-04-22 23:38:03,UTC-04:00,Feeling sick or ill?,false,
2024-04-21 23:10:00,2024-04-22 23:38:03,UTC-04:00,Have any alcoholic drinks?,false,
2024-04-21 23:10:00,2024-04-22 23:38:03,UTC-04:00,Consumed caffeine?,false,
2024-04-21 23:10:00,2024-04-22 23:38:03,UTC-04:00,Viewed a screen device in bed?,false,
2024-04-21 23:10:00,2024-04-22 23:38:03,UTC-04:00,Have an injury or wound?,false,
2024-04-21 23:10:00,2024-04-22 23:38:03,UTC-04:00,Took prescription sleep medication?,false,
2024-04-21 23:10:00,2024-04-22 23:38:03,UTC-04:00,Read (non-screened device) while in bed?,false,
2024-04-21 23:10:00,2024-04-22 23:38:03,UTC-04:00,Shared your bed?,false,
2024-04-20 00:29:52,2024-04-21 23:10:00,UTC-04:00,Shared your bed?,false,
2024-04-20 00:29:52,2024-04-21 23:10:00,UTC-04:00,Have any alcoholic drinks?,true,
2024-04-20 00:29:52,2024-04-21 23:10:00,UTC-04:00,Consumed caffeine?,false,
2024-04-20 00:29:52,2024-04-21 23:10:00,UTC-04:00,Viewed a screen device in bed?,false,
2024-04-20 00:29:52,2024-04-21 23:10:00,UTC-04:00,Have an injury or wound?,false,
2024-04-20 00:29:52,2024-04-21 23:10:00,UTC-04:00,Took prescription sleep medication?,false,
2024-04-20 00:29:52,2024-04-21 23:10:00,UTC-04:00,Read (non-screened device) while in bed?,false,
2024-04-20 00:29:52,2024-04-21 23:10:00,UTC-04:00,Feeling sick or ill?,false,
2024-04-18 23:25:58,2024-04-20 00:29:52,UTC-04:00,Shared your bed?,false,
2024-04-18 23:25:58,2024-04-20 00:29:52,UTC-04:00,Have any alcoholic drinks?,false,
2024-04-18 23:25:58,2024-04-20 00:29:52,UTC-04:00,Consumed caffeine?,false,
2024-04-18 23:25:58,2024-04-20 00:29:52,UTC-04:00,Viewed a screen device in bed?,false,
2024-04-18 23:25:58,2024-04-20 00:29:52,UTC-04:00,Have an injury or wound?,false,
2024-04-18 23:25:58,2024-04-20 00:29:52,UTC-04:00,Took prescription sleep medication?,false,
2024-04-18 23:25:58,2024-04-20 00:29:52,UTC-04:00,Read (non-screened device) while in bed?,false,
2024-04-18 23:25:58,2024-04-20 00:29:52,UTC-04:00,Feeling sick or ill?,false,
2024-04-17 23:29:11,2024-04-18 23:25:58,UTC-04:00,Shared your bed?,false,
2024-04-17 23:29:11,2024-04-18 23:25:58,UTC-04:00,Have any alcoholic drinks?,true,
2024-04-17 23:29:11,2024-04-18 23:25:58,UTC-04:00,Consumed caffeine?,false,
2024-04-17 23:29:11,2024-04-18 23:25:58,UTC-04:00,Viewed a screen device in bed?,false,
2024-04-17 23:29:11,2024-04-18 23:25:58,UTC-04:00,Have an injury or wound?,false,
2024-04-17 23:29:11,2024-04-18 23:25:58,UTC-04:00,Took prescription sleep medication?,false,
2024-04-17 23:29:11,2024-04-18 23:25:58,UTC-04:00,Read (non-screened device) while in bed?,false,
2024-04-17 23:29:11,2024-04-18 23:25:58,UTC-04:00,Feeling sick or ill?,false,
2024-04-16 22:58:59,2024-04-17 23:29:11,UTC-04:00,Shared your bed?,false,
2024-04-16 22:58:59,2024-04-17 23:29:11,UTC-04:00,Have any alcoholic drinks?,false,
2024-04-16 22:58:59,2024-04-17 23:29:11,UTC-04:00,Consumed caffeine?,false,
2024-04-16 22:58:59,2024-04-17 23:29:11,UTC-04:00,Viewed a screen device in bed?,false,
2024-04-16 22:58:59,2024-04-17 23:29:11,UTC-04:00,Have an injury or wound?,false,
2024-04-16 22:58:59,2024-04-17 23:29:11,UTC-04:00,Took prescription sleep medication?,false,
2024-04-16 22:58:59,2024-04-17 23:29:11,UTC-04:00,Read (non-screened device) while in bed?,false,
2024-04-16 22:58:59,2024-04-17 23:29:11,UTC-04:00,Feeling sick or ill?,false,
2024-04-15 23:21:32,2024-04-16 22:58:59,UTC-04:00,Have an injury or wound?,false,
2024-04-15 23:21:32,2024-04-16 22:58:59,UTC-04:00,Feeling sick or ill?,false,
2024-04-15 23:21:32,2024-04-16 22:58:59,UTC-04:00,Shared your bed?,false,
2024-04-15 23:21:32,2024-04-16 22:58:59,UTC-04:00,Read (non-screened device) while in bed?,false,
2024-04-15 23:21:32,2024-04-16 22:58:59,UTC-04:00,Took prescription sleep medication?,false,
2024-04-15 23:21:32,2024-04-16 22:58:59,UTC-04:00,Viewed a screen device in bed?,false,
2024-04-15 23:21:32,2024-04-16 22:58:59,UTC-04:00,Consumed caffeine?,false,
2024-04-15 23:21:32,2024-04-16 22:58:59,UTC-04:00,Have any alcoholic drinks?,false,
2024-04-14 23:17:33,2024-04-15 23:21:32,UTC-04:00,Consumed caffeine?,false,
2024-04-14 23:17:33,2024-04-15 23:21:32,UTC-04:00,Feeling sick or ill?,false,
2024-04-14 23:17:33,2024-04-15 23:21:32,UTC-04:00,Have any alcoholic drinks?,false,
2024-04-14 23:17:33,2024-04-15 23:21:32,UTC-04:00,Viewed a screen device in bed?,false,
2024-04-14 23:17:33,2024-04-15 23:21:32,UTC-04:00,Have an injury or wound?,false,
2024-04-14 23:17:33,2024-04-15 23:21:32,UTC-04:00,Took prescription sleep medication?,false,
2024-04-14 23:17:33,2024-04-15 23:21:32,UTC-04:00,Read (non-screened device) while in bed?,false,
2024-04-14 23:17:33,2024-04-15 23:21:32,UTC-04:00,Shared your bed?,false,
2024-04-13 23:40:21,2024-04-14 23:17:33,UTC-04:00,Have any alcoholic drinks?,false,
2024-04-13 23:40:21,2024-04-14 23:17:33,UTC-04:00,Consumed caffeine?,false,
2024-04-13 23:40:21,2024-04-14 23:17:33,UTC-04:00,Viewed a screen device in bed?,false,
2024-04-13 23:40:21,2024-04-14 23:17:33,UTC-04:00,Have an injury or wound?,false,
2024-04-13 23:40:21,2024-04-14 23:17:33,UTC-04:00,Took prescription sleep medication?,false,
2024-04-13 23:40:21,2024-04-14 23:17:33,UTC-04:00,Read (non-screened device) while in bed?,false,
2024-04-13 23:40:21,2024-04-14 23:17:33,UTC-04:00,Shared your bed?,false,
2024-04-13 23:40:21,2024-04-14 23:17:33,UTC-04:00,Feeling sick or ill?,false,
2024-04-13 02:07:44,2024-04-13 23:40:21,UTC-04:00,Have any alcoholic drinks?,true,
2024-04-13 02:07:44,2024-04-13 23:40:21,UTC-04:00,Consumed caffeine?,false,
2024-04-13 02:07:44,2024-04-13 23:40:21,UTC-04:00,Viewed a screen device in bed?,false,
2024-04-13 02:07:44,2024-04-13 23:40:21,UTC-04:00,Have an injury or wound?,false,
2024-04-13 02:07:44,2024-04-13 23:40:21,UTC-04:00,Took prescription sleep medication?,false,
2024-04-13 02:07:44,2024-04-13 23:40:21,UTC-04:00,Read (non-screened device) while in bed?,false,
2024-04-13 02:07:44,2024-04-13 23:40:21,UTC-04:00,Shared your bed?,false,
2024-04-13 02:07:44,2024-04-13 23:40:21,UTC-04:00,Feeling sick or ill?,false,
2024-04-11 23:59:48,2024-04-13 02:07:44,UTC-04:00,Have any alcoholic drinks?,false,
2024-04-11 23:59:48,2024-04-13 02:07:44,UTC-04:00,Consumed caffeine?,false,
2024-04-11 23:59:48,2024-04-13 02:07:44,UTC-04:00,Viewed a screen device in bed?,false,
2024-04-11 23:59:48,2024-04-13 02:07:44,UTC-04:00,Have an injury or wound?,false,
2024-04-11 23:59:48,2024-04-13 02:07:44,UTC-04:00,Took prescription sleep medication?,false,
2024-04-11 23:59:48,2024-04-13 02:07:44,UTC-04:00,Read (non-screened device) while in bed?,false,
2024-04-11 23:59:48,2024-04-13 02:07:44,UTC-04:00,Shared your bed?,false,
2024-04-11 23:59:48,2024-04-13 02:07:44,UTC-04:00,Feeling sick or ill?,false,
2024-04-10 23:37:03,2024-04-11 23:59:48,UTC-04:00,Have any alcoholic drinks?,false,
2024-04-10 23:37:03,2024-04-11 23:59:48,UTC-04:00,Consumed caffeine?,false,
2024-04-10 23:37:03,2024-04-11 23:59:48,UTC-04:00,Feeling sick or ill?,false,
2024-04-10 23:37:03,2024-04-11 23:59:48,UTC-04:00,Shared your bed?,false,
2024-04-10 23:37:03,2024-04-11 23:59:48,UTC-04:00,Read (non-screened device) while in bed?,false,
2024-04-10 23:37:03,2024-04-11 23:59:48,UTC-04:00,Took prescription sleep medication?,false,
2024-04-10 23:37:03,2024-04-11 23:59:48,UTC-04:00,Have an injury or wound?,false,
2024-04-10 23:37:03,2024-04-11 23:59:48,UTC-04:00,Viewed a screen device in bed?,false,
2024-04-09 23:22:35,2024-04-10 23:37:03,UTC-04:00,Consumed caffeine?,false,
2024-04-09 23:22:35,2024-04-10 23:37:03,UTC-04:00,Feeling sick or ill?,false,
2024-04-09 23:22:35,2024-04-10 23:37:03,UTC-04:00,Shared your bed?,false,
2024-04-09 23:22:35,2024-04-10 23:37:03,UTC-04:00,Read (non-screened device) while in bed?,false,
2024-04-09 23:22:35,2024-04-10 23:37:03,UTC-04:00,Took prescription sleep medication?,false,
2024-04-09 23:22:35,2024-04-10 23:37:03,UTC-04:00,Have an injury or wound?,false,
2024-04-09 23:22:35,2024-04-10 23:37:03,UTC-04:00,Viewed a screen device in bed?,false,
2024-04-09 23:22:35,2024-04-10 23:37:03,UTC-04:00,Have any alcoholic drinks?,false,
2024-04-08 22:39:16,2024-04-09 23:22:35,UTC-04:00,Have any alcoholic drinks?,false,
2024-04-08 22:39:16,2024-04-09 23:22:35,UTC-04:00,Consumed caffeine?,false,
2024-04-08 22:39:16,2024-04-09 23:22:35,UTC-04:00,Viewed a screen device in bed?,false,
2024-04-08 22:39:16,2024-04-09 23:22:35,UTC-04:00,Have an injury or wound?,false,
2024-04-08 22:39:16,2024-04-09 23:22:35,UTC-04:00,Took prescription sleep medication?,false,
2024-04-08 22:39:16,2024-04-09 23:22:35,UTC-04:00,Read (non-screened device) while in bed?,false,
2024-04-08 22:39:16,2024-04-09 23:22:35,UTC-04:00,Shared your bed?,false,
2024-04-08 22:39:16,2024-04-09 23:22:35,UTC-04:00,Feeling sick or ill?,false,
2024-04-07 22:57:56,2024-04-08 22:39:16,UTC-04:00,Have any alcoholic drinks?,true,
2024-04-07 22:57:56,2024-04-08 22:39:16,UTC-04:00,Consumed caffeine?,false,
2024-04-07 22:57:56,2024-04-08 22:39:16,UTC-04:00,Viewed a screen device in bed?,false,
2024-04-07 22:57:56,2024-04-08 22:39:16,UTC-04:00,Have an injury or wound?,false,
2024-04-07 22:57:56,2024-04-08 22:39:16,UTC-04:00,Took prescription sleep medication?,false,
2024-04-07 22:57:56,2024-04-08 22:39:16,UTC-04:00,Read (non-screened device) while in bed?,false,
2024-04-07 22:57:56,2024-04-08 22:39:16,UTC-04:00,Shared your bed?,false,
2024-04-07 22:57:56,2024-04-08 22:39:16,UTC-04:00,Feeling sick or ill?,false,
2024-04-06 23:33:19,2024-04-07 22:57:56,UTC-04:00,Have any alcoholic drinks?,false,
2024-04-06 23:33:19,2024-04-07 22:57:56,UTC-04:00,Consumed caffeine?,false,
2024-04-06 23:33:19,2024-04-07 22:57:56,UTC-04:00,Viewed a screen device in bed?,false,
2024-04-06 23:33:19,2024-04-07 22:57:56,UTC-04:00,Have an injury or wound?,false,
2024-04-06 23:33:19,2024-04-07 22:57:56,UTC-04:00,Took prescription sleep medication?,false,
2024-04-06 23:33:19,2024-04-07 22:57:56,UTC-04:00,Read (non-screened device) while in bed?,false,
2024-04-06 23:33:19,2024-04-07 22:57:56,UTC-04:00,Shared your bed?,false,
2024-04-06 23:33:19,2024-04-07 22:57:56,UTC-04:00,Feeling sick or ill?,false,
2024-04-05 23:23:54,2024-04-06 23:33:19,UTC-04:00,Have any alcoholic drinks?,false,
2024-04-05 23:23:54,2024-04-06 23:33:19,UTC-04:00,Consumed caffeine?,false,
2024-04-05 23:23:54,2024-04-06 23:33:19,UTC-04:00,Viewed a screen device in bed?,false,
2024-04-05 23:23:54,2024-04-06 23:33:19,UTC-04:00,Have an injury or wound?,false,
2024-04-05 23:23:54,2024-04-06 23:33:19,UTC-04:00,Took prescription sleep medication?,false,
2024-04-05 23:23:54,2024-04-06 23:33:19,UTC-04:00,Read (non-screened device) while in bed?,false,
2024-04-05 23:23:54,2024-04-06 23:33:19,UTC-04:00,Shared your bed?,false,
2024-04-05 23:23:54,2024-04-06 23:33:19,UTC-04:00,Feeling sick or ill?,false,
2024-04-04 23:43:05,2024-04-05 23:23:54,UTC-04:00,Took prescription sleep medication?,false,
2024-04-04 23:43:05,2024-04-05 23:23:54,UTC-04:00,Have any alcoholic drinks?,true,
2024-04-04 23:43:05,2024-04-05 23:23:54,UTC-04:00,Consumed caffeine?,false,
2024-04-04 23:43:05,2024-04-05 23:23:54,UTC-04:00,Viewed a screen device in bed?,false,
2024-04-04 23:43:05,2024-04-05 23:23:54,UTC-04:00,Have an injury or wound?,false,
2024-04-04 23:43:05,2024-04-05 23:23:54,UTC-04:00,Read (non-screened device) while in bed?,false,
2024-04-04 23:43:05,2024-04-05 23:23:54,UTC-04:00,Shared your bed?,false,
2024-04-04 23:43:05,2024-04-05 23:23:54,UTC-04:00,Feeling sick or ill?,false,
2024-04-03 23:20:41,2024-04-04 23:43:05,UTC-04:00,Feeling sick or ill?,false,
2024-04-03 23:20:41,2024-04-04 23:43:05,UTC-04:00,Have any alcoholic drinks?,false,
2024-04-03 23:20:41,2024-04-04 23:43:05,UTC-04:00,Consumed caffeine?,false,
2024-04-03 23:20:41,2024-04-04 23:43:05,UTC-04:00,Viewed a screen device in bed?,false,
2024-04-03 23:20:41,2024-04-04 23:43:05,UTC-04:00,Have an injury or wound?,false,
2024-04-03 23:20:41,2024-04-04 23:43:05,UTC-04:00,Took prescription sleep medication?,false,
2024-04-03 23:20:41,2024-04-04 23:43:05,UTC-04:00,Read (non-screened device) while in bed?,false,
2024-04-03 23:20:41,2024-04-04 23:43:05,UTC-04:00,Shared your bed?,false,
2024-04-03 00:20:45,2024-04-03 23:20:41,UTC-04:00,Shared your bed?,false,
2024-04-03 00:20:45,2024-04-03 23:20:41,UTC-04:00,Have any alcoholic drinks?,true,
2024-04-03 00:20:45,2024-04-03 23:20:41,UTC-04:00,Consumed caffeine?,false,
2024-04-03 00:20:45,2024-04-03 23:20:41,UTC-04:00,Viewed a screen device in bed?,false,
2024-04-03 00:20:45,2024-04-03 23:20:41,UTC-04:00,Have an injury or wound?,false,
2024-04-03 00:20:45,2024-04-03 23:20:41,UTC-04:00,Took prescription sleep medication?,false,
2024-04-03 00:20:45,2024-04-03 23:20:41,UTC-04:00,Read (non-screened device) while in bed?,false,
2024-04-03 00:20:45,2024-04-03 23:20:41,UTC-04:00,Feeling sick or ill?,false,
2024-04-01 23:02:21,2024-04-03 00:20:45,UTC-04:00,Shared your bed?,false,
2024-04-01 23:02:21,2024-04-03 00:20:45,UTC-04:00,Have any alcoholic drinks?,false,
2024-04-01 23:02:21,2024-04-03 00:20:45,UTC-04:00,Consumed caffeine?,false,
2024-04-01 23:02:21,2024-04-03 00:20:45,UTC-04:00,Viewed a screen device in bed?,false,
2024-04-01 23:02:21,2024-04-03 00:20:45,UTC-04:00,Have an injury or wound?,false,
2024-04-01 23:02:21,2024-04-03 00:20:45,UTC-04:00,Took prescription sleep medication?,false,
2024-04-01 23:02:21,2024-04-03 00:20:45,UTC-04:00,Read (non-screened device) while in bed?,false,
2024-04-01 23:02:21,2024-04-03 00:20:45,UTC-04:00,Feeling sick or ill?,false,
2024-04-01 00:09:31,2024-04-01 23:02:21,UTC-04:00,Shared your bed?,false,
2024-04-01 00:09:31,2024-04-01 23:02:21,UTC-04:00,Have any alcoholic drinks?,true,
2024-04-01 00:09:31,2024-04-01 23:02:21,UTC-04:00,Consumed caffeine?,false,
2024-04-01 00:09:31,2024-04-01 23:02:21,UTC-04:00,Viewed a screen device in bed?,false,
2024-04-01 00:09:31,2024-04-01 23:02:21,UTC-04:00,Have an injury or wound?,false,
2024-04-01 00:09:31,2024-04-01 23:02:21,UTC-04:00,Took prescription sleep medication?,false,
2024-04-01 00:09:31,2024-04-01 23:02:21,UTC-04:00,Read (non-screened device) while in bed?,false,
2024-04-01 00:09:31,2024-04-01 23:02:21,UTC-04:00,Feeling sick or ill?,false,
2024-03-31 00:00:20,2024-04-01 00:09:31,UTC-04:00,Feeling sick or ill?,false,
2024-03-31 00:00:20,2024-04-01 00:09:31,UTC-04:00,Have any alcoholic drinks?,false,
2024-03-31 00:00:20,2024-04-01 00:09:31,UTC-04:00,Consumed caffeine?,false,
2024-03-31 00:00:20,2024-04-01 00:09:31,UTC-04:00,Viewed a screen device in bed?,false,
2024-03-31 00:00:20,2024-04-01 00:09:31,UTC-04:00,Have an injury or wound?,false,
2024-03-31 00:00:20,2024-04-01 00:09:31,UTC-04:00,Took prescription sleep medication?,false,
2024-03-31 00:00:20,2024-04-01 00:09:31,UTC-04:00,Read (non-screened device) while in bed?,false,
2024-03-31 00:00:20,2024-04-01 00:09:31,UTC-04:00,Shared your bed?,false,
2024-03-30 00:46:28,2024-03-31 00:00:20,UTC-04:00,Feeling sick or ill?,false,
2024-03-30 00:46:28,2024-03-31 00:00:20,UTC-04:00,Have any alcoholic drinks?,true,
2024-03-30 00:46:28,2024-03-31 00:00:20,UTC-04:00,Consumed caffeine?,false,
2024-03-30 00:46:28,2024-03-31 00:00:20,UTC-04:00,Viewed a screen device in bed?,false,
2024-03-30 00:46:28,2024-03-31 00:00:20,UTC-04:00,Have an injury or wound?,false,
2024-03-30 00:46:28,2024-03-31 00:00:20,UTC-04:00,Took prescription sleep medication?,false,
2024-03-30 00:46:28,2024-03-31 00:00:20,UTC-04:00,Read (non-screened device) while in bed?,false,
2024-03-30 00:46:28,2024-03-31 00:00:20,UTC-04:00,Shared your bed?,false,
2024-03-28 23:23:06,2024-03-30 00:46:28,UTC-04:00,Shared your bed?,false,
2024-03-28 23:23:06,2024-03-30 00:46:28,UTC-04:00,Have any alcoholic drinks?,true,
2024-03-28 23:23:06,2024-03-30 00:46:28,UTC-04:00,Consumed caffeine?,false,
2024-03-28 23:23:06,2024-03-30 00:46:28,UTC-04:00,Viewed a screen device in bed?,false,
2024-03-28 23:23:06,2024-03-30 00:46:28,UTC-04:00,Have an injury or wound?,false,
2024-03-28 23:23:06,2024-03-30 00:46:28,UTC-04:00,Took prescription sleep medication?,false,
2024-03-28 23:23:06,2024-03-30 00:46:28,UTC-04:00,Read (non-screened device) while in bed?,false,
2024-03-28 23:23:06,2024-03-30 00:46:28,UTC-04:00,Feeling sick or ill?,false,
2024-03-27 23:36:40,2024-03-28 23:23:06,UTC-04:00,Shared your bed?,false,
2024-03-27 23:36:40,2024-03-28 23:23:06,UTC-04:00,Have any alcoholic drinks?,false,
2024-03-27 23:36:40,2024-03-28 23:23:06,UTC-04:00,Consumed caffeine?,false,
2024-03-27 23:36:40,2024-03-28 23:23:06,UTC-04:00,Viewed a screen device in bed?,false,
2024-03-27 23:36:40,2024-03-28 23:23:06,UTC-04:00,Have an injury or wound?,false,
2024-03-27 23:36:40,2024-03-28 23:23:06,UTC-04:00,Took prescription sleep medication?,false,
2024-03-27 23:36:40,2024-03-28 23:23:06,UTC-04:00,Read (non-screened device) while in bed?,false,
2024-03-27 23:36:40,2024-03-28 23:23:06,UTC-04:00,Feeling sick or ill?,false,
2024-03-27 00:00:40,2024-03-27 23:36:40,UTC-04:00,Shared your bed?,false,
2024-03-27 00:00:40,2024-03-27 23:36:40,UTC-04:00,Have any alcoholic drinks?,false,
2024-03-27 00:00:40,2024-03-27 23:36:40,UTC-04:00,Consumed caffeine?,false,
2024-03-27 00:00:40,2024-03-27 23:36:40,UTC-04:00,Viewed a screen device in bed?,false,
2024-03-27 00:00:40,2024-03-27 23:36:40,UTC-04:00,Have an injury or wound?,false,
2024-03-27 00:00:40,2024-03-27 23:36:40,UTC-04:00,Took prescription sleep medication?,false,
2024-03-27 00:00:40,2024-03-27 23:36:40,UTC-04:00,Read (non-screened device) while in bed?,false,
2024-03-27 00:00:40,2024-03-27 23:36:40,UTC-04:00,Feeling sick or ill?,false,
2024-03-26 00:40:02,2024-03-27 00:00:40,UTC-04:00,Shared your bed?,false,
2024-03-26 00:40:02,2024-03-27 00:00:40,UTC-04:00,Have any alcoholic drinks?,false,
2024-03-26 00:40:02,2024-03-27 00:00:40,UTC-04:00,Consumed caffeine?,false,
2024-03-26 00:40:02,2024-03-27 00:00:40,UTC-04:00,Viewed a screen device in bed?,false,
2024-03-26 00:40:02,2024-03-27 00:00:40,UTC-04:00,Have an injury or wound?,false,
2024-03-26 00:40:02,2024-03-27 00:00:40,UTC-04:00,Took prescription sleep medication?,false,
2024-03-26 00:40:02,2024-03-27 00:00:40,UTC-04:00,Read (non-screened device) while in bed?,false,
2024-03-26 00:40:02,2024-03-27 00:00:40,UTC-04:00,Feeling sick or ill?,false,
2024-03-19 00:34:30,2024-03-20 00:34:30,UTC-04:00,Feeling sick or ill?,false,
2024-03-19 00:34:30,2024-03-20 00:34:30,UTC-04:00,Shared your bed?,false,
2024-03-19 00:34:30,2024-03-20 00:34:30,UTC-04:00,Read (non-screened device) while in bed?,false,
2024-03-19 00:34:30,2024-03-20 00:34:30,UTC-04:00,Took prescription sleep medication?,false,
2024-03-19 00:34:30,2024-03-20 00:34:30,UTC-04:00,Have an injury or wound?,false,
2024-03-19 00:34:30,2024-03-20 00:34:30,UTC-04:00,Viewed a screen device in bed?,false,
2024-03-19 00:34:30,2024-03-20 00:34:30,UTC-04:00,Consumed caffeine?,false,
2024-03-19 00:34:30,2024-03-20 00:34:30,UTC-04:00,Have any alcoholic drinks?,true,
2024-03-17 22:18:55,2024-03-19 00:34:30,UTC-04:00,Feeling sick or ill?,false,
2024-03-17 22:18:55,2024-03-19 00:34:30,UTC-04:00,Have any alcoholic drinks?,false,
2024-03-17 22:18:55,2024-03-19 00:34:30,UTC-04:00,Consumed caffeine?,false,
2024-03-17 22:18:55,2024-03-19 00:34:30,UTC-04:00,Viewed a screen device in bed?,false,
2024-03-17 22:18:55,2024-03-19 00:34:30,UTC-04:00,Have an injury or wound?,false,
2024-03-17 22:18:55,2024-03-19 00:34:30,UTC-04:00,Took prescription sleep medication?,false,
2024-03-17 22:18:55,2024-03-19 00:34:30,UTC-04:00,Read (non-screened device) while in bed?,false,
2024-03-17 22:18:55,2024-03-19 00:34:30,UTC-04:00,Shared your bed?,false,
2024-03-17 00:07:46,2024-03-17 22:18:55,UTC-04:00,Shared your bed?,false,
2024-03-17 00:07:46,2024-03-17 22:18:55,UTC-04:00,Have any alcoholic drinks?,false,
2024-03-17 00:07:46,2024-03-17 22:18:55,UTC-04:00,Consumed caffeine?,false,
2024-03-17 00:07:46,2024-03-17 22:18:55,UTC-04:00,Viewed a screen device in bed?,false,
2024-03-17 00:07:46,2024-03-17 22:18:55,UTC-04:00,Have an injury or wound?,false,
2024-03-17 00:07:46,2024-03-17 22:18:55,UTC-04:00,Took prescription sleep medication?,false,
2024-03-17 00:07:46,2024-03-17 22:18:55,UTC-04:00,Read (non-screened device) while in bed?,false,
2024-03-17 00:07:46,2024-03-17 22:18:55,UTC-04:00,Feeling sick or ill?,false,
2024-03-15 23:55:13,2024-03-17 00:07:46,UTC-04:00,Consumed caffeine?,false,
2024-03-15 23:55:13,2024-03-17 00:07:46,UTC-04:00,Have any alcoholic drinks?,true,
2024-03-15 23:55:13,2024-03-17 00:07:46,UTC-04:00,Viewed a screen device in bed?,false,
2024-03-15 23:55:13,2024-03-17 00:07:46,UTC-04:00,Have an injury or wound?,false,
2024-03-15 23:55:13,2024-03-17 00:07:46,UTC-04:00,Took prescription sleep medication?,false,
2024-03-15 23:55:13,2024-03-17 00:07:46,UTC-04:00,Read (non-screened device) while in bed?,false,
2024-03-15 23:55:13,2024-03-17 00:07:46,UTC-04:00,Shared your bed?,false,
2024-03-15 23:55:13,2024-03-17 00:07:46,UTC-04:00,Feeling sick or ill?,false,
2024-03-15 00:02:53,2024-03-15 23:55:13,UTC-04:00,Took prescription sleep medication?,false,
2024-03-15 00:02:53,2024-03-15 23:55:13,UTC-04:00,Shared your bed?,false,
2024-03-15 00:02:53,2024-03-15 23:55:13,UTC-04:00,Feeling sick or ill?,false,
2024-03-15 00:02:53,2024-03-15 23:55:13,UTC-04:00,Have any alcoholic drinks?,false,
2024-03-15 00:02:53,2024-03-15 23:55:13,UTC-04:00,Consumed caffeine?,false,
2024-03-15 00:02:53,2024-03-15 23:55:13,UTC-04:00,Viewed a screen device in bed?,false,
2024-03-15 00:02:53,2024-03-15 23:55:13,UTC-04:00,Have an injury or wound?,false,
2024-03-15 00:02:53,2024-03-15 23:55:13,UTC-04:00,Read (non-screened device) while in bed?,false,
2024-03-13 23:08:31,2024-03-15 00:02:53,UTC-04:00,Consumed caffeine?,false,
2024-03-13 23:08:31,2024-03-15 00:02:53,UTC-04:00,Viewed a screen device in bed?,false,
2024-03-13 23:08:31,2024-03-15 00:02:53,UTC-04:00,Shared your bed?,false,
2024-03-13 23:08:31,2024-03-15 00:02:53,UTC-04:00,Feeling sick or ill?,false,
2024-03-13 23:08:31,2024-03-15 00:02:53,UTC-04:00,Have an injury or wound?,false,
2024-03-13 23:08:31,2024-03-15 00:02:53,UTC-04:00,Have any alcoholic drinks?,false,
2024-03-13 23:08:31,2024-03-15 00:02:53,UTC-04:00,Took prescription sleep medication?,false,
2024-03-13 23:08:31,2024-03-15 00:02:53,UTC-04:00,Read (non-screened device) while in bed?,false,
2024-03-12 23:46:00,2024-03-13 23:08:31,UTC-04:00,Have an injury or wound?,false,
2024-03-12 23:46:00,2024-03-13 23:08:31,UTC-04:00,Viewed a screen device in bed?,false,
2024-03-12 23:46:00,2024-03-13 23:08:31,UTC-04:00,Consumed caffeine?,false,
2024-03-12 23:46:00,2024-03-13 23:08:31,UTC-04:00,Took prescription sleep medication?,false,
2024-03-12 23:46:00,2024-03-13 23:08:31,UTC-04:00,Read (non-screened device) while in bed?,false,
2024-03-12 23:46:00,2024-03-13 23:08:31,UTC-04:00,Shared your bed?,false,
2024-03-12 23:46:00,2024-03-13 23:08:31,UTC-04:00,Feeling sick or ill?,false,
2024-03-12 23:46:00,2024-03-13 23:08:31,UTC-04:00,Have any alcoholic drinks?,false,
2024-03-11 22:45:52,2024-03-12 23:46:00,UTC-04:00,Shared your bed?,false,
2024-03-11 22:45:52,2024-03-12 23:46:00,UTC-04:00,Have any alcoholic drinks?,false,
2024-03-11 22:45:52,2024-03-12 23:46:00,UTC-04:00,Feeling sick or ill?,false,
2024-03-11 22:45:52,2024-03-12 23:46:00,UTC-04:00,Consumed caffeine?,false,
2024-03-11 22:45:52,2024-03-12 23:46:00,UTC-04:00,Read (non-screened device) while in bed?,false,
2024-03-11 22:45:52,2024-03-12 23:46:00,UTC-04:00,Took prescription sleep medication?,false,
2024-03-11 22:45:52,2024-03-12 23:46:00,UTC-04:00,Have an injury or wound?,false,
2024-03-11 22:45:52,2024-03-12 23:46:00,UTC-04:00,Viewed a screen device in bed?,false,
2024-03-09 23:31:58,2024-03-10 22:54:04,UTC-05:00,Feeling sick or ill?,false,
2024-03-09 23:31:58,2024-03-10 22:54:04,UTC-05:00,Have any alcoholic drinks?,false,
2024-03-09 23:31:58,2024-03-10 22:54:04,UTC-05:00,Consumed caffeine?,false,
2024-03-09 23:31:58,2024-03-10 22:54:04,UTC-05:00,Viewed a screen device in bed?,false,
2024-03-09 23:31:58,2024-03-10 22:54:04,UTC-05:00,Have an injury or wound?,false,
2024-03-09 23:31:58,2024-03-10 22:54:04,UTC-05:00,Took prescription sleep medication?,false,
2024-03-09 23:31:58,2024-03-10 22:54:04,UTC-05:00,Read (non-screened device) while in bed?,false,
2024-03-09 23:31:58,2024-03-10 22:54:04,UTC-05:00,Shared your bed?,false,
2024-03-07 23:31:53,2024-03-09 00:00:00,UTC-05:00,Consumed caffeine?,false,
2024-03-07 23:31:53,2024-03-09 00:00:00,UTC-05:00,Feeling sick or ill?,false,
2024-03-07 23:31:53,2024-03-09 00:00:00,UTC-05:00,Shared your bed?,false,
2024-03-07 23:31:53,2024-03-09 00:00:00,UTC-05:00,Read (non-screened device) while in bed?,false,
2024-03-07 23:31:53,2024-03-09 00:00:00,UTC-05:00,Took prescription sleep medication?,false,
2024-03-07 23:31:53,2024-03-09 00:00:00,UTC-05:00,Have an injury or wound?,false,
2024-03-07 23:31:53,2024-03-09 00:00:00,UTC-05:00,Viewed a screen device in bed?,false,
2024-03-07 23:31:53,2024-03-09 00:00:00,UTC-05:00,Have any alcoholic drinks?,false,
2024-03-06 23:03:54,2024-03-07 23:31:53,UTC-05:00,Feeling sick or ill?,false,
2024-03-06 23:03:54,2024-03-07 23:31:53,UTC-05:00,Have any alcoholic drinks?,true,
2024-03-06 23:03:54,2024-03-07 23:31:53,UTC-05:00,Consumed caffeine?,false,
2024-03-06 23:03:54,2024-03-07 23:31:53,UTC-05:00,Viewed a screen device in bed?,false,
2024-03-06 23:03:54,2024-03-07 23:31:53,UTC-05:00,Have an injury or wound?,false,
2024-03-06 23:03:54,2024-03-07 23:31:53,UTC-05:00,Took prescription sleep medication?,false,
2024-03-06 23:03:54,2024-03-07 23:31:53,UTC-05:00,Read (non-screened device) while in bed?,false,
2024-03-06 23:03:54,2024-03-07 23:31:53,UTC-05:00,Shared your bed?,false,
2024-03-05 23:57:40,2024-03-06 23:03:54,UTC-05:00,Feeling sick or ill?,false,
2024-03-05 23:57:40,2024-03-06 23:03:54,UTC-05:00,Have any alcoholic drinks?,false,
2024-03-05 23:57:40,2024-03-06 23:03:54,UTC-05:00,Viewed a screen device in bed?,false,
2024-03-05 23:57:40,2024-03-06 23:03:54,UTC-05:00,Have an injury or wound?,false,
2024-03-05 23:57:40,2024-03-06 23:03:54,UTC-05:00,Took prescription sleep medication?,false,
2024-03-05 23:57:40,2024-03-06 23:03:54,UTC-05:00,Read (non-screened device) while in bed?,false,
2024-03-05 23:57:40,2024-03-06 23:03:54,UTC-05:00,Shared your bed?,false,
2024-03-05 23:57:40,2024-03-06 23:03:54,UTC-05:00,Consumed caffeine?,false,
2024-03-04 22:46:30,2024-03-05 23:57:40,UTC-05:00,Took prescription sleep medication?,false,
2024-03-04 22:46:30,2024-03-05 23:57:40,UTC-05:00,Have any alcoholic drinks?,false,
2024-03-04 22:46:30,2024-03-05 23:57:40,UTC-05:00,Consumed caffeine?,false,
2024-03-04 22:46:30,2024-03-05 23:57:40,UTC-05:00,Viewed a screen device in bed?,false,
2024-03-04 22:46:30,2024-03-05 23:57:40,UTC-05:00,Have an injury or wound?,false,
2024-03-04 22:46:30,2024-03-05 23:57:40,UTC-05:00,Read (non-screened device) while in bed?,false,
2024-03-04 22:46:30,2024-03-05 23:57:40,UTC-05:00,Shared your bed?,false,
2024-03-04 22:46:30,2024-03-05 23:57:40,UTC-05:00,Feeling sick or ill?,false,
2024-03-03 23:16:29,2024-03-04 22:46:30,UTC-05:00,Feeling sick or ill?,false,
2024-03-03 23:16:29,2024-03-04 22:46:30,UTC-05:00,Have any alcoholic drinks?,false,
2024-03-03 23:16:29,2024-03-04 22:46:30,UTC-05:00,Consumed caffeine?,false,
2024-03-03 23:16:29,2024-03-04 22:46:30,UTC-05:00,Viewed a screen device in bed?,false,
2024-03-03 23:16:29,2024-03-04 22:46:30,UTC-05:00,Have an injury or wound?,false,
2024-03-03 23:16:29,2024-03-04 22:46:30,UTC-05:00,Took prescription sleep medication?,false,
2024-03-03 23:16:29,2024-03-04 22:46:30,UTC-05:00,Read (non-screened device) while in bed?,false,
2024-03-03 23:16:29,2024-03-04 22:46:30,UTC-05:00,Shared your bed?,false,
2024-03-02 23:57:47,2024-03-03 23:16:29,UTC-05:00,Shared your bed?,false,
2024-03-02 23:57:47,2024-03-03 23:16:29,UTC-05:00,Have any alcoholic drinks?,false,
2024-03-02 23:57:47,2024-03-03 23:16:29,UTC-05:00,Consumed caffeine?,false,
2024-03-02 23:57:47,2024-03-03 23:16:29,UTC-05:00,Viewed a screen device in bed?,false,
2024-03-02 23:57:47,2024-03-03 23:16:29,UTC-05:00,Have an injury or wound?,false,
2024-03-02 23:57:47,2024-03-03 23:16:29,UTC-05:00,Took prescription sleep medication?,false,
2024-03-02 23:57:47,2024-03-03 23:16:29,UTC-05:00,Read (non-screened device) while in bed?,false,
2024-03-02 23:57:47,2024-03-03 23:16:29,UTC-05:00,Feeling sick or ill?,false,
2024-03-02 01:18:07,2024-03-02 23:57:47,UTC-05:00,Shared your bed?,false,
2024-03-02 01:18:07,2024-03-02 23:57:47,UTC-05:00,Have any alcoholic drinks?,true,
2024-03-02 01:18:07,2024-03-02 23:57:47,UTC-05:00,Consumed caffeine?,false,
2024-03-02 01:18:07,2024-03-02 23:57:47,UTC-05:00,Viewed a screen device in bed?,false,
2024-03-02 01:18:07,2024-03-02 23:57:47,UTC-05:00,Have an injury or wound?,false,
2024-03-02 01:18:07,2024-03-02 23:57:47,UTC-05:00,Took prescription sleep medication?,false,
2024-03-02 01:18:07,2024-03-02 23:57:47,UTC-05:00,Read (non-screened device) while in bed?,false,
2024-03-02 01:18:07,2024-03-02 23:57:47,UTC-05:00,Feeling sick or ill?,false,
2024-02-29 23:47:48,2024-03-02 01:18:07,UTC-05:00,Shared your bed?,false,
2024-02-29 23:47:48,2024-03-02 01:18:07,UTC-05:00,Have any alcoholic drinks?,false,
2024-02-29 23:47:48,2024-03-02 01:18:07,UTC-05:00,Consumed caffeine?,false,
2024-02-29 23:47:48,2024-03-02 01:18:07,UTC-05:00,Viewed a screen device in bed?,false,
2024-02-29 23:47:48,2024-03-02 01:18:07,UTC-05:00,Have an injury or wound?,false,
2024-02-29 23:47:48,2024-03-02 01:18:07,UTC-05:00,Took prescription sleep medication?,false,
2024-02-29 23:47:48,2024-03-02 01:18:07,UTC-05:00,Read (non-screened device) while in bed?,false,
2024-02-29 23:47:48,2024-03-02 01:18:07,UTC-05:00,Feeling sick or ill?,false,
2024-02-28 23:32:09,2024-02-29 23:47:48,UTC-05:00,Have an injury or wound?,false,
2024-02-28 23:32:09,2024-02-29 23:47:48,UTC-05:00,Have any alcoholic drinks?,false,
2024-02-28 23:32:09,2024-02-29 23:47:48,UTC-05:00,Consumed caffeine?,false,
2024-02-28 23:32:09,2024-02-29 23:47:48,UTC-05:00,Viewed a screen device in bed?,false,
2024-02-28 23:32:09,2024-02-29 23:47:48,UTC-05:00,Took prescription sleep medication?,false,
2024-02-28 23:32:09,2024-02-29 23:47:48,UTC-05:00,Read (non-screened device) while in bed?,false,
2024-02-28 23:32:09,2024-02-29 23:47:48,UTC-05:00,Shared your bed?,false,
2024-02-28 23:32:09,2024-02-29 23:47:48,UTC-05:00,Feeling sick or ill?,false,
2024-02-27 23:37:40,2024-02-28 23:32:09,UTC-05:00,Feeling sick or ill?,false,
2024-02-27 23:37:40,2024-02-28 23:32:09,UTC-05:00,Have any alcoholic drinks?,false,
2024-02-27 23:37:40,2024-02-28 23:32:09,UTC-05:00,Consumed caffeine?,false,
2024-02-27 23:37:40,2024-02-28 23:32:09,UTC-05:00,Viewed a screen device in bed?,false,
2024-02-27 23:37:40,2024-02-28 23:32:09,UTC-05:00,Have an injury or wound?,false,
2024-02-27 23:37:40,2024-02-28 23:32:09,UTC-05:00,Took prescription sleep medication?,false,
2024-02-27 23:37:40,2024-02-28 23:32:09,UTC-05:00,Read (non-screened device) while in bed?,false,
2024-02-27 23:37:40,2024-02-28 23:32:09,UTC-05:00,Shared your bed?,false,
2024-02-26 23:37:10,2024-02-27 23:37:40,UTC-05:00,Shared your bed?,false,
2024-02-26 23:37:10,2024-02-27 23:37:40,UTC-05:00,Have any alcoholic drinks?,false,
2024-02-26 23:37:10,2024-02-27 23:37:40,UTC-05:00,Consumed caffeine?,false,
2024-02-26 23:37:10,2024-02-27 23:37:40,UTC-05:00,Viewed a screen device in bed?,false,
2024-02-26 23:37:10,2024-02-27 23:37:40,UTC-05:00,Have an injury or wound?,false,
2024-02-26 23:37:10,2024-02-27 23:37:40,UTC-05:00,Took prescription sleep medication?,false,
2024-02-26 23:37:10,2024-02-27 23:37:40,UTC-05:00,Read (non-screened device) while in bed?,false,
2024-02-26 23:37:10,2024-02-27 23:37:40,UTC-05:00,Feeling sick or ill?,false,
2024-02-25 23:14:00,2024-02-26 23:37:10,UTC-05:00,Shared your bed?,false,
2024-02-25 23:14:00,2024-02-26 23:37:10,UTC-05:00,Have any alcoholic drinks?,false,
2024-02-25 23:14:00,2024-02-26 23:37:10,UTC-05:00,Consumed caffeine?,false,
2024-02-25 23:14:00,2024-02-26 23:37:10,UTC-05:00,Viewed a screen device in bed?,false,
2024-02-25 23:14:00,2024-02-26 23:37:10,UTC-05:00,Have an injury or wound?,false,
2024-02-25 23:14:00,2024-02-26 23:37:10,UTC-05:00,Took prescription sleep medication?,false,
2024-02-25 23:14:00,2024-02-26 23:37:10,UTC-05:00,Read (non-screened device) while in bed?,false,
2024-02-25 23:14:00,2024-02-26 23:37:10,UTC-05:00,Feeling sick or ill?,false,
2024-02-24 01:08:12,2024-02-25 23:14:00,UTC-05:00,Read (non-screened device) while in bed?,false,
2024-02-24 01:08:12,2024-02-25 23:14:00,UTC-05:00,Have any alcoholic drinks?,true,
2024-02-24 01:08:12,2024-02-25 23:14:00,UTC-05:00,Consumed caffeine?,false,
2024-02-24 01:08:12,2024-02-25 23:14:00,UTC-05:00,Viewed a screen device in bed?,false,
2024-02-24 01:08:12,2024-02-25 23:14:00,UTC-05:00,Feeling sick or ill?,false,
2024-02-24 01:08:12,2024-02-25 23:14:00,UTC-05:00,Have an injury or wound?,false,
2024-02-24 01:08:12,2024-02-25 23:14:00,UTC-05:00,Took prescription sleep medication?,false,
2024-02-24 01:08:12,2024-02-25 23:14:00,UTC-05:00,Shared your bed?,false,
2024-02-23 00:19:20,2024-02-24 01:08:12,UTC-05:00,Feeling sick or ill?,false,
2024-02-23 00:19:20,2024-02-24 01:08:12,UTC-05:00,Shared your bed?,false,
2024-02-23 00:19:20,2024-02-24 01:08:12,UTC-05:00,Read (non-screened device) while in bed?,false,
2024-02-23 00:19:20,2024-02-24 01:08:12,UTC-05:00,Took prescription sleep medication?,false,
2024-02-23 00:19:20,2024-02-24 01:08:12,UTC-05:00,Have an injury or wound?,false,
2024-02-23 00:19:20,2024-02-24 01:08:12,UTC-05:00,Viewed a screen device in bed?,false,
2024-02-23 00:19:20,2024-02-24 01:08:12,UTC-05:00,Consumed caffeine?,false,
2024-02-23 00:19:20,2024-02-24 01:08:12,UTC-05:00,Have any alcoholic drinks?,false,
2024-02-21 23:54:37,2024-02-23 00:19:20,UTC-05:00,Feeling sick or ill?,false,
2024-02-21 23:54:37,2024-02-23 00:19:20,UTC-05:00,Have any alcoholic drinks?,true,
2024-02-21 23:54:37,2024-02-23 00:19:20,UTC-05:00,Consumed caffeine?,false,
2024-02-21 23:54:37,2024-02-23 00:19:20,UTC-05:00,Viewed a screen device in bed?,false,
2024-02-21 23:54:37,2024-02-23 00:19:20,UTC-05:00,Have an injury or wound?,false,
2024-02-21 23:54:37,2024-02-23 00:19:20,UTC-05:00,Took prescription sleep medication?,false,
2024-02-21 23:54:37,2024-02-23 00:19:20,UTC-05:00,Read (non-screened device) while in bed?,false,
2024-02-21 23:54:37,2024-02-23 00:19:20,UTC-05:00,Shared your bed?,false,
2024-02-20 23:37:45,2024-02-21 23:54:37,UTC-05:00,Shared your bed?,false,
2024-02-20 23:37:45,2024-02-21 23:54:37,UTC-05:00,Have any alcoholic drinks?,false,
2024-02-20 23:37:45,2024-02-21 23:54:37,UTC-05:00,Consumed caffeine?,false,
2024-02-20 23:37:45,2024-02-21 23:54:37,UTC-05:00,Viewed a screen device in bed?,false,
2024-02-20 23:37:45,2024-02-21 23:54:37,UTC-05:00,Have an injury or wound?,false,
2024-02-20 23:37:45,2024-02-21 23:54:37,UTC-05:00,Took prescription sleep medication?,false,
2024-02-20 23:37:45,2024-02-21 23:54:37,UTC-05:00,Read (non-screened device) while in bed?,false,
2024-02-20 23:37:45,2024-02-21 23:54:37,UTC-05:00,Feeling sick or ill?,false,
2024-02-19 23:17:28,2024-02-20 23:37:45,UTC-05:00,Shared your bed?,false,
2024-02-19 23:17:28,2024-02-20 23:37:45,UTC-05:00,Have any alcoholic drinks?,true,
2024-02-19 23:17:28,2024-02-20 23:37:45,UTC-05:00,Consumed caffeine?,false,
2024-02-19 23:17:28,2024-02-20 23:37:45,UTC-05:00,Viewed a screen device in bed?,false,
2024-02-19 23:17:28,2024-02-20 23:37:45,UTC-05:00,Have an injury or wound?,false,
2024-02-19 23:17:28,2024-02-20 23:37:45,UTC-05:00,Took prescription sleep medication?,false,
2024-02-19 23:17:28,2024-02-20 23:37:45,UTC-05:00,Read (non-screened device) while in bed?,false,
2024-02-19 23:17:28,2024-02-20 23:37:45,UTC-05:00,Feeling sick or ill?,false,
2024-02-18 23:25:01,2024-02-19 23:17:28,UTC-05:00,Shared your bed?,false,
2024-02-18 23:25:01,2024-02-19 23:17:28,UTC-05:00,Have any alcoholic drinks?,false,
2024-02-18 23:25:01,2024-02-19 23:17:28,UTC-05:00,Consumed caffeine?,false,
2024-02-18 23:25:01,2024-02-19 23:17:28,UTC-05:00,Viewed a screen device in bed?,false,
2024-02-18 23:25:01,2024-02-19 23:17:28,UTC-05:00,Have an injury or wound?,false,
2024-02-18 23:25:01,2024-02-19 23:17:28,UTC-05:00,Took prescription sleep medication?,false,
2024-02-18 23:25:01,2024-02-19 23:17:28,UTC-05:00,Read (non-screened device) while in bed?,false,
2024-02-18 23:25:01,2024-02-19 23:17:28,UTC-05:00,Feeling sick or ill?,false,
2024-02-18 00:33:40,2024-02-18 23:25:01,UTC-05:00,Feeling sick or ill?,false,
2024-02-18 00:33:40,2024-02-18 23:25:01,UTC-05:00,Have any alcoholic drinks?,true,
2024-02-18 00:33:40,2024-02-18 23:25:01,UTC-05:00,Consumed caffeine?,false,
2024-02-18 00:33:40,2024-02-18 23:25:01,UTC-05:00,Viewed a screen device in bed?,false,
2024-02-18 00:33:40,2024-02-18 23:25:01,UTC-05:00,Have an injury or wound?,false,
2024-02-18 00:33:40,2024-02-18 23:25:01,UTC-05:00,Took prescription sleep medication?,false,
2024-02-18 00:33:40,2024-02-18 23:25:01,UTC-05:00,Read (non-screened device) while in bed?,false,
2024-02-18 00:33:40,2024-02-18 23:25:01,UTC-05:00,Shared your bed?,false,
2024-02-17 00:15:16,2024-02-18 00:33:40,UTC-05:00,Feeling sick or ill?,false,
2024-02-17 00:15:16,2024-02-18 00:33:40,UTC-05:00,Have any alcoholic drinks?,false,
2024-02-17 00:15:16,2024-02-18 00:33:40,UTC-05:00,Consumed caffeine?,false,
2024-02-17 00:15:16,2024-02-18 00:33:40,UTC-05:00,Viewed a screen device in bed?,false,
2024-02-17 00:15:16,2024-02-18 00:33:40,UTC-05:00,Have an injury or wound?,false,
2024-02-17 00:15:16,2024-02-18 00:33:40,UTC-05:00,Took prescription sleep medication?,false,
2024-02-17 00:15:16,2024-02-18 00:33:40,UTC-05:00,Read (non-screened device) while in bed?,false,
2024-02-17 00:15:16,2024-02-18 00:33:40,UTC-05:00,Shared your bed?,false,
2024-02-15 23:28:28,2024-02-17 00:15:16,UTC-05:00,Shared your bed?,false,
2024-02-15 23:28:28,2024-02-17 00:15:16,UTC-05:00,Have any alcoholic drinks?,false,
2024-02-15 23:28:28,2024-02-17 00:15:16,UTC-05:00,Consumed caffeine?,false,
2024-02-15 23:28:28,2024-02-17 00:15:16,UTC-05:00,Viewed a screen device in bed?,false,
2024-02-15 23:28:28,2024-02-17 00:15:16,UTC-05:00,Have an injury or wound?,false,
2024-02-15 23:28:28,2024-02-17 00:15:16,UTC-05:00,Took prescription sleep medication?,false,
2024-02-15 23:28:28,2024-02-17 00:15:16,UTC-05:00,Read (non-screened device) while in bed?,false,
2024-02-15 23:28:28,2024-02-17 00:15:16,UTC-05:00,Feeling sick or ill?,false,
2024-02-14 23:40:55,2024-02-15 23:28:28,UTC-05:00,Have an injury or wound?,false,
2024-02-14 23:40:55,2024-02-15 23:28:28,UTC-05:00,Have any alcoholic drinks?,false,
2024-02-14 23:40:55,2024-02-15 23:28:28,UTC-05:00,Consumed caffeine?,false,
2024-02-14 23:40:55,2024-02-15 23:28:28,UTC-05:00,Feeling sick or ill?,false,
2024-02-14 23:40:55,2024-02-15 23:28:28,UTC-05:00,Shared your bed?,false,
2024-02-14 23:40:55,2024-02-15 23:28:28,UTC-05:00,Read (non-screened device) while in bed?,false,
2024-02-14 23:40:55,2024-02-15 23:28:28,UTC-05:00,Took prescription sleep medication?,false,
2024-02-14 23:40:55,2024-02-15 23:28:28,UTC-05:00,Viewed a screen device in bed?,false,
2024-02-14 00:53:56,2024-02-14 23:40:55,UTC-05:00,Have any alcoholic drinks?,false,
2024-02-14 00:53:56,2024-02-14 23:40:55,UTC-05:00,Feeling sick or ill?,false,
2024-02-14 00:53:56,2024-02-14 23:40:55,UTC-05:00,Shared your bed?,false,
2024-02-14 00:53:56,2024-02-14 23:40:55,UTC-05:00,Read (non-screened device) while in bed?,false,
2024-02-14 00:53:56,2024-02-14 23:40:55,UTC-05:00,Took prescription sleep medication?,false,
2024-02-14 00:53:56,2024-02-14 23:40:55,UTC-05:00,Have an injury or wound?,false,
2024-02-14 00:53:56,2024-02-14 23:40:55,UTC-05:00,Viewed a screen device in bed?,false,
2024-02-14 00:53:56,2024-02-14 23:40:55,UTC-05:00,Consumed caffeine?,false,
2024-02-12 22:31:08,2024-02-14 00:53:56,UTC-05:00,Feeling sick or ill?,false,
2024-02-12 22:31:08,2024-02-14 00:53:56,UTC-05:00,Have any alcoholic drinks?,false,
2024-02-12 22:31:08,2024-02-14 00:53:56,UTC-05:00,Consumed caffeine?,false,
2024-02-12 22:31:08,2024-02-14 00:53:56,UTC-05:00,Viewed a screen device in bed?,false,
2024-02-12 22:31:08,2024-02-14 00:53:56,UTC-05:00,Have an injury or wound?,false,
2024-02-12 22:31:08,2024-02-14 00:53:56,UTC-05:00,Took prescription sleep medication?,false,
2024-02-12 22:31:08,2024-02-14 00:53:56,UTC-05:00,Read (non-screened device) while in bed?,false,
2024-02-12 22:31:08,2024-02-14 00:53:56,UTC-05:00,Shared your bed?,false,
2024-02-11 22:39:42,2024-02-12 22:31:08,UTC-05:00,Consumed caffeine?,false,
2024-02-11 22:39:42,2024-02-12 22:31:08,UTC-05:00,Have any alcoholic drinks?,false,
2024-02-11 22:39:42,2024-02-12 22:31:08,UTC-05:00,Viewed a screen device in bed?,false,
2024-02-11 22:39:42,2024-02-12 22:31:08,UTC-05:00,Have an injury or wound?,false,
2024-02-11 22:39:42,2024-02-12 22:31:08,UTC-05:00,Took prescription sleep medication?,false,
2024-02-11 22:39:42,2024-02-12 22:31:08,UTC-05:00,Read (non-screened device) while in bed?,false,
2024-02-11 22:39:42,2024-02-12 22:31:08,UTC-05:00,Shared your bed?,false,
2024-02-11 22:39:42,2024-02-12 22:31:08,UTC-05:00,Feeling sick or ill?,false,
2024-02-10 23:15:12,2024-02-11 22:39:42,UTC-05:00,Read (non-screened device) while in bed?,false,
2024-02-10 23:15:12,2024-02-11 22:39:42,UTC-05:00,Shared your bed?,false,
2024-02-10 23:15:12,2024-02-11 22:39:42,UTC-05:00,Feeling sick or ill?,false,
2024-02-10 23:15:12,2024-02-11 22:39:42,UTC-05:00,Have any alcoholic drinks?,false,
2024-02-10 23:15:12,2024-02-11 22:39:42,UTC-05:00,Consumed caffeine?,false,
2024-02-10 23:15:12,2024-02-11 22:39:42,UTC-05:00,Viewed a screen device in bed?,false,
2024-02-10 23:15:12,2024-02-11 22:39:42,UTC-05:00,Have an injury or wound?,false,
2024-02-10 23:15:12,2024-02-11 22:39:42,UTC-05:00,Took prescription sleep medication?,false,
2024-02-09 23:52:10,2024-02-10 23:15:12,UTC-05:00,Feeling sick or ill?,false,
2024-02-09 23:52:10,2024-02-10 23:15:12,UTC-05:00,Have any alcoholic drinks?,true,
2024-02-09 23:52:10,2024-02-10 23:15:12,UTC-05:00,Consumed caffeine?,false,
2024-02-09 23:52:10,2024-02-10 23:15:12,UTC-05:00,Viewed a screen device in bed?,false,
2024-02-09 23:52:10,2024-02-10 23:15:12,UTC-05:00,Have an injury or wound?,false,
2024-02-09 23:52:10,2024-02-10 23:15:12,UTC-05:00,Took prescription sleep medication?,false,
2024-02-09 23:52:10,2024-02-10 23:15:12,UTC-05:00,Read (non-screened device) while in bed?,false,
2024-02-09 23:52:10,2024-02-10 23:15:12,UTC-05:00,Shared your bed?,false,
2024-02-09 00:31:32,2024-02-09 23:52:10,UTC-05:00,Viewed a screen device in bed?,false,
2024-02-09 00:31:32,2024-02-09 23:52:10,UTC-05:00,Have any alcoholic drinks?,true,
2024-02-09 00:31:32,2024-02-09 23:52:10,UTC-05:00,Feeling sick or ill?,false,
2024-02-09 00:31:32,2024-02-09 23:52:10,UTC-05:00,Shared your bed?,false,
2024-02-09 00:31:32,2024-02-09 23:52:10,UTC-05:00,Read (non-screened device) while in bed?,false,
2024-02-09 00:31:32,2024-02-09 23:52:10,UTC-05:00,Took prescription sleep medication?,false,
2024-02-09 00:31:32,2024-02-09 23:52:10,UTC-05:00,Have an injury or wound?,false,
2024-02-09 00:31:32,2024-02-09 23:52:10,UTC-05:00,Consumed caffeine?,false,
2024-02-08 00:00:40,2024-02-09 00:31:32,UTC-05:00,Consumed caffeine?,false,
2024-02-08 00:00:40,2024-02-09 00:31:32,UTC-05:00,Have any alcoholic drinks?,false,
2024-02-08 00:00:40,2024-02-09 00:31:32,UTC-05:00,Viewed a screen device in bed?,false,
2024-02-08 00:00:40,2024-02-09 00:31:32,UTC-05:00,Have an injury or wound?,false,
2024-02-08 00:00:40,2024-02-09 00:31:32,UTC-05:00,Took prescription sleep medication?,false,
2024-02-08 00:00:40,2024-02-09 00:31:32,UTC-05:00,Read (non-screened device) while in bed?,false,
2024-02-08 00:00:40,2024-02-09 00:31:32,UTC-05:00,Shared your bed?,false,
2024-02-08 00:00:40,2024-02-09 00:31:32,UTC-05:00,Feeling sick or ill?,false,
2024-02-06 22:54:03,2024-02-08 00:00:40,UTC-05:00,Have any alcoholic drinks?,false,
2024-02-06 22:54:03,2024-02-08 00:00:40,UTC-05:00,Consumed caffeine?,false,
2024-02-06 22:54:03,2024-02-08 00:00:40,UTC-05:00,Viewed a screen device in bed?,false,
2024-02-06 22:54:03,2024-02-08 00:00:40,UTC-05:00,Have an injury or wound?,false,
2024-02-06 22:54:03,2024-02-08 00:00:40,UTC-05:00,Took prescription sleep medication?,false,
2024-02-06 22:54:03,2024-02-08 00:00:40,UTC-05:00,Read (non-screened device) while in bed?,false,
2024-02-06 22:54:03,2024-02-08 00:00:40,UTC-05:00,Shared your bed?,false,
2024-02-06 22:54:03,2024-02-08 00:00:40,UTC-05:00,Feeling sick or ill?,false,
2024-02-05 23:42:59,2024-02-06 22:54:03,UTC-05:00,Consumed caffeine?,false,
2024-02-05 23:42:59,2024-02-06 22:54:03,UTC-05:00,Feeling sick or ill?,false,
2024-02-05 23:42:59,2024-02-06 22:54:03,UTC-05:00,Shared your bed?,false,
2024-02-05 23:42:59,2024-02-06 22:54:03,UTC-05:00,Read (non-screened device) while in bed?,false,
2024-02-05 23:42:59,2024-02-06 22:54:03,UTC-05:00,Took prescription sleep medication?,false,
2024-02-05 23:42:59,2024-02-06 22:54:03,UTC-05:00,Have an injury or wound?,false,
2024-02-05 23:42:59,2024-02-06 22:54:03,UTC-05:00,Viewed a screen device in bed?,false,
2024-02-05 23:42:59,2024-02-06 22:54:03,UTC-05:00,Have any alcoholic drinks?,false,
2024-02-04 23:00:19,2024-02-05 23:42:59,UTC-05:00,Have any alcoholic drinks?,false,
2024-02-04 23:00:19,2024-02-05 23:42:59,UTC-05:00,Consumed caffeine?,false,
2024-02-04 23:00:19,2024-02-05 23:42:59,UTC-05:00,Feeling sick or ill?,false,
2024-02-04 23:00:19,2024-02-05 23:42:59,UTC-05:00,Shared your bed?,false,
2024-02-04 23:00:19,2024-02-05 23:42:59,UTC-05:00,Read (non-screened device) while in bed?,false,
2024-02-04 23:00:19,2024-02-05 23:42:59,UTC-05:00,Took prescription sleep medication?,false,
2024-02-04 23:00:19,2024-02-05 23:42:59,UTC-05:00,Have an injury or wound?,false,
2024-02-04 23:00:19,2024-02-05 23:42:59,UTC-05:00,Viewed a screen device in bed?,false,
2024-02-03 23:32:57,2024-02-04 23:00:19,UTC-05:00,Consumed caffeine?,false,
2024-02-03 23:32:57,2024-02-04 23:00:19,UTC-05:00,Have any alcoholic drinks?,true,
2024-02-03 23:32:57,2024-02-04 23:00:19,UTC-05:00,Feeling sick or ill?,false,
2024-02-03 23:32:57,2024-02-04 23:00:19,UTC-05:00,Shared your bed?,false,
2024-02-03 23:32:57,2024-02-04 23:00:19,UTC-05:00,Read (non-screened device) while in bed?,false,
2024-02-03 23:32:57,2024-02-04 23:00:19,UTC-05:00,Took prescription sleep medication?,false,
2024-02-03 23:32:57,2024-02-04 23:00:19,UTC-05:00,Have an injury or wound?,false,
2024-02-03 23:32:57,2024-02-04 23:00:19,UTC-05:00,Viewed a screen device in bed?,false,
2024-02-03 02:04:48,2024-02-03 23:32:57,UTC-05:00,Consumed caffeine?,false,
2024-02-03 02:04:48,2024-02-03 23:32:57,UTC-05:00,Have any alcoholic drinks?,true,
2024-02-03 02:04:48,2024-02-03 23:32:57,UTC-05:00,Feeling sick or ill?,false,
2024-02-03 02:04:48,2024-02-03 23:32:57,UTC-05:00,Shared your bed?,false,
2024-02-03 02:04:48,2024-02-03 23:32:57,UTC-05:00,Read (non-screened device) while in bed?,false,
2024-02-03 02:04:48,2024-02-03 23:32:57,UTC-05:00,Took prescription sleep medication?,false,
2024-02-03 02:04:48,2024-02-03 23:32:57,UTC-05:00,Have an injury or wound?,false,
2024-02-03 02:04:48,2024-02-03 23:32:57,UTC-05:00,Viewed a screen device in bed?,false,
2024-02-01 23:44:15,2024-02-03 02:04:48,UTC-05:00,Consumed caffeine?,false,
2024-02-01 23:44:15,2024-02-03 02:04:48,UTC-05:00,Have any alcoholic drinks?,false,
2024-02-01 23:44:15,2024-02-03 02:04:48,UTC-05:00,Feeling sick or ill?,false,
2024-02-01 23:44:15,2024-02-03 02:04:48,UTC-05:00,Shared your bed?,false,
2024-02-01 23:44:15,2024-02-03 02:04:48,UTC-05:00,Read (non-screened device) while in bed?,false,
2024-02-01 23:44:15,2024-02-03 02:04:48,UTC-05:00,Took prescription sleep medication?,false,
2024-02-01 23:44:15,2024-02-03 02:04:48,UTC-05:00,Have an injury or wound?,false,
2024-02-01 23:44:15,2024-02-03 02:04:48,UTC-05:00,Viewed a screen device in bed?,false,
2024-02-01 00:33:23,2024-02-01 23:44:15,UTC-05:00,Viewed a screen device in bed?,false,
2024-02-01 00:33:23,2024-02-01 23:44:15,UTC-05:00,Have any alcoholic drinks?,true,
2024-02-01 00:33:23,2024-02-01 23:44:15,UTC-05:00,Feeling sick or ill?,false,
2024-02-01 00:33:23,2024-02-01 23:44:15,UTC-05:00,Shared your bed?,false,
2024-02-01 00:33:23,2024-02-01 23:44:15,UTC-05:00,Read (non-screened device) while in bed?,false,
2024-02-01 00:33:23,2024-02-01 23:44:15,UTC-05:00,Took prescription sleep medication?,false,
2024-02-01 00:33:23,2024-02-01 23:44:15,UTC-05:00,Have an injury or wound?,false,
2024-02-01 00:33:23,2024-02-01 23:44:15,UTC-05:00,Consumed caffeine?,false,
2024-01-30 23:33:14,2024-02-01 00:33:23,UTC-05:00,Have any alcoholic drinks?,false,
2024-01-30 23:33:14,2024-02-01 00:33:23,UTC-05:00,Feeling sick or ill?,false,
2024-01-30 23:33:14,2024-02-01 00:33:23,UTC-05:00,Shared your bed?,false,
2024-01-30 23:33:14,2024-02-01 00:33:23,UTC-05:00,Read (non-screened device) while in bed?,false,
2024-01-30 23:33:14,2024-02-01 00:33:23,UTC-05:00,Took prescription sleep medication?,false,
2024-01-30 23:33:14,2024-02-01 00:33:23,UTC-05:00,Have an injury or wound?,false,
2024-01-30 23:33:14,2024-02-01 00:33:23,UTC-05:00,Viewed a screen device in bed?,false,
2024-01-30 23:33:14,2024-02-01 00:33:23,UTC-05:00,Consumed caffeine?,false,
2024-01-29 22:42:15,2024-01-30 23:33:14,UTC-05:00,Consumed caffeine?,false,
2024-01-29 22:42:15,2024-01-30 23:33:14,UTC-05:00,Have any alcoholic drinks?,false,
2024-01-29 22:42:15,2024-01-30 23:33:14,UTC-05:00,Feeling sick or ill?,false,
2024-01-29 22:42:15,2024-01-30 23:33:14,UTC-05:00,Shared your bed?,false,
2024-01-29 22:42:15,2024-01-30 23:33:14,UTC-05:00,Read (non-screened device) while in bed?,false,
2024-01-29 22:42:15,2024-01-30 23:33:14,UTC-05:00,Took prescription sleep medication?,false,
2024-01-29 22:42:15,2024-01-30 23:33:14,UTC-05:00,Have an injury or wound?,false,
2024-01-29 22:42:15,2024-01-30 23:33:14,UTC-05:00,Viewed a screen device in bed?,false,
2024-01-28 21:47:03,2024-01-29 22:42:15,UTC-05:00,Viewed a screen device in bed?,false,
2024-01-28 21:47:03,2024-01-29 22:42:15,UTC-05:00,Have any alcoholic drinks?,false,
2024-01-28 21:47:03,2024-01-29 22:42:15,UTC-05:00,Have an injury or wound?,false,
2024-01-28 21:47:03,2024-01-29 22:42:15,UTC-05:00,Took prescription sleep medication?,false,
2024-01-28 21:47:03,2024-01-29 22:42:15,UTC-05:00,Read (non-screened device) while in bed?,false,
2024-01-28 21:47:03,2024-01-29 22:42:15,UTC-05:00,Shared your bed?,false,
2024-01-28 21:47:03,2024-01-29 22:42:15,UTC-05:00,Feeling sick or ill?,false,
2024-01-28 21:47:03,2024-01-29 22:42:15,UTC-05:00,Consumed caffeine?,false,
2024-01-28 00:58:47,2024-01-28 21:47:03,UTC-05:00,Shared your bed?,false,
2024-01-28 00:58:47,2024-01-28 21:47:03,UTC-05:00,Feeling sick or ill?,false,
2024-01-28 00:58:47,2024-01-28 21:47:03,UTC-05:00,Have any alcoholic drinks?,false,
2024-01-28 00:58:47,2024-01-28 21:47:03,UTC-05:00,Consumed caffeine?,false,
2024-01-28 00:58:47,2024-01-28 21:47:03,UTC-05:00,Viewed a screen device in bed?,false,
2024-01-28 00:58:47,2024-01-28 21:47:03,UTC-05:00,Have an injury or wound?,false,
2024-01-28 00:58:47,2024-01-28 21:47:03,UTC-05:00,Took prescription sleep medication?,false,
2024-01-28 00:58:47,2024-01-28 21:47:03,UTC-05:00,Read (non-screened device) while in bed?,false,
2024-01-27 00:35:30,2024-01-28 00:58:47,UTC-05:00,Have an injury or wound?,false,
2024-01-27 00:35:30,2024-01-28 00:58:47,UTC-05:00,Feeling sick or ill?,false,
2024-01-27 00:35:30,2024-01-28 00:58:47,UTC-05:00,Shared your bed?,false,
2024-01-27 00:35:30,2024-01-28 00:58:47,UTC-05:00,Read (non-screened device) while in bed?,false,
2024-01-27 00:35:30,2024-01-28 00:58:47,UTC-05:00,Took prescription sleep medication?,false,
2024-01-27 00:35:30,2024-01-28 00:58:47,UTC-05:00,Viewed a screen device in bed?,false,
2024-01-27 00:35:30,2024-01-28 00:58:47,UTC-05:00,Consumed caffeine?,false,
2024-01-27 00:35:30,2024-01-28 00:58:47,UTC-05:00,Have any alcoholic drinks?,false,
2024-01-25 23:15:11,2024-01-27 00:35:30,UTC-05:00,Feeling sick or ill?,false,
2024-01-25 23:15:11,2024-01-27 00:35:30,UTC-05:00,Consumed caffeine?,false,
2024-01-25 23:15:11,2024-01-27 00:35:30,UTC-05:00,Viewed a screen device in bed?,false,
2024-01-25 23:15:11,2024-01-27 00:35:30,UTC-05:00,Have an injury or wound?,false,
2024-01-25 23:15:11,2024-01-27 00:35:30,UTC-05:00,Took prescription sleep medication?,false,
2024-01-25 23:15:11,2024-01-27 00:35:30,UTC-05:00,Read (non-screened device) while in bed?,false,
2024-01-25 23:15:11,2024-01-27 00:35:30,UTC-05:00,Have any alcoholic drinks?,false,
2024-01-25 23:15:11,2024-01-27 00:35:30,UTC-05:00,Shared your bed?,false,
2024-01-24 23:58:30,2024-01-25 23:15:11,UTC-05:00,Have an injury or wound?,false,
2024-01-24 23:58:30,2024-01-25 23:15:11,UTC-05:00,Have any alcoholic drinks?,false,
2024-01-24 23:58:30,2024-01-25 23:15:11,UTC-05:00,Consumed caffeine?,false,
2024-01-24 23:58:30,2024-01-25 23:15:11,UTC-05:00,Viewed a screen device in bed?,false,
2024-01-24 23:58:30,2024-01-25 23:15:11,UTC-05:00,Took prescription sleep medication?,false,
2024-01-24 23:58:30,2024-01-25 23:15:11,UTC-05:00,Read (non-screened device) while in bed?,false,
2024-01-24 23:58:30,2024-01-25 23:15:11,UTC-05:00,Shared your bed?,false,
2024-01-24 23:58:30,2024-01-25 23:15:11,UTC-05:00,Feeling sick or ill?,false,
2024-01-23 23:29:08,2024-01-24 23:58:30,UTC-05:00,Feeling sick or ill?,false,
2024-01-23 23:29:08,2024-01-24 23:58:30,UTC-05:00,Have any alcoholic drinks?,false,
2024-01-23 23:29:08,2024-01-24 23:58:30,UTC-05:00,Viewed a screen device in bed?,false,
2024-01-23 23:29:08,2024-01-24 23:58:30,UTC-05:00,Have an injury or wound?,false,
2024-01-23 23:29:08,2024-01-24 23:58:30,UTC-05:00,Consumed caffeine?,false,
2024-01-23 23:29:08,2024-01-24 23:58:30,UTC-05:00,Took prescription sleep medication?,false,
2024-01-23 23:29:08,2024-01-24 23:58:30,UTC-05:00,Read (non-screened device) while in bed?,false,
2024-01-23 23:29:08,2024-01-24 23:58:30,UTC-05:00,Shared your bed?,false,
2024-01-22 23:41:13,2024-01-23 23:29:08,UTC-05:00,Shared your bed?,false,
2024-01-22 23:41:13,2024-01-23 23:29:08,UTC-05:00,Have any alcoholic drinks?,false,
2024-01-22 23:41:13,2024-01-23 23:29:08,UTC-05:00,Consumed caffeine?,false,
2024-01-22 23:41:13,2024-01-23 23:29:08,UTC-05:00,Viewed a screen device in bed?,false,
2024-01-22 23:41:13,2024-01-23 23:29:08,UTC-05:00,Have an injury or wound?,false,
2024-01-22 23:41:13,2024-01-23 23:29:08,UTC-05:00,Took prescription sleep medication?,false,
2024-01-22 23:41:13,2024-01-23 23:29:08,UTC-05:00,Read (non-screened device) while in bed?,false,
2024-01-22 23:41:13,2024-01-23 23:29:08,UTC-05:00,Feeling sick or ill?,false,
2024-01-21 23:29:38,2024-01-22 23:41:13,UTC-05:00,Have any alcoholic drinks?,true,
2024-01-21 23:29:38,2024-01-22 23:41:13,UTC-05:00,Consumed caffeine?,false,
2024-01-21 23:29:38,2024-01-22 23:41:13,UTC-05:00,Viewed a screen device in bed?,false,
2024-01-21 23:29:38,2024-01-22 23:41:13,UTC-05:00,Have an injury or wound?,false,
2024-01-21 23:29:38,2024-01-22 23:41:13,UTC-05:00,Took prescription sleep medication?,false,
2024-01-21 23:29:38,2024-01-22 23:41:13,UTC-05:00,Read (non-screened device) while in bed?,false,
2024-01-21 23:29:38,2024-01-22 23:41:13,UTC-05:00,Shared your bed?,false,
2024-01-21 23:29:38,2024-01-22 23:41:13,UTC-05:00,Feeling sick or ill?,false,
2024-01-20 23:44:39,2024-01-21 23:29:38,UTC-05:00,Have any alcoholic drinks?,false,
2024-01-20 23:44:39,2024-01-21 23:29:38,UTC-05:00,Consumed caffeine?,false,
2024-01-20 23:44:39,2024-01-21 23:29:38,UTC-05:00,Viewed a screen device in bed?,false,
2024-01-20 23:44:39,2024-01-21 23:29:38,UTC-05:00,Have an injury or wound?,false,
2024-01-20 23:44:39,2024-01-21 23:29:38,UTC-05:00,Took prescription sleep medication?,false,
2024-01-20 23:44:39,2024-01-21 23:29:38,UTC-05:00,Read (non-screened device) while in bed?,false,
2024-01-20 23:44:39,2024-01-21 23:29:38,UTC-05:00,Shared your bed?,false,
2024-01-20 23:44:39,2024-01-21 23:29:38,UTC-05:00,Feeling sick or ill?,false,
2024-01-20 02:44:42,2024-01-20 23:44:39,UTC-05:00,Took prescription sleep medication?,false,
2024-01-20 02:44:42,2024-01-20 23:44:39,UTC-05:00,Feeling sick or ill?,false,
2024-01-20 02:44:42,2024-01-20 23:44:39,UTC-05:00,Shared your bed?,false,
2024-01-20 02:44:42,2024-01-20 23:44:39,UTC-05:00,Read (non-screened device) while in bed?,false,
2024-01-20 02:44:42,2024-01-20 23:44:39,UTC-05:00,Have an injury or wound?,false,
2024-01-20 02:44:42,2024-01-20 23:44:39,UTC-05:00,Viewed a screen device in bed?,false,
2024-01-20 02:44:42,2024-01-20 23:44:39,UTC-05:00,Consumed caffeine?,false,
2024-01-20 02:44:42,2024-01-20 23:44:39,UTC-05:00,Have any alcoholic drinks?,true,
2024-01-19 01:04:34,2024-01-20 02:44:42,UTC-05:00,Have any alcoholic drinks?,true,
2024-01-19 01:04:34,2024-01-20 02:44:42,UTC-05:00,Consumed caffeine?,false,
2024-01-19 01:04:34,2024-01-20 02:44:42,UTC-05:00,Viewed a screen device in bed?,false,
2024-01-19 01:04:34,2024-01-20 02:44:42,UTC-05:00,Have an injury or wound?,false,
2024-01-19 01:04:34,2024-01-20 02:44:42,UTC-05:00,Took prescription sleep medication?,false,
2024-01-19 01:04:34,2024-01-20 02:44:42,UTC-05:00,Read (non-screened device) while in bed?,false,
2024-01-19 01:04:34,2024-01-20 02:44:42,UTC-05:00,Shared your bed?,false,
2024-01-19 01:04:34,2024-01-20 02:44:42,UTC-05:00,Feeling sick or ill?,false,
2024-01-17 23:45:41,2024-01-19 01:04:34,UTC-05:00,Have any alcoholic drinks?,true,
2024-01-17 23:45:41,2024-01-19 01:04:34,UTC-05:00,Consumed caffeine?,false,
2024-01-17 23:45:41,2024-01-19 01:04:34,UTC-05:00,Viewed a screen device in bed?,false,
2024-01-17 23:45:41,2024-01-19 01:04:34,UTC-05:00,Have an injury or wound?,false,
2024-01-17 23:45:41,2024-01-19 01:04:34,UTC-05:00,Took prescription sleep medication?,false,
2024-01-17 23:45:41,2024-01-19 01:04:34,UTC-05:00,Read (non-screened device) while in bed?,false,
2024-01-17 23:45:41,2024-01-19 01:04:34,UTC-05:00,Shared your bed?,false,
2024-01-17 23:45:41,2024-01-19 01:04:34,UTC-05:00,Feeling sick or ill?,false,
2024-01-16 22:56:07,2024-01-17 23:45:41,UTC-05:00,Have any alcoholic drinks?,false,
2024-01-16 22:56:07,2024-01-17 23:45:41,UTC-05:00,Consumed caffeine?,false,
2024-01-16 22:56:07,2024-01-17 23:45:41,UTC-05:00,Viewed a screen device in bed?,false,
2024-01-16 22:56:07,2024-01-17 23:45:41,UTC-05:00,Have an injury or wound?,false,
2024-01-16 22:56:07,2024-01-17 23:45:41,UTC-05:00,Took prescription sleep medication?,false,
2024-01-16 22:56:07,2024-01-17 23:45:41,UTC-05:00,Read (non-screened device) while in bed?,false,
2024-01-16 22:56:07,2024-01-17 23:45:41,UTC-05:00,Shared your bed?,false,
2024-01-16 22:56:07,2024-01-17 23:45:41,UTC-05:00,Feeling sick or ill?,false,
2024-01-15 23:53:24,2024-01-16 22:56:07,UTC-05:00,Have any alcoholic drinks?,true,
2024-01-15 23:53:24,2024-01-16 22:56:07,UTC-05:00,Consumed caffeine?,false,
2024-01-15 23:53:24,2024-01-16 22:56:07,UTC-05:00,Viewed a screen device in bed?,false,
2024-01-15 23:53:24,2024-01-16 22:56:07,UTC-05:00,Have an injury or wound?,false,
2024-01-15 23:53:24,2024-01-16 22:56:07,UTC-05:00,Took prescription sleep medication?,false,
2024-01-15 23:53:24,2024-01-16 22:56:07,UTC-05:00,Read (non-screened device) while in bed?,false,
2024-01-15 23:53:24,2024-01-16 22:56:07,UTC-05:00,Shared your bed?,false,
2024-01-15 23:53:24,2024-01-16 22:56:07,UTC-05:00,Feeling sick or ill?,false,
2024-01-14 22:55:39,2024-01-15 23:53:24,UTC-05:00,Have any alcoholic drinks?,false,
2024-01-14 22:55:39,2024-01-15 23:53:24,UTC-05:00,Consumed caffeine?,false,
2024-01-14 22:55:39,2024-01-15 23:53:24,UTC-05:00,Viewed a screen device in bed?,false,
2024-01-14 22:55:39,2024-01-15 23:53:24,UTC-05:00,Have an injury or wound?,false,
2024-01-14 22:55:39,2024-01-15 23:53:24,UTC-05:00,Took prescription sleep medication?,false,
2024-01-14 22:55:39,2024-01-15 23:53:24,UTC-05:00,Read (non-screened device) while in bed?,false,
2024-01-14 22:55:39,2024-01-15 23:53:24,UTC-05:00,Shared your bed?,false,
2024-01-14 22:55:39,2024-01-15 23:53:24,UTC-05:00,Feeling sick or ill?,false,
2024-01-14 00:38:56,2024-01-14 22:55:39,UTC-05:00,Have any alcoholic drinks?,true,
2024-01-14 00:38:56,2024-01-14 22:55:39,UTC-05:00,Consumed caffeine?,false,
2024-01-14 00:38:56,2024-01-14 22:55:39,UTC-05:00,Viewed a screen device in bed?,false,
2024-01-14 00:38:56,2024-01-14 22:55:39,UTC-05:00,Have an injury or wound?,false,
2024-01-14 00:38:56,2024-01-14 22:55:39,UTC-05:00,Took prescription sleep medication?,false,
2024-01-14 00:38:56,2024-01-14 22:55:39,UTC-05:00,Read (non-screened device) while in bed?,false,
2024-01-14 00:38:56,2024-01-14 22:55:39,UTC-05:00,Shared your bed?,false,
2024-01-14 00:38:56,2024-01-14 22:55:39,UTC-05:00,Feeling sick or ill?,false,
2024-01-13 03:03:34,2024-01-14 00:38:56,UTC-05:00,Have any alcoholic drinks?,true,
2024-01-13 03:03:34,2024-01-14 00:38:56,UTC-05:00,Consumed caffeine?,false,
2024-01-13 03:03:34,2024-01-14 00:38:56,UTC-05:00,Viewed a screen device in bed?,false,
2024-01-13 03:03:34,2024-01-14 00:38:56,UTC-05:00,Have an injury or wound?,false,
2024-01-13 03:03:34,2024-01-14 00:38:56,UTC-05:00,Took prescription sleep medication?,false,
2024-01-13 03:03:34,2024-01-14 00:38:56,UTC-05:00,Read (non-screened device) while in bed?,false,
2024-01-13 03:03:34,2024-01-14 00:38:56,UTC-05:00,Shared your bed?,false,
2024-01-13 03:03:34,2024-01-14 00:38:56,UTC-05:00,Feeling sick or ill?,false,
2024-01-12 00:48:49,2024-01-13 03:03:34,UTC-05:00,Have any alcoholic drinks?,false,
2024-01-12 00:48:49,2024-01-13 03:03:34,UTC-05:00,Consumed caffeine?,false,
2024-01-12 00:48:49,2024-01-13 03:03:34,UTC-05:00,Viewed a screen device in bed?,false,
2024-01-12 00:48:49,2024-01-13 03:03:34,UTC-05:00,Have an injury or wound?,false,
2024-01-12 00:48:49,2024-01-13 03:03:34,UTC-05:00,Took prescription sleep medication?,false,
2024-01-12 00:48:49,2024-01-13 03:03:34,UTC-05:00,Read (non-screened device) while in bed?,false,
2024-01-12 00:48:49,2024-01-13 03:03:34,UTC-05:00,Shared your bed?,false,
2024-01-12 00:48:49,2024-01-13 03:03:34,UTC-05:00,Feeling sick or ill?,false,
2024-01-11 00:24:44,2024-01-12 00:48:49,UTC-05:00,Have any alcoholic drinks?,false,
2024-01-11 00:24:44,2024-01-12 00:48:49,UTC-05:00,Consumed caffeine?,false,
2024-01-11 00:24:44,2024-01-12 00:48:49,UTC-05:00,Viewed a screen device in bed?,false,
2024-01-11 00:24:44,2024-01-12 00:48:49,UTC-05:00,Have an injury or wound?,false,
2024-01-11 00:24:44,2024-01-12 00:48:49,UTC-05:00,Took prescription sleep medication?,false,
2024-01-11 00:24:44,2024-01-12 00:48:49,UTC-05:00,Read (non-screened device) while in bed?,false,
2024-01-11 00:24:44,2024-01-12 00:48:49,UTC-05:00,Shared your bed?,false,
2024-01-11 00:24:44,2024-01-12 00:48:49,UTC-05:00,Feeling sick or ill?,false,
2024-01-09 23:21:34,2024-01-11 00:24:44,UTC-05:00,Have any alcoholic drinks?,false,
2024-01-09 23:21:34,2024-01-11 00:24:44,UTC-05:00,Consumed caffeine?,false,
2024-01-09 23:21:34,2024-01-11 00:24:44,UTC-05:00,Viewed a screen device in bed?,false,
2024-01-09 23:21:34,2024-01-11 00:24:44,UTC-05:00,Have an injury or wound?,false,
2024-01-09 23:21:34,2024-01-11 00:24:44,UTC-05:00,Took prescription sleep medication?,false,
2024-01-09 23:21:34,2024-01-11 00:24:44,UTC-05:00,Read (non-screened device) while in bed?,false,
2024-01-09 23:21:34,2024-01-11 00:24:44,UTC-05:00,Shared your bed?,false,
2024-01-09 23:21:34,2024-01-11 00:24:44,UTC-05:00,Feeling sick or ill?,false,
2024-01-07 22:38:21,2024-01-08 22:50:00,UTC-05:00,Have any alcoholic drinks?,false,
2024-01-07 22:38:21,2024-01-08 22:50:00,UTC-05:00,Consumed caffeine?,false,
2024-01-07 22:38:21,2024-01-08 22:50:00,UTC-05:00,Viewed a screen device in bed?,false,
2024-01-07 22:38:21,2024-01-08 22:50:00,UTC-05:00,Have an injury or wound?,false,
2024-01-07 22:38:21,2024-01-08 22:50:00,UTC-05:00,Took prescription sleep medication?,false,
2024-01-07 22:38:21,2024-01-08 22:50:00,UTC-05:00,Read (non-screened device) while in bed?,false,
2024-01-07 22:38:21,2024-01-08 22:50:00,UTC-05:00,Shared your bed?,false,
2024-01-07 22:38:21,2024-01-08 22:50:00,UTC-05:00,Feeling sick or ill?,false,
2024-01-07 00:07:14,2024-01-07 22:38:21,UTC-05:00,Have any alcoholic drinks?,false,
2024-01-07 00:07:14,2024-01-07 22:38:21,UTC-05:00,Consumed caffeine?,false,
2024-01-07 00:07:14,2024-01-07 22:38:21,UTC-05:00,Viewed a screen device in bed?,false,
2024-01-07 00:07:14,2024-01-07 22:38:21,UTC-05:00,Have an injury or wound?,false,
2024-01-07 00:07:14,2024-01-07 22:38:21,UTC-05:00,Took prescription sleep medication?,false,
2024-01-07 00:07:14,2024-01-07 22:38:21,UTC-05:00,Read (non-screened device) while in bed?,false,
2024-01-07 00:07:14,2024-01-07 22:38:21,UTC-05:00,Shared your bed?,false,
2024-01-07 00:07:14,2024-01-07 22:38:21,UTC-05:00,Feeling sick or ill?,false,
2024-01-06 01:13:52,2024-01-07 00:07:14,UTC-05:00,Have any alcoholic drinks?,false,
2024-01-06 01:13:52,2024-01-07 00:07:14,UTC-05:00,Consumed caffeine?,false,
2024-01-06 01:13:52,2024-01-07 00:07:14,UTC-05:00,Viewed a screen device in bed?,false,
2024-01-06 01:13:52,2024-01-07 00:07:14,UTC-05:00,Have an injury or wound?,false,
2024-01-06 01:13:52,2024-01-07 00:07:14,UTC-05:00,Took prescription sleep medication?,false,
2024-01-06 01:13:52,2024-01-07 00:07:14,UTC-05:00,Read (non-screened device) while in bed?,false,
2024-01-06 01:13:52,2024-01-07 00:07:14,UTC-05:00,Shared your bed?,false,
2024-01-06 01:13:52,2024-01-07 00:07:14,UTC-05:00,Feeling sick or ill?,false,
2024-01-04 23:23:43,2024-01-06 01:13:52,UTC-05:00,Have any alcoholic drinks?,false,
2024-01-04 23:23:43,2024-01-06 01:13:52,UTC-05:00,Consumed caffeine?,false,
2024-01-04 23:23:43,2024-01-06 01:13:52,UTC-05:00,Viewed a screen device in bed?,false,
2024-01-04 23:23:43,2024-01-06 01:13:52,UTC-05:00,Have an injury or wound?,false,
2024-01-04 23:23:43,2024-01-06 01:13:52,UTC-05:00,Took prescription sleep medication?,false,
2024-01-04 23:23:43,2024-01-06 01:13:52,UTC-05:00,Read (non-screened device) while in bed?,false,
2024-01-04 23:23:43,2024-01-06 01:13:52,UTC-05:00,Shared your bed?,false,
2024-01-04 23:23:43,2024-01-06 01:13:52,UTC-05:00,Feeling sick or ill?,false,
2024-01-04 00:15:05,2024-01-04 23:23:43,UTC-05:00,Have any alcoholic drinks?,true,
2024-01-04 00:15:05,2024-01-04 23:23:43,UTC-05:00,Consumed caffeine?,false,
2024-01-04 00:15:05,2024-01-04 23:23:43,UTC-05:00,Viewed a screen device in bed?,false,
2024-01-04 00:15:05,2024-01-04 23:23:43,UTC-05:00,Have an injury or wound?,false,
2024-01-04 00:15:05,2024-01-04 23:23:43,UTC-05:00,Took prescription sleep medication?,false,
2024-01-04 00:15:05,2024-01-04 23:23:43,UTC-05:00,Read (non-screened device) while in bed?,false,
2024-01-04 00:15:05,2024-01-04 23:23:43,UTC-05:00,Shared your bed?,false,
2024-01-04 00:15:05,2024-01-04 23:23:43,UTC-05:00,Feeling sick or ill?,false,
2024-01-02 23:12:31,2024-01-04 00:15:05,UTC-05:00,Have any alcoholic drinks?,true,
2024-01-02 23:12:31,2024-01-04 00:15:05,UTC-05:00,Consumed caffeine?,false,
2024-01-02 23:12:31,2024-01-04 00:15:05,UTC-05:00,Viewed a screen device in bed?,false,
2024-01-02 23:12:31,2024-01-04 00:15:05,UTC-05:00,Have an injury or wound?,false,
2024-01-02 23:12:31,2024-01-04 00:15:05,UTC-05:00,Took prescription sleep medication?,false,
2024-01-02 23:12:31,2024-01-04 00:15:05,UTC-05:00,Read (non-screened device) while in bed?,false,
2024-01-02 23:12:31,2024-01-04 00:15:05,UTC-05:00,Shared your bed?,false,
2024-01-02 23:12:31,2024-01-04 00:15:05,UTC-05:00,Feeling sick or ill?,false,
2024-01-01 23:54:37,2024-01-02 23:12:31,UTC-05:00,Have any alcoholic drinks?,false,
2024-01-01 23:54:37,2024-01-02 23:12:31,UTC-05:00,Consumed caffeine?,false,
2024-01-01 23:54:37,2024-01-02 23:12:31,UTC-05:00,Viewed a screen device in bed?,false,
2024-01-01 23:54:37,2024-01-02 23:12:31,UTC-05:00,Have an injury or wound?,false,
2024-01-01 23:54:37,2024-01-02 23:12:31,UTC-05:00,Took prescription sleep medication?,false,
2024-01-01 23:54:37,2024-01-02 23:12:31,UTC-05:00,Read (non-screened device) while in bed?,false,
2024-01-01 23:54:37,2024-01-02 23:12:31,UTC-05:00,Shared your bed?,false,
2024-01-01 23:54:37,2024-01-02 23:12:31,UTC-05:00,Feeling sick or ill?,false,
2024-01-01 02:02:54,2024-01-01 23:54:37,UTC-05:00,Have any alcoholic drinks?,true,
2024-01-01 02:02:54,2024-01-01 23:54:37,UTC-05:00,Consumed caffeine?,false,
2024-01-01 02:02:54,2024-01-01 23:54:37,UTC-05:00,Viewed a screen device in bed?,false,
2024-01-01 02:02:54,2024-01-01 23:54:37,UTC-05:00,Have an injury or wound?,false,
2024-01-01 02:02:54,2024-01-01 23:54:37,UTC-05:00,Took prescription sleep medication?,false,
2024-01-01 02:02:54,2024-01-01 23:54:37,UTC-05:00,Read (non-screened device) while in bed?,false,
2024-01-01 02:02:54,2024-01-01 23:54:37,UTC-05:00,Shared your bed?,false,
2024-01-01 02:02:54,2024-01-01 23:54:37,UTC-05:00,Feeling sick or ill?,false,
2023-12-31 00:42:03,2024-01-01 02:02:54,UTC-05:00,Have any alcoholic drinks?,false,
2023-12-31 00:42:03,2024-01-01 02:02:54,UTC-05:00,Consumed caffeine?,false,
2023-12-31 00:42:03,2024-01-01 02:02:54,UTC-05:00,Viewed a screen device in bed?,false,
2023-12-31 00:42:03,2024-01-01 02:02:54,UTC-05:00,Have an injury or wound?,false,
2023-12-31 00:42:03,2024-01-01 02:02:54,UTC-05:00,Took prescription sleep medication?,false,
2023-12-31 00:42:03,2024-01-01 02:02:54,UTC-05:00,Read (non-screened device) while in bed?,false,
2023-12-31 00:42:03,2024-01-01 02:02:54,UTC-05:00,Shared your bed?,false,
2023-12-31 00:42:03,2024-01-01 02:02:54,UTC-05:00,Feeling sick or ill?,false,
2023-12-30 01:12:10,2023-12-31 00:42:03,UTC-05:00,Have any alcoholic drinks?,true,
2023-12-30 01:12:10,2023-12-31 00:42:03,UTC-05:00,Consumed caffeine?,false,
2023-12-30 01:12:10,2023-12-31 00:42:03,UTC-05:00,Viewed a screen device in bed?,false,
2023-12-30 01:12:10,2023-12-31 00:42:03,UTC-05:00,Have an injury or wound?,false,
2023-12-30 01:12:10,2023-12-31 00:42:03,UTC-05:00,Took prescription sleep medication?,false,
2023-12-30 01:12:10,2023-12-31 00:42:03,UTC-05:00,Read (non-screened device) while in bed?,false,
2023-12-30 01:12:10,2023-12-31 00:42:03,UTC-05:00,Shared your bed?,false,
2023-12-30 01:12:10,2023-12-31 00:42:03,UTC-05:00,Feeling sick or ill?,false,
2023-12-29 00:34:37,2023-12-30 01:12:10,UTC-05:00,Have any alcoholic drinks?,true,
2023-12-29 00:34:37,2023-12-30 01:12:10,UTC-05:00,Consumed caffeine?,false,
2023-12-29 00:34:37,2023-12-30 01:12:10,UTC-05:00,Viewed a screen device in bed?,false,
2023-12-29 00:34:37,2023-12-30 01:12:10,UTC-05:00,Have an injury or wound?,false,
2023-12-29 00:34:37,2023-12-30 01:12:10,UTC-05:00,Took prescription sleep medication?,false,
2023-12-29 00:34:37,2023-12-30 01:12:10,UTC-05:00,Read (non-screened device) while in bed?,false,
2023-12-29 00:34:37,2023-12-30 01:12:10,UTC-05:00,Shared your bed?,false,
2023-12-29 00:34:37,2023-12-30 01:12:10,UTC-05:00,Feeling sick or ill?,false,
2023-12-27 23:30:26,2023-12-29 00:34:37,UTC-05:00,Have any alcoholic drinks?,false,
2023-12-27 23:30:26,2023-12-29 00:34:37,UTC-05:00,Consumed caffeine?,false,
2023-12-27 23:30:26,2023-12-29 00:34:37,UTC-05:00,Viewed a screen device in bed?,false,
2023-12-27 23:30:26,2023-12-29 00:34:37,UTC-05:00,Have an injury or wound?,false,
2023-12-27 23:30:26,2023-12-29 00:34:37,UTC-05:00,Feeling sick or ill?,false,
2023-12-27 23:30:26,2023-12-29 00:34:37,UTC-05:00,Took prescription sleep medication?,false,
2023-12-27 23:30:26,2023-12-29 00:34:37,UTC-05:00,Read (non-screened device) while in bed?,false,
2023-12-27 23:30:26,2023-12-29 00:34:37,UTC-05:00,Shared your bed?,false,
2023-12-26 23:13:34,2023-12-27 23:30:26,UTC-05:00,Read (non-screened device) while in bed?,false,
2023-12-26 23:13:34,2023-12-27 23:30:26,UTC-05:00,Have any alcoholic drinks?,false,
2023-12-26 23:13:34,2023-12-27 23:30:26,UTC-05:00,Consumed caffeine?,false,
2023-12-26 23:13:34,2023-12-27 23:30:26,UTC-05:00,Viewed a screen device in bed?,false,
2023-12-26 23:13:34,2023-12-27 23:30:26,UTC-05:00,Have an injury or wound?,false,
2023-12-26 23:13:34,2023-12-27 23:30:26,UTC-05:00,Took prescription sleep medication?,false,
2023-12-26 23:13:34,2023-12-27 23:30:26,UTC-05:00,Shared your bed?,false,
2023-12-26 23:13:34,2023-12-27 23:30:26,UTC-05:00,Feeling sick or ill?,false,
2023-12-26 00:44:43,2023-12-26 23:13:34,UTC-05:00,Feeling sick or ill?,false,
2023-12-26 00:44:43,2023-12-26 23:13:34,UTC-05:00,Consumed caffeine?,false,
2023-12-26 00:44:43,2023-12-26 23:13:34,UTC-05:00,Viewed a screen device in bed?,false,
2023-12-26 00:44:43,2023-12-26 23:13:34,UTC-05:00,Have an injury or wound?,false,
2023-12-26 00:44:43,2023-12-26 23:13:34,UTC-05:00,Have any alcoholic drinks?,false,
2023-12-26 00:44:43,2023-12-26 23:13:34,UTC-05:00,Took prescription sleep medication?,false,
2023-12-26 00:44:43,2023-12-26 23:13:34,UTC-05:00,Read (non-screened device) while in bed?,false,
2023-12-26 00:44:43,2023-12-26 23:13:34,UTC-05:00,Shared your bed?,false,
2023-12-25 00:16:47,2023-12-26 00:44:43,UTC-05:00,Shared your bed?,false,
2023-12-25 00:16:47,2023-12-26 00:44:43,UTC-05:00,Have any alcoholic drinks?,true,
2023-12-25 00:16:47,2023-12-26 00:44:43,UTC-05:00,Consumed caffeine?,false,
2023-12-25 00:16:47,2023-12-26 00:44:43,UTC-05:00,Viewed a screen device in bed?,false,
2023-12-25 00:16:47,2023-12-26 00:44:43,UTC-05:00,Have an injury or wound?,false,
2023-12-25 00:16:47,2023-12-26 00:44:43,UTC-05:00,Took prescription sleep medication?,false,
2023-12-25 00:16:47,2023-12-26 00:44:43,UTC-05:00,Read (non-screened device) while in bed?,false,
2023-12-25 00:16:47,2023-12-26 00:44:43,UTC-05:00,Feeling sick or ill?,false,
2023-12-23 23:10:32,2023-12-25 00:16:47,UTC-05:00,Shared your bed?,false,
2023-12-23 23:10:32,2023-12-25 00:16:47,UTC-05:00,Have any alcoholic drinks?,false,
2023-12-23 23:10:32,2023-12-25 00:16:47,UTC-05:00,Consumed caffeine?,false,
2023-12-23 23:10:32,2023-12-25 00:16:47,UTC-05:00,Viewed a screen device in bed?,false,
2023-12-23 23:10:32,2023-12-25 00:16:47,UTC-05:00,Have an injury or wound?,false,
2023-12-23 23:10:32,2023-12-25 00:16:47,UTC-05:00,Took prescription sleep medication?,false,
2023-12-23 23:10:32,2023-12-25 00:16:47,UTC-05:00,Read (non-screened device) while in bed?,false,
2023-12-23 23:10:32,2023-12-25 00:16:47,UTC-05:00,Feeling sick or ill?,false,
2023-12-22 23:58:35,2023-12-23 23:10:32,UTC-05:00,Have an injury or wound?,false,
2023-12-22 23:58:35,2023-12-23 23:10:32,UTC-05:00,Have any alcoholic drinks?,false,
2023-12-22 23:58:35,2023-12-23 23:10:32,UTC-05:00,Consumed caffeine?,false,
2023-12-22 23:58:35,2023-12-23 23:10:32,UTC-05:00,Viewed a screen device in bed?,false,
2023-12-22 23:58:35,2023-12-23 23:10:32,UTC-05:00,Took prescription sleep medication?,false,
2023-12-22 23:58:35,2023-12-23 23:10:32,UTC-05:00,Read (non-screened device) while in bed?,false,
2023-12-22 23:58:35,2023-12-23 23:10:32,UTC-05:00,Shared your bed?,false,
2023-12-22 23:58:35,2023-12-23 23:10:32,UTC-05:00,Feeling sick or ill?,false,
2023-12-22 00:13:15,2023-12-22 23:58:35,UTC-05:00,Feeling sick or ill?,false,
2023-12-22 00:13:15,2023-12-22 23:58:35,UTC-05:00,Have any alcoholic drinks?,false,
2023-12-22 00:13:15,2023-12-22 23:58:35,UTC-05:00,Consumed caffeine?,false,
2023-12-22 00:13:15,2023-12-22 23:58:35,UTC-05:00,Viewed a screen device in bed?,false,
2023-12-22 00:13:15,2023-12-22 23:58:35,UTC-05:00,Have an injury or wound?,false,
2023-12-22 00:13:15,2023-12-22 23:58:35,UTC-05:00,Took prescription sleep medication?,false,
2023-12-22 00:13:15,2023-12-22 23:58:35,UTC-05:00,Read (non-screened device) while in bed?,false,
2023-12-22 00:13:15,2023-12-22 23:58:35,UTC-05:00,Shared your bed?,false,
2023-12-20 23:46:46,2023-12-22 00:13:15,UTC-05:00,Shared your bed?,false,
2023-12-20 23:46:46,2023-12-22 00:13:15,UTC-05:00,Have any alcoholic drinks?,true,
2023-12-20 23:46:46,2023-12-22 00:13:15,UTC-05:00,Consumed caffeine?,false,
2023-12-20 23:46:46,2023-12-22 00:13:15,UTC-05:00,Viewed a screen device in bed?,false,
2023-12-20 23:46:46,2023-12-22 00:13:15,UTC-05:00,Have an injury or wound?,false,
2023-12-20 23:46:46,2023-12-22 00:13:15,UTC-05:00,Took prescription sleep medication?,false,
2023-12-20 23:46:46,2023-12-22 00:13:15,UTC-05:00,Read (non-screened device) while in bed?,false,
2023-12-20 23:46:46,2023-12-22 00:13:15,UTC-05:00,Feeling sick or ill?,false,
2023-12-20 01:07:57,2023-12-20 23:46:46,UTC-05:00,Read (non-screened device) while in bed?,false,
2023-12-20 01:07:57,2023-12-20 23:46:46,UTC-05:00,Have any alcoholic drinks?,true,
2023-12-20 01:07:57,2023-12-20 23:46:46,UTC-05:00,Consumed caffeine?,false,
2023-12-20 01:07:57,2023-12-20 23:46:46,UTC-05:00,Viewed a screen device in bed?,false,
2023-12-20 01:07:57,2023-12-20 23:46:46,UTC-05:00,Feeling sick or ill?,false,
2023-12-20 01:07:57,2023-12-20 23:46:46,UTC-05:00,Have an injury or wound?,false,
2023-12-20 01:07:57,2023-12-20 23:46:46,UTC-05:00,Took prescription sleep medication?,false,
2023-12-20 01:07:57,2023-12-20 23:46:46,UTC-05:00,Shared your bed?,false,
2023-12-18 23:41:38,2023-12-20 01:07:57,UTC-05:00,Have an injury or wound?,false,
2023-12-18 23:41:38,2023-12-20 01:07:57,UTC-05:00,Feeling sick or ill?,false,
2023-12-18 23:41:38,2023-12-20 01:07:57,UTC-05:00,Shared your bed?,false,
2023-12-18 23:41:38,2023-12-20 01:07:57,UTC-05:00,Read (non-screened device) while in bed?,false,
2023-12-18 23:41:38,2023-12-20 01:07:57,UTC-05:00,Took prescription sleep medication?,false,
2023-12-18 23:41:38,2023-12-20 01:07:57,UTC-05:00,Viewed a screen device in bed?,false,
2023-12-18 23:41:38,2023-12-20 01:07:57,UTC-05:00,Consumed caffeine?,false,
2023-12-18 23:41:38,2023-12-20 01:07:57,UTC-05:00,Have any alcoholic drinks?,true,
2023-12-17 22:22:16,2023-12-18 23:41:38,UTC-05:00,Feeling sick or ill?,false,
2023-12-17 22:22:16,2023-12-18 23:41:38,UTC-05:00,Have any alcoholic drinks?,false,
2023-12-17 22:22:16,2023-12-18 23:41:38,UTC-05:00,Consumed caffeine?,false,
2023-12-17 22:22:16,2023-12-18 23:41:38,UTC-05:00,Viewed a screen device in bed?,false,
2023-12-17 22:22:16,2023-12-18 23:41:38,UTC-05:00,Have an injury or wound?,false,
2023-12-17 22:22:16,2023-12-18 23:41:38,UTC-05:00,Took prescription sleep medication?,false,
2023-12-17 22:22:16,2023-12-18 23:41:38,UTC-05:00,Read (non-screened device) while in bed?,false,
2023-12-17 22:22:16,2023-12-18 23:41:38,UTC-05:00,Shared your bed?,false,
2023-12-17 00:26:04,2023-12-17 22:22:16,UTC-05:00,Viewed a screen device in bed?,false,
2023-12-17 00:26:04,2023-12-17 22:22:16,UTC-05:00,Have any alcoholic drinks?,false,
2023-12-17 00:26:04,2023-12-17 22:22:16,UTC-05:00,Consumed caffeine?,false,
2023-12-17 00:26:04,2023-12-17 22:22:16,UTC-05:00,Feeling sick or ill?,false,
2023-12-17 00:26:04,2023-12-17 22:22:16,UTC-05:00,Shared your bed?,false,
2023-12-17 00:26:04,2023-12-17 22:22:16,UTC-05:00,Read (non-screened device) while in bed?,false,
2023-12-17 00:26:04,2023-12-17 22:22:16,UTC-05:00,Took prescription sleep medication?,false,
2023-12-17 00:26:04,2023-12-17 22:22:16,UTC-05:00,Have an injury or wound?,false,
2023-12-16 02:54:03,2023-12-17 00:26:04,UTC-05:00,Feeling sick or ill?,false,
2023-12-16 02:54:03,2023-12-17 00:26:04,UTC-05:00,Have any alcoholic drinks?,true,
2023-12-16 02:54:03,2023-12-17 00:26:04,UTC-05:00,Consumed caffeine?,false,
2023-12-16 02:54:03,2023-12-17 00:26:04,UTC-05:00,Viewed a screen device in bed?,false,
2023-12-16 02:54:03,2023-12-17 00:26:04,UTC-05:00,Have an injury or wound?,false,
2023-12-16 02:54:03,2023-12-17 00:26:04,UTC-05:00,Took prescription sleep medication?,false,
2023-12-16 02:54:03,2023-12-17 00:26:04,UTC-05:00,Read (non-screened device) while in bed?,false,
2023-12-16 02:54:03,2023-12-17 00:26:04,UTC-05:00,Shared your bed?,false,
2023-12-14 23:39:35,2023-12-16 02:54:03,UTC-05:00,Have an injury or wound?,false,
2023-12-14 23:39:35,2023-12-16 02:54:03,UTC-05:00,Have any alcoholic drinks?,true,
2023-12-14 23:39:35,2023-12-16 02:54:03,UTC-05:00,Viewed a screen device in bed?,false,
2023-12-14 23:39:35,2023-12-16 02:54:03,UTC-05:00,Consumed caffeine?,false,
2023-12-14 23:39:35,2023-12-16 02:54:03,UTC-05:00,Feeling sick or ill?,false,
2023-12-14 23:39:35,2023-12-16 02:54:03,UTC-05:00,Shared your bed?,false,
2023-12-14 23:39:35,2023-12-16 02:54:03,UTC-05:00,Read (non-screened device) while in bed?,false,
2023-12-14 23:39:35,2023-12-16 02:54:03,UTC-05:00,Took prescription sleep medication?,false,
2023-12-13 23:26:47,2023-12-14 23:39:35,UTC-05:00,Consumed caffeine?,false,
2023-12-13 23:26:47,2023-12-14 23:39:35,UTC-05:00,Have any alcoholic drinks?,true,
2023-12-13 23:26:47,2023-12-14 23:39:35,UTC-05:00,Feeling sick or ill?,false,
2023-12-13 23:26:47,2023-12-14 23:39:35,UTC-05:00,Shared your bed?,false,
2023-12-13 23:26:47,2023-12-14 23:39:35,UTC-05:00,Read (non-screened device) while in bed?,false,
2023-12-13 23:26:47,2023-12-14 23:39:35,UTC-05:00,Took prescription sleep medication?,false,
2023-12-13 23:26:47,2023-12-14 23:39:35,UTC-05:00,Have an injury or wound?,false,
2023-12-13 23:26:47,2023-12-14 23:39:35,UTC-05:00,Viewed a screen device in bed?,false,
2023-12-13 01:06:27,2023-12-13 23:26:47,UTC-05:00,Consumed caffeine?,false,
2023-12-13 01:06:27,2023-12-13 23:26:47,UTC-05:00,Have any alcoholic drinks?,true,
2023-12-13 01:06:27,2023-12-13 23:26:47,UTC-05:00,Feeling sick or ill?,false,
2023-12-13 01:06:27,2023-12-13 23:26:47,UTC-05:00,Shared your bed?,false,
2023-12-13 01:06:27,2023-12-13 23:26:47,UTC-05:00,Read (non-screened device) while in bed?,false,
2023-12-13 01:06:27,2023-12-13 23:26:47,UTC-05:00,Took prescription sleep medication?,false,
2023-12-13 01:06:27,2023-12-13 23:26:47,UTC-05:00,Have an injury or wound?,false,
2023-12-13 01:06:27,2023-12-13 23:26:47,UTC-05:00,Viewed a screen device in bed?,false,
2023-12-11 23:09:07,2023-12-13 01:06:27,UTC-05:00,Have any alcoholic drinks?,false,
2023-12-11 23:09:07,2023-12-13 01:06:27,UTC-05:00,Consumed caffeine?,false,
2023-12-11 23:09:07,2023-12-13 01:06:27,UTC-05:00,Viewed a screen device in bed?,false,
2023-12-11 23:09:07,2023-12-13 01:06:27,UTC-05:00,Have an injury or wound?,false,
2023-12-11 23:09:07,2023-12-13 01:06:27,UTC-05:00,Took prescription sleep medication?,false,
2023-12-11 23:09:07,2023-12-13 01:06:27,UTC-05:00,Read (non-screened device) while in bed?,false,
2023-12-11 23:09:07,2023-12-13 01:06:27,UTC-05:00,Shared your bed?,false,
2023-12-11 23:09:07,2023-12-13 01:06:27,UTC-05:00,Feeling sick or ill?,false,
2023-12-10 23:26:56,2023-12-11 23:09:07,UTC-05:00,Shared your bed?,false,
2023-12-10 23:26:56,2023-12-11 23:09:07,UTC-05:00,Have any alcoholic drinks?,false,
2023-12-10 23:26:56,2023-12-11 23:09:07,UTC-05:00,Consumed caffeine?,false,
2023-12-10 23:26:56,2023-12-11 23:09:07,UTC-05:00,Viewed a screen device in bed?,false,
2023-12-10 23:26:56,2023-12-11 23:09:07,UTC-05:00,Have an injury or wound?,false,
2023-12-10 23:26:56,2023-12-11 23:09:07,UTC-05:00,Took prescription sleep medication?,false,
2023-12-10 23:26:56,2023-12-11 23:09:07,UTC-05:00,Read (non-screened device) while in bed?,false,
2023-12-10 23:26:56,2023-12-11 23:09:07,UTC-05:00,Feeling sick or ill?,false,
2023-12-09 23:04:47,2023-12-10 23:26:56,UTC-05:00,Feeling sick or ill?,false,
2023-12-09 23:04:47,2023-12-10 23:26:56,UTC-05:00,Consumed caffeine?,false,
2023-12-09 23:04:47,2023-12-10 23:26:56,UTC-05:00,Viewed a screen device in bed?,false,
2023-12-09 23:04:47,2023-12-10 23:26:56,UTC-05:00,Have an injury or wound?,false,
2023-12-09 23:04:47,2023-12-10 23:26:56,UTC-05:00,Have any alcoholic drinks?,false,
2023-12-09 23:04:47,2023-12-10 23:26:56,UTC-05:00,Took prescription sleep medication?,false,
2023-12-09 23:04:47,2023-12-10 23:26:56,UTC-05:00,Read (non-screened device) while in bed?,false,
2023-12-09 23:04:47,2023-12-10 23:26:56,UTC-05:00,Shared your bed?,false,
2023-12-09 00:17:09,2023-12-09 23:04:47,UTC-05:00,Shared your bed?,false,
2023-12-09 00:17:09,2023-12-09 23:04:47,UTC-05:00,Have any alcoholic drinks?,false,
2023-12-09 00:17:09,2023-12-09 23:04:47,UTC-05:00,Consumed caffeine?,false,
2023-12-09 00:17:09,2023-12-09 23:04:47,UTC-05:00,Viewed a screen device in bed?,false,
2023-12-09 00:17:09,2023-12-09 23:04:47,UTC-05:00,Have an injury or wound?,false,
2023-12-09 00:17:09,2023-12-09 23:04:47,UTC-05:00,Took prescription sleep medication?,false,
2023-12-09 00:17:09,2023-12-09 23:04:47,UTC-05:00,Read (non-screened device) while in bed?,false,
2023-12-09 00:17:09,2023-12-09 23:04:47,UTC-05:00,Feeling sick or ill?,false,
2023-12-07 23:49:58,2023-12-09 00:17:09,UTC-05:00,Shared your bed?,false,
2023-12-07 23:49:58,2023-12-09 00:17:09,UTC-05:00,Have any alcoholic drinks?,false,
2023-12-07 23:49:58,2023-12-09 00:17:09,UTC-05:00,Consumed caffeine?,false,
2023-12-07 23:49:58,2023-12-09 00:17:09,UTC-05:00,Viewed a screen device in bed?,false,
2023-12-07 23:49:58,2023-12-09 00:17:09,UTC-05:00,Have an injury or wound?,false,
2023-12-07 23:49:58,2023-12-09 00:17:09,UTC-05:00,Took prescription sleep medication?,false,
2023-12-07 23:49:58,2023-12-09 00:17:09,UTC-05:00,Read (non-screened device) while in bed?,false,
2023-12-07 23:49:58,2023-12-09 00:17:09,UTC-05:00,Feeling sick or ill?,false,
2023-12-07 00:00:29,2023-12-07 23:49:58,UTC-05:00,Shared your bed?,false,
2023-12-07 00:00:29,2023-12-07 23:49:58,UTC-05:00,Have any alcoholic drinks?,true,
2023-12-07 00:00:29,2023-12-07 23:49:58,UTC-05:00,Consumed caffeine?,false,
2023-12-07 00:00:29,2023-12-07 23:49:58,UTC-05:00,Viewed a screen device in bed?,false,
2023-12-07 00:00:29,2023-12-07 23:49:58,UTC-05:00,Have an injury or wound?,false,
2023-12-07 00:00:29,2023-12-07 23:49:58,UTC-05:00,Took prescription sleep medication?,false,
2023-12-07 00:00:29,2023-12-07 23:49:58,UTC-05:00,Read (non-screened device) while in bed?,false,
2023-12-07 00:00:29,2023-12-07 23:49:58,UTC-05:00,Feeling sick or ill?,false,
2023-12-05 23:53:14,2023-12-07 00:00:29,UTC-05:00,Feeling sick or ill?,false,
2023-12-05 23:53:14,2023-12-07 00:00:29,UTC-05:00,Have any alcoholic drinks?,false,
2023-12-05 23:53:14,2023-12-07 00:00:29,UTC-05:00,Consumed caffeine?,false,
2023-12-05 23:53:14,2023-12-07 00:00:29,UTC-05:00,Viewed a screen device in bed?,false,
2023-12-05 23:53:14,2023-12-07 00:00:29,UTC-05:00,Have an injury or wound?,false,
2023-12-05 23:53:14,2023-12-07 00:00:29,UTC-05:00,Took prescription sleep medication?,false,
2023-12-05 23:53:14,2023-12-07 00:00:29,UTC-05:00,Read (non-screened device) while in bed?,false,
2023-12-05 23:53:14,2023-12-07 00:00:29,UTC-05:00,Shared your bed?,false,
2023-12-05 00:12:03,2023-12-05 23:53:14,UTC-05:00,Feeling sick or ill?,false,
2023-12-05 00:12:03,2023-12-05 23:53:14,UTC-05:00,Have any alcoholic drinks?,false,
2023-12-05 00:12:03,2023-12-05 23:53:14,UTC-05:00,Consumed caffeine?,false,
2023-12-05 00:12:03,2023-12-05 23:53:14,UTC-05:00,Viewed a screen device in bed?,false,
2023-12-05 00:12:03,2023-12-05 23:53:14,UTC-05:00,Have an injury or wound?,false,
2023-12-05 00:12:03,2023-12-05 23:53:14,UTC-05:00,Took prescription sleep medication?,false,
2023-12-05 00:12:03,2023-12-05 23:53:14,UTC-05:00,Read (non-screened device) while in bed?,false,
2023-12-05 00:12:03,2023-12-05 23:53:14,UTC-05:00,Shared your bed?,false,
2023-12-03 23:59:02,2023-12-05 00:12:03,UTC-05:00,Shared your bed?,false,
2023-12-03 23:59:02,2023-12-05 00:12:03,UTC-05:00,Have any alcoholic drinks?,false,
2023-12-03 23:59:02,2023-12-05 00:12:03,UTC-05:00,Consumed caffeine?,false,
2023-12-03 23:59:02,2023-12-05 00:12:03,UTC-05:00,Viewed a screen device in bed?,false,
2023-12-03 23:59:02,2023-12-05 00:12:03,UTC-05:00,Have an injury or wound?,false,
2023-12-03 23:59:02,2023-12-05 00:12:03,UTC-05:00,Took prescription sleep medication?,false,
2023-12-03 23:59:02,2023-12-05 00:12:03,UTC-05:00,Read (non-screened device) while in bed?,false,
2023-12-03 23:59:02,2023-12-05 00:12:03,UTC-05:00,Feeling sick or ill?,false,
2023-12-03 01:19:57,2023-12-03 23:59:02,UTC-05:00,Shared your bed?,false,
2023-12-03 01:19:57,2023-12-03 23:59:02,UTC-05:00,Have any alcoholic drinks?,false,
2023-12-03 01:19:57,2023-12-03 23:59:02,UTC-05:00,Consumed caffeine?,false,
2023-12-03 01:19:57,2023-12-03 23:59:02,UTC-05:00,Viewed a screen device in bed?,false,
2023-12-03 01:19:57,2023-12-03 23:59:02,UTC-05:00,Have an injury or wound?,false,
2023-12-03 01:19:57,2023-12-03 23:59:02,UTC-05:00,Took prescription sleep medication?,false,
2023-12-03 01:19:57,2023-12-03 23:59:02,UTC-05:00,Read (non-screened device) while in bed?,false,
2023-12-03 01:19:57,2023-12-03 23:59:02,UTC-05:00,Feeling sick or ill?,false,
2023-12-01 23:57:43,2023-12-03 01:19:57,UTC-05:00,Shared your bed?,false,
2023-12-01 23:57:43,2023-12-03 01:19:57,UTC-05:00,Have any alcoholic drinks?,false,
2023-12-01 23:57:43,2023-12-03 01:19:57,UTC-05:00,Consumed caffeine?,false,
2023-12-01 23:57:43,2023-12-03 01:19:57,UTC-05:00,Viewed a screen device in bed?,false,
2023-12-01 23:57:43,2023-12-03 01:19:57,UTC-05:00,Have an injury or wound?,false,
2023-12-01 23:57:43,2023-12-03 01:19:57,UTC-05:00,Took prescription sleep medication?,false,
2023-12-01 23:57:43,2023-12-03 01:19:57,UTC-05:00,Read (non-screened device) while in bed?,false,
2023-12-01 23:57:43,2023-12-03 01:19:57,UTC-05:00,Feeling sick or ill?,false,
2023-12-01 01:03:32,2023-12-01 23:57:43,UTC-05:00,Shared your bed?,false,
2023-12-01 01:03:32,2023-12-01 23:57:43,UTC-05:00,Have any alcoholic drinks?,false,
2023-12-01 01:03:32,2023-12-01 23:57:43,UTC-05:00,Consumed caffeine?,false,
2023-12-01 01:03:32,2023-12-01 23:57:43,UTC-05:00,Viewed a screen device in bed?,false,
2023-12-01 01:03:32,2023-12-01 23:57:43,UTC-05:00,Have an injury or wound?,false,
2023-12-01 01:03:32,2023-12-01 23:57:43,UTC-05:00,Took prescription sleep medication?,false,
2023-12-01 01:03:32,2023-12-01 23:57:43,UTC-05:00,Read (non-screened device) while in bed?,false,
2023-12-01 01:03:32,2023-12-01 23:57:43,UTC-05:00,Feeling sick or ill?,false,
2023-11-29 23:37:03,2023-12-01 01:03:32,UTC-05:00,Have an injury or wound?,false,
2023-11-29 23:37:03,2023-12-01 01:03:32,UTC-05:00,Feeling sick or ill?,false,
2023-11-29 23:37:03,2023-12-01 01:03:32,UTC-05:00,Shared your bed?,false,
2023-11-29 23:37:03,2023-12-01 01:03:32,UTC-05:00,Read (non-screened device) while in bed?,false,
2023-11-29 23:37:03,2023-12-01 01:03:32,UTC-05:00,Took prescription sleep medication?,false,
2023-11-29 23:37:03,2023-12-01 01:03:32,UTC-05:00,Viewed a screen device in bed?,false,
2023-11-29 23:37:03,2023-12-01 01:03:32,UTC-05:00,Consumed caffeine?,false,
2023-11-29 23:37:03,2023-12-01 01:03:32,UTC-05:00,Have any alcoholic drinks?,false,
2023-11-29 00:28:31,2023-11-29 23:37:03,UTC-05:00,Consumed caffeine?,false,
2023-11-29 00:28:31,2023-11-29 23:37:03,UTC-05:00,Feeling sick or ill?,false,
2023-11-29 00:28:31,2023-11-29 23:37:03,UTC-05:00,Have any alcoholic drinks?,true,
2023-11-29 00:28:31,2023-11-29 23:37:03,UTC-05:00,Viewed a screen device in bed?,false,
2023-11-29 00:28:31,2023-11-29 23:37:03,UTC-05:00,Have an injury or wound?,false,
2023-11-29 00:28:31,2023-11-29 23:37:03,UTC-05:00,Took prescription sleep medication?,false,
2023-11-29 00:28:31,2023-11-29 23:37:03,UTC-05:00,Read (non-screened device) while in bed?,false,
2023-11-29 00:28:31,2023-11-29 23:37:03,UTC-05:00,Shared your bed?,false,
2023-11-28 00:42:53,2023-11-29 00:28:31,UTC-05:00,Have any alcoholic drinks?,false,
2023-11-28 00:42:53,2023-11-29 00:28:31,UTC-05:00,Consumed caffeine?,false,
2023-11-28 00:42:53,2023-11-29 00:28:31,UTC-05:00,Viewed a screen device in bed?,false,
2023-11-28 00:42:53,2023-11-29 00:28:31,UTC-05:00,Have an injury or wound?,false,
2023-11-28 00:42:53,2023-11-29 00:28:31,UTC-05:00,Took prescription sleep medication?,false,
2023-11-28 00:42:53,2023-11-29 00:28:31,UTC-05:00,Read (non-screened device) while in bed?,false,
2023-11-28 00:42:53,2023-11-29 00:28:31,UTC-05:00,Shared your bed?,false,
2023-11-28 00:42:53,2023-11-29 00:28:31,UTC-05:00,Feeling sick or ill?,false,
2023-11-26 23:55:33,2023-11-28 00:42:53,UTC-05:00,Have any alcoholic drinks?,false,
2023-11-26 23:55:33,2023-11-28 00:42:53,UTC-05:00,Consumed caffeine?,false,
2023-11-26 23:55:33,2023-11-28 00:42:53,UTC-05:00,Viewed a screen device in bed?,false,
2023-11-26 23:55:33,2023-11-28 00:42:53,UTC-05:00,Have an injury or wound?,false,
2023-11-26 23:55:33,2023-11-28 00:42:53,UTC-05:00,Took prescription sleep medication?,false,
2023-11-26 23:55:33,2023-11-28 00:42:53,UTC-05:00,Read (non-screened device) while in bed?,false,
2023-11-26 23:55:33,2023-11-28 00:42:53,UTC-05:00,Shared your bed?,false,
2023-11-26 23:55:33,2023-11-28 00:42:53,UTC-05:00,Feeling sick or ill?,false,
2023-11-26 02:02:53,2023-11-26 23:55:33,UTC-05:00,Have any alcoholic drinks?,false,
2023-11-26 02:02:53,2023-11-26 23:55:33,UTC-05:00,Consumed caffeine?,false,
2023-11-26 02:02:53,2023-11-26 23:55:33,UTC-05:00,Viewed a screen device in bed?,false,
2023-11-26 02:02:53,2023-11-26 23:55:33,UTC-05:00,Have an injury or wound?,false,
2023-11-26 02:02:53,2023-11-26 23:55:33,UTC-05:00,Took prescription sleep medication?,false,
2023-11-26 02:02:53,2023-11-26 23:55:33,UTC-05:00,Read (non-screened device) while in bed?,false,
2023-11-26 02:02:53,2023-11-26 23:55:33,UTC-05:00,Shared your bed?,false,
2023-11-26 02:02:53,2023-11-26 23:55:33,UTC-05:00,Feeling sick or ill?,false,
2023-11-25 01:14:27,2023-11-26 02:02:53,UTC-05:00,Have any alcoholic drinks?,false,
2023-11-25 01:14:27,2023-11-26 02:02:53,UTC-05:00,Consumed caffeine?,false,
2023-11-25 01:14:27,2023-11-26 02:02:53,UTC-05:00,Feeling sick or ill?,false,
2023-11-25 01:14:27,2023-11-26 02:02:53,UTC-05:00,Shared your bed?,false,
2023-11-25 01:14:27,2023-11-26 02:02:53,UTC-05:00,Read (non-screened device) while in bed?,false,
2023-11-25 01:14:27,2023-11-26 02:02:53,UTC-05:00,Took prescription sleep medication?,false,
2023-11-25 01:14:27,2023-11-26 02:02:53,UTC-05:00,Have an injury or wound?,false,
2023-11-25 01:14:27,2023-11-26 02:02:53,UTC-05:00,Viewed a screen device in bed?,false,
2023-11-23 23:09:55,2023-11-25 00:14:27,UTC-06:00,Consumed caffeine?,false,
2023-11-23 23:09:55,2023-11-25 00:14:27,UTC-06:00,Feeling sick or ill?,false,
2023-11-23 23:09:55,2023-11-25 00:14:27,UTC-06:00,Shared your bed?,false,
2023-11-23 23:09:55,2023-11-25 00:14:27,UTC-06:00,Read (non-screened device) while in bed?,false,
2023-11-23 23:09:55,2023-11-25 00:14:27,UTC-06:00,Took prescription sleep medication?,false,
2023-11-23 23:09:55,2023-11-25 00:14:27,UTC-06:00,Have an injury or wound?,false,
2023-11-23 23:09:55,2023-11-25 00:14:27,UTC-06:00,Viewed a screen device in bed?,false,
2023-11-23 23:09:55,2023-11-25 00:14:27,UTC-06:00,Have any alcoholic drinks?,false,
2023-11-22 00:20:06,2023-11-23 01:17:15,UTC-06:00,Have any alcoholic drinks?,true,
2023-11-22 00:20:06,2023-11-23 01:17:15,UTC-06:00,Consumed caffeine?,false,
2023-11-22 00:20:06,2023-11-23 01:17:15,UTC-06:00,Viewed a screen device in bed?,false,
2023-11-22 00:20:06,2023-11-23 01:17:15,UTC-06:00,Have an injury or wound?,false,
2023-11-22 00:20:06,2023-11-23 01:17:15,UTC-06:00,Took prescription sleep medication?,false,
2023-11-22 00:20:06,2023-11-23 01:17:15,UTC-06:00,Read (non-screened device) while in bed?,false,
2023-11-22 00:20:06,2023-11-23 01:17:15,UTC-06:00,Shared your bed?,false,
2023-11-22 00:20:06,2023-11-23 01:17:15,UTC-06:00,Feeling sick or ill?,false,
2023-11-21 00:49:22,2023-11-22 00:20:06,UTC-06:00,Have any alcoholic drinks?,true,
2023-11-21 00:49:22,2023-11-22 00:20:06,UTC-06:00,Consumed caffeine?,false,
2023-11-21 00:49:22,2023-11-22 00:20:06,UTC-06:00,Viewed a screen device in bed?,false,
2023-11-21 00:49:22,2023-11-22 00:20:06,UTC-06:00,Have an injury or wound?,false,
2023-11-21 00:49:22,2023-11-22 00:20:06,UTC-06:00,Took prescription sleep medication?,false,
2023-11-21 00:49:22,2023-11-22 00:20:06,UTC-06:00,Read (non-screened device) while in bed?,false,
2023-11-21 00:49:22,2023-11-22 00:20:06,UTC-06:00,Shared your bed?,false,
2023-11-21 00:49:22,2023-11-22 00:20:06,UTC-06:00,Feeling sick or ill?,false,
2023-11-19 22:55:18,2023-11-21 00:49:22,UTC-06:00,Have any alcoholic drinks?,false,
2023-11-19 22:55:18,2023-11-21 00:49:22,UTC-06:00,Consumed caffeine?,false,
2023-11-19 22:55:18,2023-11-21 00:49:22,UTC-06:00,Viewed a screen device in bed?,false,
2023-11-19 22:55:18,2023-11-21 00:49:22,UTC-06:00,Have an injury or wound?,false,
2023-11-19 22:55:18,2023-11-21 00:49:22,UTC-06:00,Took prescription sleep medication?,false,
2023-11-19 22:55:18,2023-11-21 00:49:22,UTC-06:00,Read (non-screened device) while in bed?,false,
2023-11-19 22:55:18,2023-11-21 00:49:22,UTC-06:00,Shared your bed?,false,
2023-11-19 22:55:18,2023-11-21 00:49:22,UTC-06:00,Feeling sick or ill?,false,
2023-11-19 04:45:39,2023-11-19 22:55:18,UTC-06:00,Have any alcoholic drinks?,true,
2023-11-19 04:45:39,2023-11-19 22:55:18,UTC-06:00,Consumed caffeine?,false,
2023-11-19 04:45:39,2023-11-19 22:55:18,UTC-06:00,Viewed a screen device in bed?,false,
2023-11-19 04:45:39,2023-11-19 22:55:18,UTC-06:00,Have an injury or wound?,false,
2023-11-19 04:45:39,2023-11-19 22:55:18,UTC-06:00,Took prescription sleep medication?,false,
2023-11-19 04:45:39,2023-11-19 22:55:18,UTC-06:00,Read (non-screened device) while in bed?,false,
2023-11-19 04:45:39,2023-11-19 22:55:18,UTC-06:00,Shared your bed?,false,
2023-11-19 04:45:39,2023-11-19 22:55:18,UTC-06:00,Feeling sick or ill?,false,
2023-11-18 00:20:23,2023-11-19 04:45:39,UTC-06:00,Feeling sick or ill?,false,
2023-11-18 00:20:23,2023-11-19 04:45:39,UTC-06:00,Have any alcoholic drinks?,true,
2023-11-18 00:20:23,2023-11-19 04:45:39,UTC-06:00,Consumed caffeine?,false,
2023-11-18 00:20:23,2023-11-19 04:45:39,UTC-06:00,Viewed a screen device in bed?,false,
2023-11-18 00:20:23,2023-11-19 04:45:39,UTC-06:00,Have an injury or wound?,false,
2023-11-18 00:20:23,2023-11-19 04:45:39,UTC-06:00,Took prescription sleep medication?,false,
2023-11-18 00:20:23,2023-11-19 04:45:39,UTC-06:00,Read (non-screened device) while in bed?,false,
2023-11-18 00:20:23,2023-11-19 04:45:39,UTC-06:00,Shared your bed?,false,
2023-11-16 22:13:47,2023-11-18 00:20:23,UTC-06:00,Feeling sick or ill?,false,
2023-11-16 22:13:47,2023-11-18 00:20:23,UTC-06:00,Have any alcoholic drinks?,false,
2023-11-16 22:13:47,2023-11-18 00:20:23,UTC-06:00,Consumed caffeine?,false,
2023-11-16 22:13:47,2023-11-18 00:20:23,UTC-06:00,Viewed a screen device in bed?,false,
2023-11-16 22:13:47,2023-11-18 00:20:23,UTC-06:00,Have an injury or wound?,false,
2023-11-16 22:13:47,2023-11-18 00:20:23,UTC-06:00,Took prescription sleep medication?,false,
2023-11-16 22:13:47,2023-11-18 00:20:23,UTC-06:00,Read (non-screened device) while in bed?,false,
2023-11-16 22:13:47,2023-11-18 00:20:23,UTC-06:00,Shared your bed?,false,
2023-11-16 00:44:11,2023-11-16 22:13:47,UTC-06:00,Shared your bed?,false,
2023-11-16 00:44:11,2023-11-16 22:13:47,UTC-06:00,Have any alcoholic drinks?,true,
2023-11-16 00:44:11,2023-11-16 22:13:47,UTC-06:00,Consumed caffeine?,false,
2023-11-16 00:44:11,2023-11-16 22:13:47,UTC-06:00,Viewed a screen device in bed?,false,
2023-11-16 00:44:11,2023-11-16 22:13:47,UTC-06:00,Have an injury or wound?,false,
2023-11-16 00:44:11,2023-11-16 22:13:47,UTC-06:00,Took prescription sleep medication?,false,
2023-11-16 00:44:11,2023-11-16 22:13:47,UTC-06:00,Read (non-screened device) while in bed?,false,
2023-11-16 00:44:11,2023-11-16 22:13:47,UTC-06:00,Feeling sick or ill?,false,
2023-11-14 23:01:16,2023-11-16 00:44:11,UTC-06:00,Shared your bed?,false,
2023-11-14 23:01:16,2023-11-16 00:44:11,UTC-06:00,Have any alcoholic drinks?,false,
2023-11-14 23:01:16,2023-11-16 00:44:11,UTC-06:00,Consumed caffeine?,false,
2023-11-14 23:01:16,2023-11-16 00:44:11,UTC-06:00,Viewed a screen device in bed?,false,
2023-11-14 23:01:16,2023-11-16 00:44:11,UTC-06:00,Have an injury or wound?,false,
2023-11-14 23:01:16,2023-11-16 00:44:11,UTC-06:00,Took prescription sleep medication?,false,
2023-11-14 23:01:16,2023-11-16 00:44:11,UTC-06:00,Read (non-screened device) while in bed?,false,
2023-11-14 23:01:16,2023-11-16 00:44:11,UTC-06:00,Feeling sick or ill?,false,
2023-11-13 23:03:38,2023-11-14 23:01:16,UTC-06:00,Shared your bed?,false,
2023-11-13 23:03:38,2023-11-14 23:01:16,UTC-06:00,Have any alcoholic drinks?,false,
2023-11-13 23:03:38,2023-11-14 23:01:16,UTC-06:00,Consumed caffeine?,false,
2023-11-13 23:03:38,2023-11-14 23:01:16,UTC-06:00,Viewed a screen device in bed?,false,
2023-11-13 23:03:38,2023-11-14 23:01:16,UTC-06:00,Have an injury or wound?,false,
2023-11-13 23:03:38,2023-11-14 23:01:16,UTC-06:00,Took prescription sleep medication?,false,
2023-11-13 23:03:38,2023-11-14 23:01:16,UTC-06:00,Read (non-screened device) while in bed?,false,
2023-11-13 23:03:38,2023-11-14 23:01:16,UTC-06:00,Feeling sick or ill?,false,
2023-11-12 23:22:17,2023-11-13 23:03:38,UTC-06:00,Feeling sick or ill?,false,
2023-11-12 23:22:17,2023-11-13 23:03:38,UTC-06:00,Have any alcoholic drinks?,false,
2023-11-12 23:22:17,2023-11-13 23:03:38,UTC-06:00,Consumed caffeine?,false,
2023-11-12 23:22:17,2023-11-13 23:03:38,UTC-06:00,Viewed a screen device in bed?,false,
2023-11-12 23:22:17,2023-11-13 23:03:38,UTC-06:00,Have an injury or wound?,false,
2023-11-12 23:22:17,2023-11-13 23:03:38,UTC-06:00,Took prescription sleep medication?,false,
2023-11-12 23:22:17,2023-11-13 23:03:38,UTC-06:00,Read (non-screened device) while in bed?,false,
2023-11-12 23:22:17,2023-11-13 23:03:38,UTC-06:00,Shared your bed?,false,
2023-11-12 02:35:41,2023-11-12 23:22:17,UTC-06:00,Feeling sick or ill?,false,
2023-11-12 02:35:41,2023-11-12 23:22:17,UTC-06:00,Have any alcoholic drinks?,true,
2023-11-12 02:35:41,2023-11-12 23:22:17,UTC-06:00,Consumed caffeine?,false,
2023-11-12 02:35:41,2023-11-12 23:22:17,UTC-06:00,Viewed a screen device in bed?,false,
2023-11-12 02:35:41,2023-11-12 23:22:17,UTC-06:00,Have an injury or wound?,false,
2023-11-12 02:35:41,2023-11-12 23:22:17,UTC-06:00,Took prescription sleep medication?,false,
2023-11-12 02:35:41,2023-11-12 23:22:17,UTC-06:00,Read (non-screened device) while in bed?,false,
2023-11-12 02:35:41,2023-11-12 23:22:17,UTC-06:00,Shared your bed?,false,
2023-11-11 00:19:24,2023-11-12 03:35:41,UTC-05:00,Shared your bed?,false,
2023-11-11 00:19:24,2023-11-12 03:35:41,UTC-05:00,Have any alcoholic drinks?,false,
2023-11-11 00:19:24,2023-11-12 03:35:41,UTC-05:00,Consumed caffeine?,false,
2023-11-11 00:19:24,2023-11-12 03:35:41,UTC-05:00,Viewed a screen device in bed?,false,
2023-11-11 00:19:24,2023-11-12 03:35:41,UTC-05:00,Have an injury or wound?,false,
2023-11-11 00:19:24,2023-11-12 03:35:41,UTC-05:00,Took prescription sleep medication?,false,
2023-11-11 00:19:24,2023-11-12 03:35:41,UTC-05:00,Read (non-screened device) while in bed?,false,
2023-11-11 00:19:24,2023-11-12 03:35:41,UTC-05:00,Feeling sick or ill?,false,
2023-11-09 23:55:30,2023-11-11 00:19:24,UTC-05:00,Shared your bed?,false,
2023-11-09 23:55:30,2023-11-11 00:19:24,UTC-05:00,Have any alcoholic drinks?,false,
2023-11-09 23:55:30,2023-11-11 00:19:24,UTC-05:00,Consumed caffeine?,false,
2023-11-09 23:55:30,2023-11-11 00:19:24,UTC-05:00,Viewed a screen device in bed?,false,
2023-11-09 23:55:30,2023-11-11 00:19:24,UTC-05:00,Have an injury or wound?,false,
2023-11-09 23:55:30,2023-11-11 00:19:24,UTC-05:00,Took prescription sleep medication?,false,
2023-11-09 23:55:30,2023-11-11 00:19:24,UTC-05:00,Read (non-screened device) while in bed?,false,
2023-11-09 23:55:30,2023-11-11 00:19:24,UTC-05:00,Feeling sick or ill?,false,
2023-11-08 23:21:19,2023-11-09 23:55:30,UTC-05:00,Shared your bed?,false,
2023-11-08 23:21:19,2023-11-09 23:55:30,UTC-05:00,Have any alcoholic drinks?,false,
2023-11-08 23:21:19,2023-11-09 23:55:30,UTC-05:00,Consumed caffeine?,false,
2023-11-08 23:21:19,2023-11-09 23:55:30,UTC-05:00,Viewed a screen device in bed?,false,
2023-11-08 23:21:19,2023-11-09 23:55:30,UTC-05:00,Have an injury or wound?,false,
2023-11-08 23:21:19,2023-11-09 23:55:30,UTC-05:00,Took prescription sleep medication?,false,
2023-11-08 23:21:19,2023-11-09 23:55:30,UTC-05:00,Read (non-screened device) while in bed?,false,
2023-11-08 23:21:19,2023-11-09 23:55:30,UTC-05:00,Feeling sick or ill?,false,
2023-11-08 00:14:11,2023-11-08 23:21:19,UTC-05:00,Shared your bed?,false,
2023-11-08 00:14:11,2023-11-08 23:21:19,UTC-05:00,Have any alcoholic drinks?,false,
2023-11-08 00:14:11,2023-11-08 23:21:19,UTC-05:00,Consumed caffeine?,false,
2023-11-08 00:14:11,2023-11-08 23:21:19,UTC-05:00,Viewed a screen device in bed?,false,
2023-11-08 00:14:11,2023-11-08 23:21:19,UTC-05:00,Have an injury or wound?,false,
2023-11-08 00:14:11,2023-11-08 23:21:19,UTC-05:00,Took prescription sleep medication?,false,
2023-11-08 00:14:11,2023-11-08 23:21:19,UTC-05:00,Read (non-screened device) while in bed?,false,
2023-11-08 00:14:11,2023-11-08 23:21:19,UTC-05:00,Feeling sick or ill?,false,
2023-11-06 23:09:27,2023-11-08 00:14:11,UTC-05:00,Feeling sick or ill?,false,
2023-11-06 23:09:27,2023-11-08 00:14:11,UTC-05:00,Shared your bed?,false,
2023-11-06 23:09:27,2023-11-08 00:14:11,UTC-05:00,Read (non-screened device) while in bed?,false,
2023-11-06 23:09:27,2023-11-08 00:14:11,UTC-05:00,Took prescription sleep medication?,false,
2023-11-06 23:09:27,2023-11-08 00:14:11,UTC-05:00,Have an injury or wound?,false,
2023-11-06 23:09:27,2023-11-08 00:14:11,UTC-05:00,Viewed a screen device in bed?,false,
2023-11-06 23:09:27,2023-11-08 00:14:11,UTC-05:00,Consumed caffeine?,false,
2023-11-06 23:09:27,2023-11-08 00:14:11,UTC-05:00,Have any alcoholic drinks?,false,
2023-11-05 22:58:21,2023-11-06 23:09:27,UTC-05:00,Feeling sick or ill?,false,
2023-11-05 22:58:21,2023-11-06 23:09:27,UTC-05:00,Viewed a screen device in bed?,false,
2023-11-05 22:58:21,2023-11-06 23:09:27,UTC-05:00,Have an injury or wound?,false,
2023-11-05 22:58:21,2023-11-06 23:09:27,UTC-05:00,Took prescription sleep medication?,false,
2023-11-05 22:58:21,2023-11-06 23:09:27,UTC-05:00,Read (non-screened device) while in bed?,false,
2023-11-05 22:58:21,2023-11-06 23:09:27,UTC-05:00,Shared your bed?,false,
2023-11-05 22:58:21,2023-11-06 23:09:27,UTC-05:00,Have any alcoholic drinks?,false,
2023-11-05 22:58:21,2023-11-06 23:09:27,UTC-05:00,Consumed caffeine?,false,
2023-11-04 23:48:05,2023-11-05 23:58:21,UTC-04:00,Shared your bed?,false,
2023-11-04 23:48:05,2023-11-05 23:58:21,UTC-04:00,Have any alcoholic drinks?,false,
2023-11-04 23:48:05,2023-11-05 23:58:21,UTC-04:00,Consumed caffeine?,false,
2023-11-04 23:48:05,2023-11-05 23:58:21,UTC-04:00,Viewed a screen device in bed?,false,
2023-11-04 23:48:05,2023-11-05 23:58:21,UTC-04:00,Have an injury or wound?,false,
2023-11-04 23:48:05,2023-11-05 23:58:21,UTC-04:00,Took prescription sleep medication?,false,
2023-11-04 23:48:05,2023-11-05 23:58:21,UTC-04:00,Read (non-screened device) while in bed?,false,
2023-11-04 23:48:05,2023-11-05 23:58:21,UTC-04:00,Feeling sick or ill?,false,
2023-11-04 00:33:13,2023-11-04 23:48:05,UTC-04:00,Consumed caffeine?,false,
2023-11-04 00:33:13,2023-11-04 23:48:05,UTC-04:00,Have any alcoholic drinks?,true,
2023-11-04 00:33:13,2023-11-04 23:48:05,UTC-04:00,Viewed a screen device in bed?,false,
2023-11-04 00:33:13,2023-11-04 23:48:05,UTC-04:00,Have an injury or wound?,false,
2023-11-04 00:33:13,2023-11-04 23:48:05,UTC-04:00,Took prescription sleep medication?,false,
2023-11-04 00:33:13,2023-11-04 23:48:05,UTC-04:00,Read (non-screened device) while in bed?,false,
2023-11-04 00:33:13,2023-11-04 23:48:05,UTC-04:00,Shared your bed?,false,
2023-11-04 00:33:13,2023-11-04 23:48:05,UTC-04:00,Feeling sick or ill?,false,
2023-11-02 23:13:36,2023-11-04 00:33:13,UTC-04:00,Shared your bed?,false,
2023-11-02 23:13:36,2023-11-04 00:33:13,UTC-04:00,Have any alcoholic drinks?,false,
2023-11-02 23:13:36,2023-11-04 00:33:13,UTC-04:00,Consumed caffeine?,false,
2023-11-02 23:13:36,2023-11-04 00:33:13,UTC-04:00,Viewed a screen device in bed?,false,
2023-11-02 23:13:36,2023-11-04 00:33:13,UTC-04:00,Have an injury or wound?,false,
2023-11-02 23:13:36,2023-11-04 00:33:13,UTC-04:00,Took prescription sleep medication?,false,
2023-11-02 23:13:36,2023-11-04 00:33:13,UTC-04:00,Read (non-screened device) while in bed?,false,
2023-11-02 23:13:36,2023-11-04 00:33:13,UTC-04:00,Feeling sick or ill?,false,
2023-11-02 00:07:15,2023-11-02 23:13:36,UTC-04:00,Feeling sick or ill?,false,
2023-11-02 00:07:15,2023-11-02 23:13:36,UTC-04:00,Consumed caffeine?,false,
2023-11-02 00:07:15,2023-11-02 23:13:36,UTC-04:00,Read (non-screened device) while in bed?,false,
2023-11-02 00:07:15,2023-11-02 23:13:36,UTC-04:00,Viewed a screen device in bed?,false,
2023-11-02 00:07:15,2023-11-02 23:13:36,UTC-04:00,Have an injury or wound?,false,
2023-11-02 00:07:15,2023-11-02 23:13:36,UTC-04:00,Shared your bed?,false,
2023-11-02 00:07:15,2023-11-02 23:13:36,UTC-04:00,Took prescription sleep medication?,false,
2023-11-02 00:07:15,2023-11-02 23:13:36,UTC-04:00,Have any alcoholic drinks?,false,
2023-10-31 23:48:11,2023-11-02 00:07:15,UTC-04:00,Shared your bed?,false,
2023-10-31 23:48:11,2023-11-02 00:07:15,UTC-04:00,Have any alcoholic drinks?,false,
2023-10-31 23:48:11,2023-11-02 00:07:15,UTC-04:00,Consumed caffeine?,false,
2023-10-31 23:48:11,2023-11-02 00:07:15,UTC-04:00,Viewed a screen device in bed?,false,
2023-10-31 23:48:11,2023-11-02 00:07:15,UTC-04:00,Have an injury or wound?,false,
2023-10-31 23:48:11,2023-11-02 00:07:15,UTC-04:00,Took prescription sleep medication?,false,
2023-10-31 23:48:11,2023-11-02 00:07:15,UTC-04:00,Read (non-screened device) while in bed?,false,
2023-10-31 23:48:11,2023-11-02 00:07:15,UTC-04:00,Feeling sick or ill?,false,
2023-10-31 00:27:56,2023-10-31 23:48:11,UTC-04:00,Have any alcoholic drinks?,false,
2023-10-31 00:27:56,2023-10-31 23:48:11,UTC-04:00,Read (non-screened device) while in bed?,false,
2023-10-31 00:27:56,2023-10-31 23:48:11,UTC-04:00,Took prescription sleep medication?,false,
2023-10-31 00:27:56,2023-10-31 23:48:11,UTC-04:00,Have an injury or wound?,false,
2023-10-31 00:27:56,2023-10-31 23:48:11,UTC-04:00,Viewed a screen device in bed?,false,
2023-10-31 00:27:56,2023-10-31 23:48:11,UTC-04:00,Consumed caffeine?,false,
2023-10-31 00:27:56,2023-10-31 23:48:11,UTC-04:00,Feeling sick or ill?,false,
2023-10-31 00:27:56,2023-10-31 23:48:11,UTC-04:00,Shared your bed?,false,
2023-10-29 23:25:16,2023-10-31 00:27:56,UTC-04:00,Shared your bed?,false,
2023-10-29 23:25:16,2023-10-31 00:27:56,UTC-04:00,Read (non-screened device) while in bed?,false,
2023-10-29 23:25:16,2023-10-31 00:27:56,UTC-04:00,Took prescription sleep medication?,false,
2023-10-29 23:25:16,2023-10-31 00:27:56,UTC-04:00,Have an injury or wound?,false,
2023-10-29 23:25:16,2023-10-31 00:27:56,UTC-04:00,Viewed a screen device in bed?,false,
2023-10-29 23:25:16,2023-10-31 00:27:56,UTC-04:00,Consumed caffeine?,false,
2023-10-29 23:25:16,2023-10-31 00:27:56,UTC-04:00,Have any alcoholic drinks?,false,
2023-10-29 23:25:16,2023-10-31 00:27:56,UTC-04:00,Feeling sick or ill?,false,
2023-10-28 22:12:42,2023-10-29 23:25:16,UTC-04:00,Shared your bed?,false,
2023-10-28 22:12:42,2023-10-29 23:25:16,UTC-04:00,Read (non-screened device) while in bed?,false,
2023-10-28 22:12:42,2023-10-29 23:25:16,UTC-04:00,Took prescription sleep medication?,false,
2023-10-28 22:12:42,2023-10-29 23:25:16,UTC-04:00,Have an injury or wound?,false,
2023-10-28 22:12:42,2023-10-29 23:25:16,UTC-04:00,Viewed a screen device in bed?,false,
2023-10-28 22:12:42,2023-10-29 23:25:16,UTC-04:00,Consumed caffeine?,false,
2023-10-28 22:12:42,2023-10-29 23:25:16,UTC-04:00,Have any alcoholic drinks?,false,
2023-10-28 22:12:42,2023-10-29 23:25:16,UTC-04:00,Feeling sick or ill?,false,
2023-10-27 23:20:21,2023-10-28 22:12:42,UTC-04:00,Feeling sick or ill?,false,
2023-10-27 23:20:21,2023-10-28 22:12:42,UTC-04:00,Read (non-screened device) while in bed?,false,
2023-10-27 23:20:21,2023-10-28 22:12:42,UTC-04:00,Took prescription sleep medication?,false,
2023-10-27 23:20:21,2023-10-28 22:12:42,UTC-04:00,Have an injury or wound?,false,
2023-10-27 23:20:21,2023-10-28 22:12:42,UTC-04:00,Viewed a screen device in bed?,false,
2023-10-27 23:20:21,2023-10-28 22:12:42,UTC-04:00,Consumed caffeine?,false,
2023-10-27 23:20:21,2023-10-28 22:12:42,UTC-04:00,Have any alcoholic drinks?,false,
2023-10-27 23:20:21,2023-10-28 22:12:42,UTC-04:00,Shared your bed?,false,
2023-10-26 23:48:10,2023-10-27 23:20:21,UTC-04:00,Feeling sick or ill?,false,
2023-10-26 23:48:10,2023-10-27 23:20:21,UTC-04:00,Consumed caffeine?,false,
2023-10-26 23:48:10,2023-10-27 23:20:21,UTC-04:00,Viewed a screen device in bed?,false,
2023-10-26 23:48:10,2023-10-27 23:20:21,UTC-04:00,Have an injury or wound?,false,
2023-10-26 23:48:10,2023-10-27 23:20:21,UTC-04:00,Took prescription sleep medication?,false,
2023-10-26 23:48:10,2023-10-27 23:20:21,UTC-04:00,Read (non-screened device) while in bed?,false,
2023-10-26 23:48:10,2023-10-27 23:20:21,UTC-04:00,Have any alcoholic drinks?,true,
2023-10-26 23:48:10,2023-10-27 23:20:21,UTC-04:00,Shared your bed?,false,
2023-10-25 23:00:22,2023-10-26 23:48:10,UTC-04:00,Have any alcoholic drinks?,false,
2023-10-25 23:00:22,2023-10-26 23:48:10,UTC-04:00,Consumed caffeine?,false,
2023-10-25 23:00:22,2023-10-26 23:48:10,UTC-04:00,Viewed a screen device in bed?,false,
2023-10-25 23:00:22,2023-10-26 23:48:10,UTC-04:00,Have an injury or wound?,false,
2023-10-25 23:00:22,2023-10-26 23:48:10,UTC-04:00,Took prescription sleep medication?,false,
2023-10-25 23:00:22,2023-10-26 23:48:10,UTC-04:00,Read (non-screened device) while in bed?,false,
2023-10-25 23:00:22,2023-10-26 23:48:10,UTC-04:00,Shared your bed?,false,
2023-10-25 23:00:22,2023-10-26 23:48:10,UTC-04:00,Feeling sick or ill?,false,
2023-10-24 23:09:07,2023-10-25 23:00:22,UTC-04:00,Feeling sick or ill?,false,
2023-10-24 23:09:07,2023-10-25 23:00:22,UTC-04:00,Have any alcoholic drinks?,false,
2023-10-24 23:09:07,2023-10-25 23:00:22,UTC-04:00,Consumed caffeine?,false,
2023-10-24 23:09:07,2023-10-25 23:00:22,UTC-04:00,Viewed a screen device in bed?,false,
2023-10-24 23:09:07,2023-10-25 23:00:22,UTC-04:00,Have an injury or wound?,false,
2023-10-24 23:09:07,2023-10-25 23:00:22,UTC-04:00,Took prescription sleep medication?,false,
2023-10-24 23:09:07,2023-10-25 23:00:22,UTC-04:00,Read (non-screened device) while in bed?,false,
2023-10-24 23:09:07,2023-10-25 23:00:22,UTC-04:00,Shared your bed?,false,
2023-10-23 23:08:08,2023-10-24 23:09:07,UTC-04:00,Shared your bed?,false,
2023-10-23 23:08:08,2023-10-24 23:09:07,UTC-04:00,Have any alcoholic drinks?,false,
2023-10-23 23:08:08,2023-10-24 23:09:07,UTC-04:00,Consumed caffeine?,false,
2023-10-23 23:08:08,2023-10-24 23:09:07,UTC-04:00,Viewed a screen device in bed?,false,
2023-10-23 23:08:08,2023-10-24 23:09:07,UTC-04:00,Have an injury or wound?,false,
2023-10-23 23:08:08,2023-10-24 23:09:07,UTC-04:00,Took prescription sleep medication?,false,
2023-10-23 23:08:08,2023-10-24 23:09:07,UTC-04:00,Read (non-screened device) while in bed?,false,
2023-10-23 23:08:08,2023-10-24 23:09:07,UTC-04:00,Feeling sick or ill?,false,
2023-10-22 23:31:20,2023-10-23 23:08:08,UTC-04:00,Shared your bed?,false,
2023-10-22 23:31:20,2023-10-23 23:08:08,UTC-04:00,Have any alcoholic drinks?,false,
2023-10-22 23:31:20,2023-10-23 23:08:08,UTC-04:00,Consumed caffeine?,false,
2023-10-22 23:31:20,2023-10-23 23:08:08,UTC-04:00,Viewed a screen device in bed?,false,
2023-10-22 23:31:20,2023-10-23 23:08:08,UTC-04:00,Have an injury or wound?,false,
2023-10-22 23:31:20,2023-10-23 23:08:08,UTC-04:00,Took prescription sleep medication?,false,
2023-10-22 23:31:20,2023-10-23 23:08:08,UTC-04:00,Read (non-screened device) while in bed?,false,
2023-10-22 23:31:20,2023-10-23 23:08:08,UTC-04:00,Feeling sick or ill?,false,
2023-10-22 00:50:30,2023-10-22 23:31:20,UTC-04:00,Shared your bed?,false,
2023-10-22 00:50:30,2023-10-22 23:31:20,UTC-04:00,Have any alcoholic drinks?,false,
2023-10-22 00:50:30,2023-10-22 23:31:20,UTC-04:00,Consumed caffeine?,false,
2023-10-22 00:50:30,2023-10-22 23:31:20,UTC-04:00,Viewed a screen device in bed?,false,
2023-10-22 00:50:30,2023-10-22 23:31:20,UTC-04:00,Have an injury or wound?,false,
2023-10-22 00:50:30,2023-10-22 23:31:20,UTC-04:00,Took prescription sleep medication?,false,
2023-10-22 00:50:30,2023-10-22 23:31:20,UTC-04:00,Read (non-screened device) while in bed?,false,
2023-10-22 00:50:30,2023-10-22 23:31:20,UTC-04:00,Feeling sick or ill?,false,
2023-10-21 00:18:43,2023-10-22 00:50:30,UTC-04:00,Have an injury or wound?,false,
2023-10-21 00:18:43,2023-10-22 00:50:30,UTC-04:00,Have any alcoholic drinks?,true,
2023-10-21 00:18:43,2023-10-22 00:50:30,UTC-04:00,Consumed caffeine?,false,
2023-10-21 00:18:43,2023-10-22 00:50:30,UTC-04:00,Viewed a screen device in bed?,false,
2023-10-21 00:18:43,2023-10-22 00:50:30,UTC-04:00,Took prescription sleep medication?,false,
2023-10-21 00:18:43,2023-10-22 00:50:30,UTC-04:00,Read (non-screened device) while in bed?,false,
2023-10-21 00:18:43,2023-10-22 00:50:30,UTC-04:00,Shared your bed?,false,
2023-10-21 00:18:43,2023-10-22 00:50:30,UTC-04:00,Feeling sick or ill?,false,
2023-10-19 23:04:52,2023-10-21 00:18:43,UTC-04:00,Feeling sick or ill?,false,
2023-10-19 23:04:52,2023-10-21 00:18:43,UTC-04:00,Have any alcoholic drinks?,false,
2023-10-19 23:04:52,2023-10-21 00:18:43,UTC-04:00,Consumed caffeine?,false,
2023-10-19 23:04:52,2023-10-21 00:18:43,UTC-04:00,Viewed a screen device in bed?,false,
2023-10-19 23:04:52,2023-10-21 00:18:43,UTC-04:00,Have an injury or wound?,false,
2023-10-19 23:04:52,2023-10-21 00:18:43,UTC-04:00,Took prescription sleep medication?,false,
2023-10-19 23:04:52,2023-10-21 00:18:43,UTC-04:00,Read (non-screened device) while in bed?,false,
2023-10-19 23:04:52,2023-10-21 00:18:43,UTC-04:00,Shared your bed?,false,
2023-10-18 23:22:20,2023-10-19 23:04:52,UTC-04:00,Shared your bed?,false,
2023-10-18 23:22:20,2023-10-19 23:04:52,UTC-04:00,Have any alcoholic drinks?,false,
2023-10-18 23:22:20,2023-10-19 23:04:52,UTC-04:00,Consumed caffeine?,false,
2023-10-18 23:22:20,2023-10-19 23:04:52,UTC-04:00,Viewed a screen device in bed?,false,
2023-10-18 23:22:20,2023-10-19 23:04:52,UTC-04:00,Have an injury or wound?,false,
2023-10-18 23:22:20,2023-10-19 23:04:52,UTC-04:00,Took prescription sleep medication?,false,
2023-10-18 23:22:20,2023-10-19 23:04:52,UTC-04:00,Read (non-screened device) while in bed?,false,
2023-10-18 23:22:20,2023-10-19 23:04:52,UTC-04:00,Feeling sick or ill?,false,
2023-10-18 00:05:36,2023-10-18 23:22:20,UTC-04:00,Shared your bed?,false,
2023-10-18 00:05:36,2023-10-18 23:22:20,UTC-04:00,Have any alcoholic drinks?,true,
2023-10-18 00:05:36,2023-10-18 23:22:20,UTC-04:00,Consumed caffeine?,false,
2023-10-18 00:05:36,2023-10-18 23:22:20,UTC-04:00,Viewed a screen device in bed?,false,
2023-10-18 00:05:36,2023-10-18 23:22:20,UTC-04:00,Have an injury or wound?,false,
2023-10-18 00:05:36,2023-10-18 23:22:20,UTC-04:00,Took prescription sleep medication?,false,
2023-10-18 00:05:36,2023-10-18 23:22:20,UTC-04:00,Read (non-screened device) while in bed?,false,
2023-10-18 00:05:36,2023-10-18 23:22:20,UTC-04:00,Feeling sick or ill?,false,
2023-10-16 23:16:27,2023-10-18 00:05:36,UTC-04:00,Read (non-screened device) while in bed?,false,
2023-10-16 23:16:27,2023-10-18 00:05:36,UTC-04:00,Have any alcoholic drinks?,false,
2023-10-16 23:16:27,2023-10-18 00:05:36,UTC-04:00,Consumed caffeine?,false,
2023-10-16 23:16:27,2023-10-18 00:05:36,UTC-04:00,Viewed a screen device in bed?,false,
2023-10-16 23:16:27,2023-10-18 00:05:36,UTC-04:00,Feeling sick or ill?,false,
2023-10-16 23:16:27,2023-10-18 00:05:36,UTC-04:00,Have an injury or wound?,false,
2023-10-16 23:16:27,2023-10-18 00:05:36,UTC-04:00,Took prescription sleep medication?,false,
2023-10-16 23:16:27,2023-10-18 00:05:36,UTC-04:00,Shared your bed?,false,
2023-10-16 00:25:58,2023-10-16 23:16:27,UTC-04:00,Shared your bed?,false,
2023-10-16 00:25:58,2023-10-16 23:16:27,UTC-04:00,Feeling sick or ill?,false,
2023-10-16 00:25:58,2023-10-16 23:16:27,UTC-04:00,Read (non-screened device) while in bed?,false,
2023-10-16 00:25:58,2023-10-16 23:16:27,UTC-04:00,Took prescription sleep medication?,false,
2023-10-16 00:25:58,2023-10-16 23:16:27,UTC-04:00,Have an injury or wound?,false,
2023-10-16 00:25:58,2023-10-16 23:16:27,UTC-04:00,Viewed a screen device in bed?,false,
2023-10-16 00:25:58,2023-10-16 23:16:27,UTC-04:00,Consumed caffeine?,false,
2023-10-16 00:25:58,2023-10-16 23:16:27,UTC-04:00,Have any alcoholic drinks?,false,
2023-10-15 00:24:43,2023-10-16 00:25:58,UTC-04:00,Took prescription sleep medication?,false,
2023-10-15 00:24:43,2023-10-16 00:25:58,UTC-04:00,Read (non-screened device) while in bed?,false,
2023-10-15 00:24:43,2023-10-16 00:25:58,UTC-04:00,Shared your bed?,false,
2023-10-15 00:24:43,2023-10-16 00:25:58,UTC-04:00,Feeling sick or ill?,false,
2023-10-15 00:24:43,2023-10-16 00:25:58,UTC-04:00,Have any alcoholic drinks?,true,
2023-10-15 00:24:43,2023-10-16 00:25:58,UTC-04:00,Consumed caffeine?,false,
2023-10-15 00:24:43,2023-10-16 00:25:58,UTC-04:00,Viewed a screen device in bed?,false,
2023-10-15 00:24:43,2023-10-16 00:25:58,UTC-04:00,Have an injury or wound?,false,
2026-09-16 22:48:09,,UTC-04:00,Feeling sick or ill?,false,
2026-09-16 22:48:09,,UTC-04:00,Shared your bed?,false,
2026-09-16 22:48:09,,UTC-04:00,Have any alcoholic drinks?,false,
2026-09-16 22:48:09,,UTC-04:00,Read (non-screened device) while in bed?,false,
2026-09-16 22:48:09,,UTC-04:00,Viewed a screen device in bed?,false,
2023-10-13 23:14:23,2023-10-15 00:24:43,UTC-04:00,Consumed caffeine?,false,
2023-10-13 23:14:23,2023-10-15 00:24:43,UTC-04:00,Viewed a screen device in bed?,false,
2023-10-13 23:14:23,2023-10-15 00:24:43,UTC-04:00,Took prescription sleep medication?,false,
2023-10-13 23:14:23,2023-10-15 00:24:43,UTC-04:00,Have an injury or wound?,false,
2023-10-13 23:14:23,2023-10-15 00:24:43,UTC-04:00,Read (non-screened device) while in bed?,false,
2023-10-13 23:14:23,2023-10-15 00:24:43,UTC-04:00,Shared your bed?,false,
2023-10-13 23:14:23,2023-10-15 00:24:43,UTC-04:00,Feeling sick or ill?,false,
2023-10-13 23:14:23,2023-10-15 00:24:43,UTC-04:00,Have any alcoholic drinks?,true,
2023-10-12 23:52:36,2023-10-13 23:14:23,UTC-04:00,Read (non-screened device) while in bed?,false,
2023-10-12 23:52:36,2023-10-13 23:14:23,UTC-04:00,Have any alcoholic drinks?,false,
2023-10-12 23:52:36,2023-10-13 23:14:23,UTC-04:00,Consumed caffeine?,false,
2023-10-12 23:52:36,2023-10-13 23:14:23,UTC-04:00,Viewed a screen device in bed?,false,
2023-10-12 23:52:36,2023-10-13 23:14:23,UTC-04:00,Have an injury or wound?,false,
2023-10-12 23:52:36,2023-10-13 23:14:23,UTC-04:00,Took prescription sleep medication?,false,
2023-10-12 23:52:36,2023-10-13 23:14:23,UTC-04:00,Shared your bed?,false,
2023-10-12 23:52:36,2023-10-13 23:14:23,UTC-04:00,Feeling sick or ill?,false,
2023-10-12 00:06:00,2023-10-12 23:52:36,UTC-04:00,Took prescription sleep medication?,false,
2023-10-12 00:06:00,2023-10-12 23:52:36,UTC-04:00,Have an injury or wound?,false,
2023-10-12 00:06:00,2023-10-12 23:52:36,UTC-04:00,Read (non-screened device) while in bed?,false,
2023-10-12 00:06:00,2023-10-12 23:52:36,UTC-04:00,Shared your bed?,false,
2023-10-12 00:06:00,2023-10-12 23:52:36,UTC-04:00,Viewed a screen device in bed?,false,
2023-10-12 00:06:00,2023-10-12 23:52:36,UTC-04:00,Consumed caffeine?,false,
2023-10-12 00:06:00,2023-10-12 23:52:36,UTC-04:00,Have any alcoholic drinks?,false,
2023-10-12 00:06:00,2023-10-12 23:52:36,UTC-04:00,Feeling sick or ill?,false,
2023-10-10 23:22:13,2023-10-12 00:06:00,UTC-04:00,Read (non-screened device) while in bed?,false,
2023-10-10 23:22:13,2023-10-12 00:06:00,UTC-04:00,Have any alcoholic drinks?,false,
2023-10-10 23:22:13,2023-10-12 00:06:00,UTC-04:00,Consumed caffeine?,false,
2023-10-10 23:22:13,2023-10-12 00:06:00,UTC-04:00,Viewed a screen device in bed?,false,
2023-10-10 23:22:13,2023-10-12 00:06:00,UTC-04:00,Have an injury or wound?,false,
2023-10-10 23:22:13,2023-10-12 00:06:00,UTC-04:00,Took prescription sleep medication?,false,
2023-10-10 23:22:13,2023-10-12 00:06:00,UTC-04:00,Shared your bed?,false,
2023-10-10 23:22:13,2023-10-12 00:06:00,UTC-04:00,Feeling sick or ill?,false,
2023-10-09 23:50:07,2023-10-10 23:22:13,UTC-04:00,Shared your bed?,false,
2023-10-09 23:50:07,2023-10-10 23:22:13,UTC-04:00,Feeling sick or ill?,false,
2023-10-09 23:50:07,2023-10-10 23:22:13,UTC-04:00,Have an injury or wound?,false,
2023-10-09 23:50:07,2023-10-10 23:22:13,UTC-04:00,Viewed a screen device in bed?,false,
2023-10-09 23:50:07,2023-10-10 23:22:13,UTC-04:00,Consumed caffeine?,false,
2023-10-09 23:50:07,2023-10-10 23:22:13,UTC-04:00,Have any alcoholic drinks?,false,
2023-10-09 23:50:07,2023-10-10 23:22:13,UTC-04:00,Read (non-screened device) while in bed?,false,
2023-10-09 23:50:07,2023-10-10 23:22:13,UTC-04:00,Took prescription sleep medication?,false,
2023-10-09 00:07:51,2023-10-09 23:50:07,UTC-04:00,Took prescription sleep medication?,false,
2023-10-09 00:07:51,2023-10-09 23:50:07,UTC-04:00,Feeling sick or ill?,false,
2023-10-09 00:07:51,2023-10-09 23:50:07,UTC-04:00,Have any alcoholic drinks?,false,
2023-10-09 00:07:51,2023-10-09 23:50:07,UTC-04:00,Consumed caffeine?,false,
2023-10-09 00:07:51,2023-10-09 23:50:07,UTC-04:00,Viewed a screen device in bed?,false,
2023-10-09 00:07:51,2023-10-09 23:50:07,UTC-04:00,Have an injury or wound?,false,
2023-10-09 00:07:51,2023-10-09 23:50:07,UTC-04:00,Shared your bed?,false,
2023-10-09 00:07:51,2023-10-09 23:50:07,UTC-04:00,Read (non-screened device) while in bed?,false,
2023-10-08 00:46:44,2023-10-09 00:07:51,UTC-04:00,Took prescription sleep medication?,false,
2023-10-08 00:46:44,2023-10-09 00:07:51,UTC-04:00,Have an injury or wound?,false,
2023-10-08 00:46:44,2023-10-09 00:07:51,UTC-04:00,Feeling sick or ill?,false,
2023-10-08 00:46:44,2023-10-09 00:07:51,UTC-04:00,Shared your bed?,false,
2023-10-08 00:46:44,2023-10-09 00:07:51,UTC-04:00,Have any alcoholic drinks?,false,
2023-10-08 00:46:44,2023-10-09 00:07:51,UTC-04:00,Consumed caffeine?,false,
2023-10-08 00:46:44,2023-10-09 00:07:51,UTC-04:00,Viewed a screen device in bed?,false,
2023-10-08 00:46:44,2023-10-09 00:07:51,UTC-04:00,Read (non-screened device) while in bed?,false,
2023-10-06 23:45:19,2023-10-08 00:46:44,UTC-04:00,Feeling sick or ill?,false,
2023-10-06 23:45:19,2023-10-08 00:46:44,UTC-04:00,Read (non-screened device) while in bed?,false,
2023-10-06 23:45:19,2023-10-08 00:46:44,UTC-04:00,Took prescription sleep medication?,false,
2023-10-06 23:45:19,2023-10-08 00:46:44,UTC-04:00,Have an injury or wound?,false,
2023-10-06 23:45:19,2023-10-08 00:46:44,UTC-04:00,Viewed a screen device in bed?,false,
2023-10-06 23:45:19,2023-10-08 00:46:44,UTC-04:00,Consumed caffeine?,false,
2023-10-06 23:45:19,2023-10-08 00:46:44,UTC-04:00,Have any alcoholic drinks?,true,
2023-10-06 23:45:19,2023-10-08 00:46:44,UTC-04:00,Shared your bed?,false,
2026-09-15 23:36:25,2026-09-16 22:48:09,UTC-04:00,Viewed a screen device in bed?,false,
2026-09-15 23:36:25,2026-09-16 22:48:09,UTC-04:00,Feeling sick or ill?,false,
2026-09-15 23:36:25,2026-09-16 22:48:09,UTC-04:00,Shared your bed?,false,
2026-09-15 23:36:25,2026-09-16 22:48:09,UTC-04:00,Have any alcoholic drinks?,false,
2026-09-15 23:36:25,2026-09-16 22:48:09,UTC-04:00,Read (non-screened device) while in bed?,false,
2023-10-05 23:45:16,2023-10-06 23:45:19,UTC-04:00,Have any alcoholic drinks?,true,
2023-10-05 23:45:16,2023-10-06 23:45:19,UTC-04:00,Feeling sick or ill?,false,
2023-10-05 23:45:16,2023-10-06 23:45:19,UTC-04:00,Shared your bed?,false,
2023-10-05 23:45:16,2023-10-06 23:45:19,UTC-04:00,Read (non-screened device) while in bed?,false,
2023-10-05 23:45:16,2023-10-06 23:45:19,UTC-04:00,Took prescription sleep medication?,false,
2023-10-05 23:45:16,2023-10-06 23:45:19,UTC-04:00,Have an injury or wound?,false,
2023-10-05 23:45:16,2023-10-06 23:45:19,UTC-04:00,Viewed a screen device in bed?,true,
2023-10-05 23:45:16,2023-10-06 23:45:19,UTC-04:00,Consumed caffeine?,false,
2023-10-05 00:31:22,2023-10-05 23:45:16,UTC-04:00,Have an injury or wound?,false,
2023-10-05 00:31:22,2023-10-05 23:45:16,UTC-04:00,Took prescription sleep medication?,false,
2023-10-05 00:31:22,2023-10-05 23:45:16,UTC-04:00,Read (non-screened device) while in bed?,false,
2023-10-05 00:31:22,2023-10-05 23:45:16,UTC-04:00,Shared your bed?,false,
2023-10-05 00:31:22,2023-10-05 23:45:16,UTC-04:00,Feeling sick or ill?,false,
2023-10-05 00:31:22,2023-10-05 23:45:16,UTC-04:00,Consumed caffeine?,false,
2023-10-05 00:31:22,2023-10-05 23:45:16,UTC-04:00,Viewed a screen device in bed?,false,
2023-10-05 00:31:22,2023-10-05 23:45:16,UTC-04:00,Have any alcoholic drinks?,true,
2023-10-04 00:29:53,2023-10-05 00:31:22,UTC-04:00,Viewed a screen device in bed?,false,
2023-10-04 00:29:53,2023-10-05 00:31:22,UTC-04:00,Took prescription sleep medication?,false,
2023-10-04 00:29:53,2023-10-05 00:31:22,UTC-04:00,Read (non-screened device) while in bed?,false,
2023-10-04 00:29:53,2023-10-05 00:31:22,UTC-04:00,Shared your bed?,false,
2023-10-04 00:29:53,2023-10-05 00:31:22,UTC-04:00,Feeling sick or ill?,false,
2023-10-04 00:29:53,2023-10-05 00:31:22,UTC-04:00,Have any alcoholic drinks?,true,
2023-10-04 00:29:53,2023-10-05 00:31:22,UTC-04:00,Consumed caffeine?,false,
2023-10-04 00:29:53,2023-10-05 00:31:22,UTC-04:00,Have an injury or wound?,false,
2023-10-02 23:26:38,2023-10-04 00:29:53,UTC-04:00,Viewed a screen device in bed?,false,
2023-10-02 23:26:38,2023-10-04 00:29:53,UTC-04:00,Took prescription sleep medication?,false,
2023-10-02 23:26:38,2023-10-04 00:29:53,UTC-04:00,Read (non-screened device) while in bed?,false,
2023-10-02 23:26:38,2023-10-04 00:29:53,UTC-04:00,Shared your bed?,false,
2023-10-02 23:26:38,2023-10-04 00:29:53,UTC-04:00,Feeling sick or ill?,false,
2023-10-02 23:26:38,2023-10-04 00:29:53,UTC-04:00,Have any alcoholic drinks?,false,
2023-10-02 23:26:38,2023-10-04 00:29:53,UTC-04:00,Consumed caffeine?,false,
2023-10-02 23:26:38,2023-10-04 00:29:53,UTC-04:00,Have an injury or wound?,false,
2023-10-01 22:45:35,2023-10-02 23:26:38,UTC-04:00,Viewed a screen device in bed?,false,
2023-10-01 22:45:35,2023-10-02 23:26:38,UTC-04:00,Feeling sick or ill?,false,
2023-10-01 22:45:35,2023-10-02 23:26:38,UTC-04:00,Shared your bed?,false,
2023-10-01 22:45:35,2023-10-02 23:26:38,UTC-04:00,Read (non-screened device) while in bed?,false,
2023-10-01 22:45:35,2023-10-02 23:26:38,UTC-04:00,Took prescription sleep medication?,false,
2023-10-01 22:45:35,2023-10-02 23:26:38,UTC-04:00,Have any alcoholic drinks?,false,
2023-10-01 22:45:35,2023-10-02 23:26:38,UTC-04:00,Consumed caffeine?,false,
2023-10-01 22:45:35,2023-10-02 23:26:38,UTC-04:00,Have an injury or wound?,false,
2023-09-30 23:27:50,2023-10-01 22:45:35,UTC-04:00,Read (non-screened device) while in bed?,false,
2023-09-30 23:27:50,2023-10-01 22:45:35,UTC-04:00,Have any alcoholic drinks?,false,
2023-09-30 23:27:50,2023-10-01 22:45:35,UTC-04:00,Consumed caffeine?,false,
2023-09-30 23:27:50,2023-10-01 22:45:35,UTC-04:00,Viewed a screen device in bed?,false,
2023-09-30 23:27:50,2023-10-01 22:45:35,UTC-04:00,Have an injury or wound?,false,
2023-09-30 23:27:50,2023-10-01 22:45:35,UTC-04:00,Took prescription sleep medication?,false,
2023-09-30 23:27:50,2023-10-01 22:45:35,UTC-04:00,Shared your bed?,false,
2023-09-30 23:27:50,2023-10-01 22:45:35,UTC-04:00,Feeling sick or ill?,false,
2026-09-14 22:57:46,2026-09-15 23:36:25,UTC-04:00,Shared your bed?,false,
2026-09-14 22:57:46,2026-09-15 23:36:25,UTC-04:00,Have any alcoholic drinks?,false,
2026-09-14 22:57:46,2026-09-15 23:36:25,UTC-04:00,Feeling sick or ill?,false,
2026-09-14 22:57:46,2026-09-15 23:36:25,UTC-04:00,Viewed a screen device in bed?,false,
2026-09-14 22:57:46,2026-09-15 23:36:25,UTC-04:00,Read (non-screened device) while in bed?,false,
2023-09-30 01:20:45,2023-09-30 23:27:50,UTC-04:00,Took prescription sleep medication?,false,
2023-09-30 01:20:45,2023-09-30 23:27:50,UTC-04:00,Shared your bed?,false,
2023-09-30 01:20:45,2023-09-30 23:27:50,UTC-04:00,Feeling sick or ill?,false,
2023-09-30 01:20:45,2023-09-30 23:27:50,UTC-04:00,Read (non-screened device) while in bed?,false,
2023-09-30 01:20:45,2023-09-30 23:27:50,UTC-04:00,Have any alcoholic drinks?,false,
2023-09-30 01:20:45,2023-09-30 23:27:50,UTC-04:00,Consumed caffeine?,false,
2023-09-30 01:20:45,2023-09-30 23:27:50,UTC-04:00,Viewed a screen device in bed?,false,
2023-09-30 01:20:45,2023-09-30 23:27:50,UTC-04:00,Have an injury or wound?,false,
2023-09-29 00:32:38,2023-09-30 01:20:45,UTC-04:00,Have any alcoholic drinks?,false,
2023-09-29 00:32:38,2023-09-30 01:20:45,UTC-04:00,Consumed caffeine?,false,
2023-09-29 00:32:38,2023-09-30 01:20:45,UTC-04:00,Viewed a screen device in bed?,false,
2023-09-29 00:32:38,2023-09-30 01:20:45,UTC-04:00,Have an injury or wound?,false,
2023-09-29 00:32:38,2023-09-30 01:20:45,UTC-04:00,Took prescription sleep medication?,false,
2023-09-29 00:32:38,2023-09-30 01:20:45,UTC-04:00,Read (non-screened device) while in bed?,false,
2023-09-29 00:32:38,2023-09-30 01:20:45,UTC-04:00,Shared your bed?,false,
2023-09-29 00:32:38,2023-09-30 01:20:45,UTC-04:00,Feeling sick or ill?,false,
2023-09-27 23:00:35,2023-09-29 00:32:38,UTC-04:00,Read (non-screened device) while in bed?,false,
2023-09-27 23:00:35,2023-09-29 00:32:38,UTC-04:00,Have any alcoholic drinks?,false,
2023-09-27 23:00:35,2023-09-29 00:32:38,UTC-04:00,Consumed caffeine?,false,
2023-09-27 23:00:35,2023-09-29 00:32:38,UTC-04:00,Viewed a screen device in bed?,false,
2023-09-27 23:00:35,2023-09-29 00:32:38,UTC-04:00,Have an injury or wound?,false,
2023-09-27 23:00:35,2023-09-29 00:32:38,UTC-04:00,Took prescription sleep medication?,false,
2023-09-27 23:00:35,2023-09-29 00:32:38,UTC-04:00,Shared your bed?,false,
2023-09-27 23:00:35,2023-09-29 00:32:38,UTC-04:00,Feeling sick or ill?,false,
2023-09-26 22:37:39,2023-09-27 23:00:35,UTC-04:00,Have any alcoholic drinks?,false,
2023-09-26 22:37:39,2023-09-27 23:00:35,UTC-04:00,Consumed caffeine?,false,
2023-09-26 22:37:39,2023-09-27 23:00:35,UTC-04:00,Viewed a screen device in bed?,false,
2023-09-26 22:37:39,2023-09-27 23:00:35,UTC-04:00,Have an injury or wound?,false,
2023-09-26 22:37:39,2023-09-27 23:00:35,UTC-04:00,Took prescription sleep medication?,false,
2023-09-26 22:37:39,2023-09-27 23:00:35,UTC-04:00,Read (non-screened device) while in bed?,false,
2023-09-26 22:37:39,2023-09-27 23:00:35,UTC-04:00,Shared your bed?,false,
2023-09-26 22:37:39,2023-09-27 23:00:35,UTC-04:00,Feeling sick or ill?,false,
2023-09-25 22:56:40,2023-09-26 22:37:39,UTC-04:00,Have any alcoholic drinks?,false,
2023-09-25 22:56:40,2023-09-26 22:37:39,UTC-04:00,Consumed caffeine?,false,
2023-09-25 22:56:40,2023-09-26 22:37:39,UTC-04:00,Viewed a screen device in bed?,false,
2023-09-25 22:56:40,2023-09-26 22:37:39,UTC-04:00,Have an injury or wound?,false,
2023-09-25 22:56:40,2023-09-26 22:37:39,UTC-04:00,Took prescription sleep medication?,false,
2023-09-25 22:56:40,2023-09-26 22:37:39,UTC-04:00,Read (non-screened device) while in bed?,false,
2023-09-25 22:56:40,2023-09-26 22:37:39,UTC-04:00,Shared your bed?,false,
2023-09-25 22:56:40,2023-09-26 22:37:39,UTC-04:00,Feeling sick or ill?,false,
2023-09-24 23:45:11,2023-09-25 22:56:40,UTC-04:00,Have any alcoholic drinks?,true,
2023-09-24 23:45:11,2023-09-25 22:56:40,UTC-04:00,Took prescription sleep medication?,false,
2023-09-24 23:45:11,2023-09-25 22:56:40,UTC-04:00,Feeling sick or ill?,false,
2023-09-24 23:45:11,2023-09-25 22:56:40,UTC-04:00,Shared your bed?,false,
2023-09-24 23:45:11,2023-09-25 22:56:40,UTC-04:00,Read (non-screened device) while in bed?,false,
2023-09-24 23:45:11,2023-09-25 22:56:40,UTC-04:00,Consumed caffeine?,false,
2023-09-24 23:45:11,2023-09-25 22:56:40,UTC-04:00,Viewed a screen device in bed?,false,
2023-09-24 23:45:11,2023-09-25 22:56:40,UTC-04:00,Have an injury or wound?,false,
2023-09-24 00:13:59,2023-09-24 23:45:11,UTC-04:00,Have an injury or wound?,false,
2023-09-24 00:13:59,2023-09-24 23:45:11,UTC-04:00,Feeling sick or ill?,false,
2023-09-24 00:13:59,2023-09-24 23:45:11,UTC-04:00,Shared your bed?,false,
2023-09-24 00:13:59,2023-09-24 23:45:11,UTC-04:00,Read (non-screened device) while in bed?,false,
2023-09-24 00:13:59,2023-09-24 23:45:11,UTC-04:00,Took prescription sleep medication?,false,
2023-09-24 00:13:59,2023-09-24 23:45:11,UTC-04:00,Viewed a screen device in bed?,false,
2023-09-24 00:13:59,2023-09-24 23:45:11,UTC-04:00,Consumed caffeine?,false,
2023-09-24 00:13:59,2023-09-24 23:45:11,UTC-04:00,Have any alcoholic drinks?,true,
2023-09-23 00:26:30,2023-09-24 00:13:59,UTC-04:00,Have any alcoholic drinks?,true,
2023-09-23 00:26:30,2023-09-24 00:13:59,UTC-04:00,Consumed caffeine?,false,
2023-09-23 00:26:30,2023-09-24 00:13:59,UTC-04:00,Feeling sick or ill?,false,
2023-09-23 00:26:30,2023-09-24 00:13:59,UTC-04:00,Shared your bed?,false,
2023-09-23 00:26:30,2023-09-24 00:13:59,UTC-04:00,Took prescription sleep medication?,false,
2023-09-23 00:26:30,2023-09-24 00:13:59,UTC-04:00,Have an injury or wound?,false,
2023-09-23 00:26:30,2023-09-24 00:13:59,UTC-04:00,Viewed a screen device in bed?,false,
2023-09-23 00:26:30,2023-09-24 00:13:59,UTC-04:00,Read (non-screened device) while in bed?,false,
2023-09-21 23:40:32,2023-09-23 00:26:30,UTC-04:00,Have any alcoholic drinks?,true,
2023-09-21 23:40:32,2023-09-23 00:26:30,UTC-04:00,Consumed caffeine?,false,
2023-09-21 23:40:32,2023-09-23 00:26:30,UTC-04:00,Viewed a screen device in bed?,true,
2023-09-21 23:40:32,2023-09-23 00:26:30,UTC-04:00,Have an injury or wound?,false,
2023-09-21 23:40:32,2023-09-23 00:26:30,UTC-04:00,Took prescription sleep medication?,false,
2023-09-21 23:40:32,2023-09-23 00:26:30,UTC-04:00,Read (non-screened device) while in bed?,false,
2023-09-21 23:40:32,2023-09-23 00:26:30,UTC-04:00,Shared your bed?,false,
2023-09-21 23:40:32,2023-09-23 00:26:30,UTC-04:00,Feeling sick or ill?,false,
2026-09-13 22:26:28,2026-09-14 22:57:46,UTC-04:00,Viewed a screen device in bed?,false,
2026-09-13 22:26:28,2026-09-14 22:57:46,UTC-04:00,Shared your bed?,false,
2026-09-13 22:26:28,2026-09-14 22:57:46,UTC-04:00,Feeling sick or ill?,false,
2026-09-13 22:26:28,2026-09-14 22:57:46,UTC-04:00,Have any alcoholic drinks?,false,
2026-09-13 22:26:28,2026-09-14 22:57:46,UTC-04:00,Read (non-screened device) while in bed?,false,
2023-09-20 23:36:39,2023-09-21 23:40:32,UTC-04:00,Read (non-screened device) while in bed?,false,
2023-09-20 23:36:39,2023-09-21 23:40:32,UTC-04:00,Shared your bed?,false,
2023-09-20 23:36:39,2023-09-21 23:40:32,UTC-04:00,Feeling sick or ill?,false,
2023-09-20 23:36:39,2023-09-21 23:40:32,UTC-04:00,Have an injury or wound?,false,
2023-09-20 23:36:39,2023-09-21 23:40:32,UTC-04:00,Viewed a screen device in bed?,false,
2023-09-20 23:36:39,2023-09-21 23:40:32,UTC-04:00,Consumed caffeine?,false,
2023-09-20 23:36:39,2023-09-21 23:40:32,UTC-04:00,Have any alcoholic drinks?,false,
2023-09-20 23:36:39,2023-09-21 23:40:32,UTC-04:00,Took prescription sleep medication?,false,
2023-09-19 22:31:39,2023-09-20 23:36:39,UTC-04:00,Viewed a screen device in bed?,false,
2023-09-19 22:31:39,2023-09-20 23:36:39,UTC-04:00,Have any alcoholic drinks?,false,
2023-09-19 22:31:39,2023-09-20 23:36:39,UTC-04:00,Consumed caffeine?,false,
2023-09-19 22:31:39,2023-09-20 23:36:39,UTC-04:00,Have an injury or wound?,false,
2023-09-19 22:31:39,2023-09-20 23:36:39,UTC-04:00,Took prescription sleep medication?,false,
2023-09-19 22:31:39,2023-09-20 23:36:39,UTC-04:00,Read (non-screened device) while in bed?,false,
2023-09-19 22:31:39,2023-09-20 23:36:39,UTC-04:00,Shared your bed?,false,
2023-09-19 22:31:39,2023-09-20 23:36:39,UTC-04:00,Feeling sick or ill?,false,
2023-09-18 22:36:54,2023-09-19 22:31:39,UTC-04:00,Read (non-screened device) while in bed?,false,
2023-09-18 22:36:54,2023-09-19 22:31:39,UTC-04:00,Shared your bed?,false,
2023-09-18 22:36:54,2023-09-19 22:31:39,UTC-04:00,Feeling sick or ill?,false,
2023-09-18 22:36:54,2023-09-19 22:31:39,UTC-04:00,Took prescription sleep medication?,false,
2023-09-18 22:36:54,2023-09-19 22:31:39,UTC-04:00,Have an injury or wound?,false,
2023-09-18 22:36:54,2023-09-19 22:31:39,UTC-04:00,Viewed a screen device in bed?,false,
2023-09-18 22:36:54,2023-09-19 22:31:39,UTC-04:00,Consumed caffeine?,false,
2023-09-18 22:36:54,2023-09-19 22:31:39,UTC-04:00,Have any alcoholic drinks?,false,
2023-09-17 23:16:25,2023-09-18 22:36:54,UTC-04:00,Read (non-screened device) while in bed?,false,
2023-09-17 23:16:25,2023-09-18 22:36:54,UTC-04:00,Shared your bed?,false,
2023-09-17 23:16:25,2023-09-18 22:36:54,UTC-04:00,Feeling sick or ill?,true,
2023-09-17 23:16:25,2023-09-18 22:36:54,UTC-04:00,Have any alcoholic drinks?,false,
2023-09-17 23:16:25,2023-09-18 22:36:54,UTC-04:00,Consumed caffeine?,false,
2023-09-17 23:16:25,2023-09-18 22:36:54,UTC-04:00,Viewed a screen device in bed?,false,
2023-09-17 23:16:25,2023-09-18 22:36:54,UTC-04:00,Have an injury or wound?,false,
2023-09-17 23:16:25,2023-09-18 22:36:54,UTC-04:00,Took prescription sleep medication?,false,
2023-09-16 22:36:26,2023-09-17 23:16:25,UTC-04:00,Read (non-screened device) while in bed?,false,
2023-09-16 22:36:26,2023-09-17 23:16:25,UTC-04:00,Have any alcoholic drinks?,false,
2023-09-16 22:36:26,2023-09-17 23:16:25,UTC-04:00,Consumed caffeine?,false,
2023-09-16 22:36:26,2023-09-17 23:16:25,UTC-04:00,Viewed a screen device in bed?,false,
2023-09-16 22:36:26,2023-09-17 23:16:25,UTC-04:00,Have an injury or wound?,false,
2023-09-16 22:36:26,2023-09-17 23:16:25,UTC-04:00,Took prescription sleep medication?,false,
2023-09-16 22:36:26,2023-09-17 23:16:25,UTC-04:00,Shared your bed?,false,
2023-09-16 22:36:26,2023-09-17 23:16:25,UTC-04:00,Feeling sick or ill?,true,
2023-09-15 22:24:50,2023-09-16 22:36:26,UTC-04:00,Read (non-screened device) while in bed?,false,
2023-09-15 22:24:50,2023-09-16 22:36:26,UTC-04:00,Shared your bed?,false,
2023-09-15 22:24:50,2023-09-16 22:36:26,UTC-04:00,Feeling sick or ill?,true,
2023-09-15 22:24:50,2023-09-16 22:36:26,UTC-04:00,Have any alcoholic drinks?,false,
2023-09-15 22:24:50,2023-09-16 22:36:26,UTC-04:00,Consumed caffeine?,false,
2023-09-15 22:24:50,2023-09-16 22:36:26,UTC-04:00,Viewed a screen device in bed?,false,
2023-09-15 22:24:50,2023-09-16 22:36:26,UTC-04:00,Have an injury or wound?,false,
2023-09-15 22:24:50,2023-09-16 22:36:26,UTC-04:00,Took prescription sleep medication?,false,
2023-09-14 23:18:37,2023-09-15 22:24:50,UTC-04:00,Read (non-screened device) while in bed?,false,
2023-09-14 23:18:37,2023-09-15 22:24:50,UTC-04:00,Shared your bed?,false,
2023-09-14 23:18:37,2023-09-15 22:24:50,UTC-04:00,Feeling sick or ill?,true,
2023-09-14 23:18:37,2023-09-15 22:24:50,UTC-04:00,Have any alcoholic drinks?,false,
2023-09-14 23:18:37,2023-09-15 22:24:50,UTC-04:00,Consumed caffeine?,false,
2023-09-14 23:18:37,2023-09-15 22:24:50,UTC-04:00,Viewed a screen device in bed?,false,
2023-09-14 23:18:37,2023-09-15 22:24:50,UTC-04:00,Have an injury or wound?,false,
2023-09-14 23:18:37,2023-09-15 22:24:50,UTC-04:00,Took prescription sleep medication?,false,
2023-09-13 22:20:43,2023-09-14 23:18:37,UTC-04:00,Read (non-screened device) while in bed?,false,
2023-09-13 22:20:43,2023-09-14 23:18:37,UTC-04:00,Shared your bed?,false,
2023-09-13 22:20:43,2023-09-14 23:18:37,UTC-04:00,Feeling sick or ill?,false,
2023-09-13 22:20:43,2023-09-14 23:18:37,UTC-04:00,Have any alcoholic drinks?,false,
2023-09-13 22:20:43,2023-09-14 23:18:37,UTC-04:00,Consumed caffeine?,false,
2023-09-13 22:20:43,2023-09-14 23:18:37,UTC-04:00,Viewed a screen device in bed?,false,
2023-09-13 22:20:43,2023-09-14 23:18:37,UTC-04:00,Have an injury or wound?,false,
2023-09-13 22:20:43,2023-09-14 23:18:37,UTC-04:00,Took prescription sleep medication?,false,
2026-09-13 00:02:22,2026-09-13 22:26:28,UTC-04:00,Shared your bed?,false,
2026-09-13 00:02:22,2026-09-13 22:26:28,UTC-04:00,Feeling sick or ill?,false,
2026-09-13 00:02:22,2026-09-13 22:26:28,UTC-04:00,Read (non-screened device) while in bed?,false,
2026-09-13 00:02:22,2026-09-13 22:26:28,UTC-04:00,Viewed a screen device in bed?,false,
2026-09-13 00:02:22,2026-09-13 22:26:28,UTC-04:00,Have any alcoholic drinks?,false,
2023-09-12 23:15:59,2023-09-13 22:20:43,UTC-04:00,Have an injury or wound?,false,
2023-09-12 23:15:59,2023-09-13 22:20:43,UTC-04:00,Have any alcoholic drinks?,true,
2023-09-12 23:15:59,2023-09-13 22:20:43,UTC-04:00,Viewed a screen device in bed?,true,
2023-09-12 23:15:59,2023-09-13 22:20:43,UTC-04:00,Consumed caffeine?,true,
2023-09-12 23:15:59,2023-09-13 22:20:43,UTC-04:00,Shared your bed?,false,
2023-09-12 23:15:59,2023-09-13 22:20:43,UTC-04:00,Feeling sick or ill?,false,
2023-09-12 23:15:59,2023-09-13 22:20:43,UTC-04:00,Read (non-screened device) while in bed?,false,
2023-09-12 23:15:59,2023-09-13 22:20:43,UTC-04:00,Took prescription sleep medication?,false,
2023-09-12 00:48:38,2023-09-12 23:15:59,UTC-04:00,Read (non-screened device) while in bed?,false,
2023-09-12 00:48:38,2023-09-12 23:15:59,UTC-04:00,Shared your bed?,false,
2023-09-12 00:48:38,2023-09-12 23:15:59,UTC-04:00,Have any alcoholic drinks?,true,
2023-09-12 00:48:38,2023-09-12 23:15:59,UTC-04:00,Consumed caffeine?,true,
2023-09-12 00:48:38,2023-09-12 23:15:59,UTC-04:00,Viewed a screen device in bed?,true,
2023-09-12 00:48:38,2023-09-12 23:15:59,UTC-04:00,Have an injury or wound?,false,
2023-09-12 00:48:38,2023-09-12 23:15:59,UTC-04:00,Took prescription sleep medication?,false,
2023-09-12 00:48:38,2023-09-12 23:15:59,UTC-04:00,Feeling sick or ill?,false,
2023-09-10 22:21:59,2023-09-12 00:48:38,UTC-04:00,Have any alcoholic drinks?,false,
2023-09-10 22:21:59,2023-09-12 00:48:38,UTC-04:00,Consumed caffeine?,true,
2023-09-10 22:21:59,2023-09-12 00:48:38,UTC-04:00,Viewed a screen device in bed?,true,
2023-09-10 22:21:59,2023-09-12 00:48:38,UTC-04:00,Have an injury or wound?,false,
2023-09-10 22:21:59,2023-09-12 00:48:38,UTC-04:00,Took prescription sleep medication?,false,
2023-09-10 22:21:59,2023-09-12 00:48:38,UTC-04:00,Read (non-screened device) while in bed?,false,
2023-09-10 22:21:59,2023-09-12 00:48:38,UTC-04:00,Shared your bed?,false,
2023-09-10 22:21:59,2023-09-12 00:48:38,UTC-04:00,Feeling sick or ill?,false,
2023-09-09 23:54:42,2023-09-10 22:21:59,UTC-04:00,Took prescription sleep medication?,false,
2023-09-09 23:54:42,2023-09-10 22:21:59,UTC-04:00,Have an injury or wound?,false,
2023-09-09 23:54:42,2023-09-10 22:21:59,UTC-04:00,Viewed a screen device in bed?,true,
2023-09-09 23:54:42,2023-09-10 22:21:59,UTC-04:00,Consumed caffeine?,true,
2023-09-09 23:54:42,2023-09-10 22:21:59,UTC-04:00,Have any alcoholic drinks?,false,
2023-09-09 23:54:42,2023-09-10 22:21:59,UTC-04:00,Read (non-screened device) while in bed?,false,
2023-09-09 23:54:42,2023-09-10 22:21:59,UTC-04:00,Shared your bed?,false,
2023-09-09 23:54:42,2023-09-10 22:21:59,UTC-04:00,Feeling sick or ill?,false,
2026-09-11 22:09:19,2026-09-13 00:02:22,UTC-04:00,Read (non-screened device) while in bed?,false,
2026-09-11 22:09:19,2026-09-13 00:02:22,UTC-04:00,Have any alcoholic drinks?,true,
2026-09-11 22:09:19,2026-09-13 00:02:22,UTC-04:00,Viewed a screen device in bed?,false,
2026-09-11 22:09:19,2026-09-13 00:02:22,UTC-04:00,Feeling sick or ill?,false,
2026-09-11 22:09:19,2026-09-13 00:02:22,UTC-04:00,Shared your bed?,false,
2023-09-09 00:48:19,2023-09-09 23:54:42,UTC-04:00,Read (non-screened device) while in bed?,false,
2023-09-09 00:48:19,2023-09-09 23:54:42,UTC-04:00,Shared your bed?,false,
2023-09-09 00:48:19,2023-09-09 23:54:42,UTC-04:00,Feeling sick or ill?,true,
2023-09-09 00:48:19,2023-09-09 23:54:42,UTC-04:00,Have any alcoholic drinks?,true,
2023-09-09 00:48:19,2023-09-09 23:54:42,UTC-04:00,Consumed caffeine?,true,
2023-09-09 00:48:19,2023-09-09 23:54:42,UTC-04:00,Viewed a screen device in bed?,false,
2023-09-09 00:48:19,2023-09-09 23:54:42,UTC-04:00,Have an injury or wound?,false,
2023-09-09 00:48:19,2023-09-09 23:54:42,UTC-04:00,Took prescription sleep medication?,false,
2023-09-07 22:56:44,2023-09-09 00:48:19,UTC-04:00,Read (non-screened device) while in bed?,false,
2023-09-07 22:56:44,2023-09-09 00:48:19,UTC-04:00,Shared your bed?,false,
2023-09-07 22:56:44,2023-09-09 00:48:19,UTC-04:00,Feeling sick or ill?,true,
2023-09-07 22:56:44,2023-09-09 00:48:19,UTC-04:00,Have any alcoholic drinks?,true,
2023-09-07 22:56:44,2023-09-09 00:48:19,UTC-04:00,Consumed caffeine?,true,
2023-09-07 22:56:44,2023-09-09 00:48:19,UTC-04:00,Viewed a screen device in bed?,false,
2023-09-07 22:56:44,2023-09-09 00:48:19,UTC-04:00,Have an injury or wound?,false,
2023-09-07 22:56:44,2023-09-09 00:48:19,UTC-04:00,Took prescription sleep medication?,false,
2023-09-06 23:15:26,2023-09-07 22:56:44,UTC-04:00,Read (non-screened device) while in bed?,false,
2023-09-06 23:15:26,2023-09-07 22:56:44,UTC-04:00,Shared your bed?,false,
2023-09-06 23:15:26,2023-09-07 22:56:44,UTC-04:00,Feeling sick or ill?,true,
2023-09-06 23:15:26,2023-09-07 22:56:44,UTC-04:00,Have any alcoholic drinks?,true,
2023-09-06 23:15:26,2023-09-07 22:56:44,UTC-04:00,Consumed caffeine?,true,
2023-09-06 23:15:26,2023-09-07 22:56:44,UTC-04:00,Viewed a screen device in bed?,false,
2023-09-06 23:15:26,2023-09-07 22:56:44,UTC-04:00,Have an injury or wound?,false,
2023-09-06 23:15:26,2023-09-07 22:56:44,UTC-04:00,Took prescription sleep medication?,false,
2023-09-05 00:00:00,2023-09-05 23:24:47,UTC-04:00,Consumed caffeine?,true,
2023-09-05 00:00:00,2023-09-05 23:24:47,UTC-04:00,Feeling sick or ill?,true,
2023-09-05 00:00:00,2023-09-05 23:24:47,UTC-04:00,Shared your bed?,false,
2023-09-05 00:00:00,2023-09-05 23:24:47,UTC-04:00,Read (non-screened device) while in bed?,false,
2023-09-05 00:00:00,2023-09-05 23:24:47,UTC-04:00,Took prescription sleep medication?,false,
2023-09-05 00:00:00,2023-09-05 23:24:47,UTC-04:00,Have an injury or wound?,false,
2023-09-05 00:00:00,2023-09-05 23:24:47,UTC-04:00,Viewed a screen device in bed?,false,
2023-09-05 00:00:00,2023-09-05 23:24:47,UTC-04:00,Have any alcoholic drinks?,true,
2026-09-10 22:09:19,2026-09-11 22:09:19,UTC-04:00,Feeling sick or ill?,false,
2026-09-10 22:09:19,2026-09-11 22:09:19,UTC-04:00,Shared your bed?,false,
2026-09-10 22:09:19,2026-09-11 22:09:19,UTC-04:00,Viewed a screen device in bed?,false,
2026-09-10 22:09:19,2026-09-11 22:09:19,UTC-04:00,Have any alcoholic drinks?,false,
2026-09-10 22:09:19,2026-09-11 22:09:19,UTC-04:00,Read (non-screened device) while in bed?,false,
2026-09-09 22:39:22,2026-09-10 22:09:19,UTC-04:00,Shared your bed?,false,
2026-09-09 22:39:22,2026-09-10 22:09:19,UTC-04:00,Viewed a screen device in bed?,false,
2026-09-09 22:39:22,2026-09-10 22:09:19,UTC-04:00,Read (non-screened device) while in bed?,false,
2026-09-09 22:39:22,2026-09-10 22:09:19,UTC-04:00,Have any alcoholic drinks?,false,
2026-09-09 22:39:22,2026-09-10 22:09:19,UTC-04:00,Feeling sick or ill?,false,
2026-09-08 22:34:25,2026-09-09 22:39:22,UTC-04:00,Shared your bed?,false,
2026-09-08 22:34:25,2026-09-09 22:39:22,UTC-04:00,Read (non-screened device) while in bed?,false,
2026-09-08 22:34:25,2026-09-09 22:39:22,UTC-04:00,Viewed a screen device in bed?,false,
2026-09-08 22:34:25,2026-09-09 22:39:22,UTC-04:00,Have any alcoholic drinks?,false,
2026-09-08 22:34:25,2026-09-09 22:39:22,UTC-04:00,Feeling sick or ill?,false,
2026-09-08 00:45:33,2026-09-08 22:34:25,UTC-04:00,Feeling sick or ill?,false,
2026-09-08 00:45:33,2026-09-08 22:34:25,UTC-04:00,Shared your bed?,false,
2026-09-08 00:45:33,2026-09-08 22:34:25,UTC-04:00,Read (non-screened device) while in bed?,false,
2026-09-08 00:45:33,2026-09-08 22:34:25,UTC-04:00,Viewed a screen device in bed?,false,
2026-09-08 00:45:33,2026-09-08 22:34:25,UTC-04:00,Have any alcoholic drinks?,false,
2026-09-07 00:00:00,2026-09-08 00:45:33,UTC-04:00,Feeling sick or ill?,false,
2026-09-07 00:00:00,2026-09-08 00:45:33,UTC-04:00,Have any alcoholic drinks?,false,
2026-09-07 00:00:00,2026-09-08 00:45:33,UTC-04:00,Viewed a screen device in bed?,false,
2026-09-07 00:00:00,2026-09-08 00:45:33,UTC-04:00,Shared your bed?,false,
2026-09-07 00:00:00,2026-09-08 00:45:33,UTC-04:00,Read (non-screened device) while in bed?,false,
2026-09-05 23:04:47,2026-09-07 00:00:00,UTC-04:00,Read (non-screened device) while in bed?,false,
2026-09-05 23:04:47,2026-09-07 00:00:00,UTC-04:00,Have any alcoholic drinks?,false,
2026-09-05 23:04:47,2026-09-07 00:00:00,UTC-04:00,Shared your bed?,false,
2026-09-05 23:04:47,2026-09-07 00:00:00,UTC-04:00,Feeling sick or ill?,false,
2026-09-05 23:04:47,2026-09-07 00:00:00,UTC-04:00,Viewed a screen device in bed?,false,
2026-09-04 23:44:37,2026-09-05 23:04:47,UTC-04:00,Read (non-screened device) while in bed?,false,
2026-09-04 23:44:37,2026-09-05 23:04:47,UTC-04:00,Have any alcoholic drinks?,false,
2026-09-04 23:44:37,2026-09-05 23:04:47,UTC-04:00,Viewed a screen device in bed?,false,
2026-09-04 23:44:37,2026-09-05 23:04:47,UTC-04:00,Shared your bed?,false,
2026-09-04 23:44:37,2026-09-05 23:04:47,UTC-04:00,Feeling sick or ill?,false,
2026-09-04 00:43:04,2026-09-04 23:44:37,UTC-04:00,Have any alcoholic drinks?,true,
2026-09-04 00:43:04,2026-09-04 23:44:37,UTC-04:00,Feeling sick or ill?,false,
2026-09-04 00:43:04,2026-09-04 23:44:37,UTC-04:00,Shared your bed?,false,
2026-09-04 00:43:04,2026-09-04 23:44:37,UTC-04:00,Read (non-screened device) while in bed?,false,
2026-09-04 00:43:04,2026-09-04 23:44:37,UTC-04:00,Viewed a screen device in bed?,false,
2026-09-02 23:39:52,2026-09-04 00:43:04,UTC-04:00,Read (non-screened device) while in bed?,false,
2026-09-02 23:39:52,2026-09-04 00:43:04,UTC-04:00,Feeling sick or ill?,false,
2026-09-02 23:39:52,2026-09-04 00:43:04,UTC-04:00,Shared your bed?,false,
2026-09-02 23:39:52,2026-09-04 00:43:04,UTC-04:00,Have any alcoholic drinks?,false,
2026-09-02 23:39:52,2026-09-04 00:43:04,UTC-04:00,Viewed a screen device in bed?,false,
2026-09-01 23:43:01,2026-09-02 23:39:52,UTC-04:00,Have any alcoholic drinks?,false,
2026-09-01 23:43:01,2026-09-02 23:39:52,UTC-04:00,Feeling sick or ill?,false,
2026-09-01 23:43:01,2026-09-02 23:39:52,UTC-04:00,Shared your bed?,true,
2026-09-01 23:43:01,2026-09-02 23:39:52,UTC-04:00,Read (non-screened device) while in bed?,false,
2026-09-01 23:43:01,2026-09-02 23:39:52,UTC-04:00,Viewed a screen device in bed?,false,
2026-08-31 23:22:19,2026-09-01 23:43:01,UTC-04:00,Have any alcoholic drinks?,false,
2026-08-31 23:22:19,2026-09-01 23:43:01,UTC-04:00,Feeling sick or ill?,false,
2026-08-31 23:22:19,2026-09-01 23:43:01,UTC-04:00,Shared your bed?,false,
2026-08-31 23:22:19,2026-09-01 23:43:01,UTC-04:00,Read (non-screened device) while in bed?,false,
2026-08-31 23:22:19,2026-09-01 23:43:01,UTC-04:00,Viewed a screen device in bed?,false,
2026-08-31 00:59:16,2026-08-31 23:22:19,UTC-04:00,Viewed a screen device in bed?,false,
2026-08-31 00:59:16,2026-08-31 23:22:19,UTC-04:00,Feeling sick or ill?,false,
2026-08-31 00:59:16,2026-08-31 23:22:19,UTC-04:00,Shared your bed?,false,
2026-08-31 00:59:16,2026-08-31 23:22:19,UTC-04:00,Read (non-screened device) while in bed?,false,
2026-08-31 00:59:16,2026-08-31 23:22:19,UTC-04:00,Have any alcoholic drinks?,false,
2026-08-30 00:36:33,2026-08-31 00:59:16,UTC-04:00,Read (non-screened device) while in bed?,false,
2026-08-30 00:36:33,2026-08-31 00:59:16,UTC-04:00,Shared your bed?,false,
2026-08-30 00:36:33,2026-08-31 00:59:16,UTC-04:00,Feeling sick or ill?,false,
2026-08-30 00:36:33,2026-08-31 00:59:16,UTC-04:00,Have any alcoholic drinks?,true,
2026-08-30 00:36:33,2026-08-31 00:59:16,UTC-04:00,Viewed a screen device in bed?,false,
2026-08-29 00:25:58,2026-08-30 00:36:33,UTC-04:00,Shared your bed?,false,
2026-08-29 00:25:58,2026-08-30 00:36:33,UTC-04:00,Have any alcoholic drinks?,true,
2026-08-29 00:25:58,2026-08-30 00:36:33,UTC-04:00,Viewed a screen device in bed?,false,
2026-08-29 00:25:58,2026-08-30 00:36:33,UTC-04:00,Read (non-screened device) while in bed?,false,
2026-08-29 00:25:58,2026-08-30 00:36:33,UTC-04:00,Feeling sick or ill?,false,
2026-08-28 00:21:56,2026-08-29 00:25:58,UTC-04:00,Viewed a screen device in bed?,false,
2026-08-28 00:21:56,2026-08-29 00:25:58,UTC-04:00,Have any alcoholic drinks?,true,
2026-08-28 00:21:56,2026-08-29 00:25:58,UTC-04:00,Feeling sick or ill?,false,
2026-08-28 00:21:56,2026-08-29 00:25:58,UTC-04:00,Shared your bed?,true,
2026-08-28 00:21:56,2026-08-29 00:25:58,UTC-04:00,Read (non-screened device) while in bed?,false,
2026-08-26 23:21:25,2026-08-28 00:21:56,UTC-04:00,Shared your bed?,true,
2026-08-26 23:21:25,2026-08-28 00:21:56,UTC-04:00,Viewed a screen device in bed?,false,
2026-08-26 23:21:25,2026-08-28 00:21:56,UTC-04:00,Read (non-screened device) while in bed?,false,
2026-08-26 23:21:25,2026-08-28 00:21:56,UTC-04:00,Have any alcoholic drinks?,true,
2026-08-26 23:21:25,2026-08-28 00:21:56,UTC-04:00,Feeling sick or ill?,false,
2026-08-25 22:45:47,2026-08-26 23:21:25,UTC-04:00,Feeling sick or ill?,false,
2026-08-25 22:45:47,2026-08-26 23:21:25,UTC-04:00,Viewed a screen device in bed?,false,
2026-08-25 22:45:47,2026-08-26 23:21:25,UTC-04:00,Have any alcoholic drinks?,false,
2026-08-25 22:45:47,2026-08-26 23:21:25,UTC-04:00,Read (non-screened device) while in bed?,false,
2026-08-25 22:45:47,2026-08-26 23:21:25,UTC-04:00,Shared your bed?,false,
2026-08-25 00:21:16,2026-08-25 22:45:47,UTC-04:00,Have any alcoholic drinks?,false,
2026-08-25 00:21:16,2026-08-25 22:45:47,UTC-04:00,Feeling sick or ill?,false,
2026-08-25 00:21:16,2026-08-25 22:45:47,UTC-04:00,Shared your bed?,false,
2026-08-25 00:21:16,2026-08-25 22:45:47,UTC-04:00,Read (non-screened device) while in bed?,false,
2026-08-25 00:21:16,2026-08-25 22:45:47,UTC-04:00,Viewed a screen device in bed?,false,
2026-08-23 23:38:10,2026-08-25 00:21:16,UTC-04:00,Feeling sick or ill?,false,
2026-08-23 23:38:10,2026-08-25 00:21:16,UTC-04:00,Have any alcoholic drinks?,false,
2026-08-23 23:38:10,2026-08-25 00:21:16,UTC-04:00,Viewed a screen device in bed?,false,
2026-08-23 23:38:10,2026-08-25 00:21:16,UTC-04:00,Read (non-screened device) while in bed?,false,
2026-08-23 23:38:10,2026-08-25 00:21:16,UTC-04:00,Shared your bed?,false,
2026-08-23 01:46:01,2026-08-23 23:38:10,UTC-04:00,Feeling sick or ill?,false,
2026-08-23 01:46:01,2026-08-23 23:38:10,UTC-04:00,Have any alcoholic drinks?,true,
2026-08-23 01:46:01,2026-08-23 23:38:10,UTC-04:00,Viewed a screen device in bed?,false,
2026-08-23 01:46:01,2026-08-23 23:38:10,UTC-04:00,Read (non-screened device) while in bed?,false,
2026-08-23 01:46:01,2026-08-23 23:38:10,UTC-04:00,Shared your bed?,false,
2026-08-21 23:28:01,2026-08-23 01:46:01,UTC-04:00,Read (non-screened device) while in bed?,false,
2026-08-21 23:28:01,2026-08-23 01:46:01,UTC-04:00,Have any alcoholic drinks?,false,
2026-08-21 23:28:01,2026-08-23 01:46:01,UTC-04:00,Viewed a screen device in bed?,false,
2026-08-21 23:28:01,2026-08-23 01:46:01,UTC-04:00,Shared your bed?,false,
2026-08-21 23:28:01,2026-08-23 01:46:01,UTC-04:00,Feeling sick or ill?,false,
2026-08-20 23:58:27,2026-08-21 23:28:01,UTC-04:00,Feeling sick or ill?,false,
2026-08-20 23:58:27,2026-08-21 23:28:01,UTC-04:00,Have any alcoholic drinks?,false,
2026-08-20 23:58:27,2026-08-21 23:28:01,UTC-04:00,Viewed a screen device in bed?,false,
2026-08-20 23:58:27,2026-08-21 23:28:01,UTC-04:00,Read (non-screened device) while in bed?,false,
2026-08-20 23:58:27,2026-08-21 23:28:01,UTC-04:00,Shared your bed?,false,
2026-08-20 00:09:40,2026-08-20 23:58:27,UTC-04:00,Shared your bed?,false,
2026-08-20 00:09:40,2026-08-20 23:58:27,UTC-04:00,Have any alcoholic drinks?,false,
2026-08-20 00:09:40,2026-08-20 23:58:27,UTC-04:00,Viewed a screen device in bed?,false,
2026-08-20 00:09:40,2026-08-20 23:58:27,UTC-04:00,Read (non-screened device) while in bed?,false,
2026-08-20 00:09:40,2026-08-20 23:58:27,UTC-04:00,Feeling sick or ill?,false,
2026-08-18 23:03:51,2026-08-20 00:09:40,UTC-04:00,Shared your bed?,true,
2026-08-18 23:03:51,2026-08-20 00:09:40,UTC-04:00,Have any alcoholic drinks?,false,
2026-08-18 23:03:51,2026-08-20 00:09:40,UTC-04:00,Viewed a screen device in bed?,false,
2026-08-18 23:03:51,2026-08-20 00:09:40,UTC-04:00,Read (non-screened device) while in bed?,false,
2026-08-18 23:03:51,2026-08-20 00:09:40,UTC-04:00,Feeling sick or ill?,false,
2026-08-18 00:04:38,2026-08-18 23:03:51,UTC-04:00,Shared your bed?,false,
2026-08-18 00:04:38,2026-08-18 23:03:51,UTC-04:00,Have any alcoholic drinks?,false,
2026-08-18 00:04:38,2026-08-18 23:03:51,UTC-04:00,Viewed a screen device in bed?,false,
2026-08-18 00:04:38,2026-08-18 23:03:51,UTC-04:00,Read (non-screened device) while in bed?,false,
2026-08-18 00:04:38,2026-08-18 23:03:51,UTC-04:00,Feeling sick or ill?,false,
2026-08-17 00:11:26,2026-08-18 00:04:38,UTC-04:00,Shared your bed?,true,
2026-08-17 00:11:26,2026-08-18 00:04:38,UTC-04:00,Have any alcoholic drinks?,false,
2026-08-17 00:11:26,2026-08-18 00:04:38,UTC-04:00,Viewed a screen device in bed?,false,
2026-08-17 00:11:26,2026-08-18 00:04:38,UTC-04:00,Read (non-screened device) while in bed?,false,
2026-08-17 00:11:26,2026-08-18 00:04:38,UTC-04:00,Feeling sick or ill?,false,
2026-08-16 00:44:12,2026-08-17 00:11:26,UTC-04:00,Shared your bed?,false,
2026-08-16 00:44:12,2026-08-17 00:11:26,UTC-04:00,Have any alcoholic drinks?,true,
2026-08-16 00:44:12,2026-08-17 00:11:26,UTC-04:00,Viewed a screen device in bed?,false,
2026-08-16 00:44:12,2026-08-17 00:11:26,UTC-04:00,Read (non-screened device) while in bed?,false,
2026-08-16 00:44:12,2026-08-17 00:11:26,UTC-04:00,Feeling sick or ill?,false,
2026-08-15 00:50:41,2026-08-16 00:44:12,UTC-04:00,Shared your bed?,false,
2026-08-15 00:50:41,2026-08-16 00:44:12,UTC-04:00,Have any alcoholic drinks?,true,
2026-08-15 00:50:41,2026-08-16 00:44:12,UTC-04:00,Viewed a screen device in bed?,false,
2026-08-15 00:50:41,2026-08-16 00:44:12,UTC-04:00,Read (non-screened device) while in bed?,false,
2026-08-15 00:50:41,2026-08-16 00:44:12,UTC-04:00,Feeling sick or ill?,false,
2026-08-13 23:46:05,2026-08-15 00:50:41,UTC-04:00,Shared your bed?,false,
2026-08-13 23:46:05,2026-08-15 00:50:41,UTC-04:00,Have any alcoholic drinks?,false,
2026-08-13 23:46:05,2026-08-15 00:50:41,UTC-04:00,Viewed a screen device in bed?,false,
2026-08-13 23:46:05,2026-08-15 00:50:41,UTC-04:00,Read (non-screened device) while in bed?,false,
2026-08-13 23:46:05,2026-08-15 00:50:41,UTC-04:00,Feeling sick or ill?,false,
2026-08-12 23:25:51,2026-08-13 23:46:05,UTC-04:00,Viewed a screen device in bed?,false,
2026-08-12 23:25:51,2026-08-13 23:46:05,UTC-04:00,Feeling sick or ill?,false,
2026-08-12 23:25:51,2026-08-13 23:46:05,UTC-04:00,Shared your bed?,false,
2026-08-12 23:25:51,2026-08-13 23:46:05,UTC-04:00,Read (non-screened device) while in bed?,false,
2026-08-12 23:25:51,2026-08-13 23:46:05,UTC-04:00,Have any alcoholic drinks?,false,
2026-08-11 22:55:37,2026-08-12 23:25:51,UTC-04:00,Read (non-screened device) while in bed?,false,
2026-08-11 22:55:37,2026-08-12 23:25:51,UTC-04:00,Have any alcoholic drinks?,false,
2026-08-11 22:55:37,2026-08-12 23:25:51,UTC-04:00,Feeling sick or ill?,false,
2026-08-11 22:55:37,2026-08-12 23:25:51,UTC-04:00,Viewed a screen device in bed?,false,
2026-08-11 22:55:37,2026-08-12 23:25:51,UTC-04:00,Shared your bed?,false,
2026-08-10 23:09:08,2026-08-11 22:55:37,UTC-04:00,Feeling sick or ill?,false,
2026-08-10 23:09:08,2026-08-11 22:55:37,UTC-04:00,Have any alcoholic drinks?,false,
2026-08-10 23:09:08,2026-08-11 22:55:37,UTC-04:00,Viewed a screen device in bed?,false,
2026-08-10 23:09:08,2026-08-11 22:55:37,UTC-04:00,Read (non-screened device) while in bed?,false,
2026-08-10 23:09:08,2026-08-11 22:55:37,UTC-04:00,Shared your bed?,false,
2026-08-10 00:08:34,2026-08-10 23:09:08,UTC-04:00,Have any alcoholic drinks?,true,
2026-08-10 00:08:34,2026-08-10 23:09:08,UTC-04:00,Viewed a screen device in bed?,false,
2026-08-10 00:08:34,2026-08-10 23:09:08,UTC-04:00,Read (non-screened device) while in bed?,false,
2026-08-10 00:08:34,2026-08-10 23:09:08,UTC-04:00,Shared your bed?,false,
2026-08-10 00:08:34,2026-08-10 23:09:08,UTC-04:00,Feeling sick or ill?,false,
2026-08-09 00:08:28,2026-08-10 00:08:34,UTC-04:00,Have any alcoholic drinks?,false,
2026-08-09 00:08:28,2026-08-10 00:08:34,UTC-04:00,Viewed a screen device in bed?,false,
2026-08-09 00:08:28,2026-08-10 00:08:34,UTC-04:00,Read (non-screened device) while in bed?,false,
2026-08-09 00:08:28,2026-08-10 00:08:34,UTC-04:00,Shared your bed?,false,
2026-08-09 00:08:28,2026-08-10 00:08:34,UTC-04:00,Feeling sick or ill?,false,
2026-08-07 23:51:53,2026-08-09 00:08:28,UTC-04:00,Read (non-screened device) while in bed?,false,
2026-08-07 23:51:53,2026-08-09 00:08:28,UTC-04:00,Feeling sick or ill?,false,
2026-08-07 23:51:53,2026-08-09 00:08:28,UTC-04:00,Shared your bed?,false,
2026-08-07 23:51:53,2026-08-09 00:08:28,UTC-04:00,Viewed a screen device in bed?,false,
2026-08-07 23:51:53,2026-08-09 00:08:28,UTC-04:00,Have any alcoholic drinks?,false,
2026-08-07 00:48:04,2026-08-07 23:51:53,UTC-04:00,Viewed a screen device in bed?,false,
2026-08-07 00:48:04,2026-08-07 23:51:53,UTC-04:00,Read (non-screened device) while in bed?,false,
2026-08-07 00:48:04,2026-08-07 23:51:53,UTC-04:00,Shared your bed?,false,
2026-08-07 00:48:04,2026-08-07 23:51:53,UTC-04:00,Feeling sick or ill?,false,
2026-08-07 00:48:04,2026-08-07 23:51:53,UTC-04:00,Have any alcoholic drinks?,false,
2026-08-05 23:46:27,2026-08-07 00:48:04,UTC-04:00,Feeling sick or ill?,false,
2026-08-05 23:46:27,2026-08-07 00:48:04,UTC-04:00,Have any alcoholic drinks?,false,
2026-08-05 23:46:27,2026-08-07 00:48:04,UTC-04:00,Viewed a screen device in bed?,false,
2026-08-05 23:46:27,2026-08-07 00:48:04,UTC-04:00,Read (non-screened device) while in bed?,false,
2026-08-05 23:46:27,2026-08-07 00:48:04,UTC-04:00,Shared your bed?,false,
2026-08-04 22:58:48,2026-08-05 23:46:27,UTC-04:00,Viewed a screen device in bed?,false,
2026-08-04 22:58:48,2026-08-05 23:46:27,UTC-04:00,Shared your bed?,false,
2026-08-04 22:58:48,2026-08-05 23:46:27,UTC-04:00,Feeling sick or ill?,false,
2026-08-04 22:58:48,2026-08-05 23:46:27,UTC-04:00,Have any alcoholic drinks?,false,
2026-08-04 22:58:48,2026-08-05 23:46:27,UTC-04:00,Read (non-screened device) while in bed?,false,
2026-08-03 23:16:19,2026-08-04 22:58:48,UTC-04:00,Viewed a screen device in bed?,false,
2026-08-03 23:16:19,2026-08-04 22:58:48,UTC-04:00,Feeling sick or ill?,false,
2026-08-03 23:16:19,2026-08-04 22:58:48,UTC-04:00,Shared your bed?,false,
2026-08-03 23:16:19,2026-08-04 22:58:48,UTC-04:00,Have any alcoholic drinks?,false,
2026-08-03 23:16:19,2026-08-04 22:58:48,UTC-04:00,Read (non-screened device) while in bed?,false,
