Cycle start time,Cycle end time,Cycle timezone,Recovery score %,Resting heart rate (bpm),Heart rate variability (ms),Skin temp (celsius),Blood oxygen %,Day Strain,Energy burned (cal),Max HR (bpm),Average HR (bpm),Sleep onset,Wake onset,Sleep performance %,Respiratory rate (rpm),Asleep duration (min),In bed duration (min),Light sleep duration (min),Deep (SWS) duration (min),REM duration (min),Awake duration (min),Sleep need (min),Sleep debt (min),Sleep efficiency %,Sleep consistency %
2026-09-16 22:48:09,,UTC-04:00,74,56,123,35.31,97.20,,,,,2026-09-16 22:48:09,2026-09-17 08:29:58,95,15.4,557,581,351,77,129,24,451,0,95,84
2026-09-15 23:36:25,2026-09-16 22:48:09,UTC-04:00,70,54,117,35.24,94.75,4.3,1341,111,67,2026-09-15 23:36:25,2026-09-16 08:10:00,92,15.4,488,513,282,75,131,25,451,0,95,80
2026-09-14 22:57:46,2026-09-15 23:36:25,UTC-04:00,55,59,95,34.99,96.16,4.1,1415,117,65,2026-09-14 22:57:46,2026-09-15 08:51:08,86,15.6,585,593,406,89,90,8,475,0,98,70
2026-09-13 22:26:28,2026-09-14 22:57:46,UTC-04:00,67,53,112,34.96,94.71,13.5,1858,177,71,2026-09-13 22:26:28,2026-09-14 07:30:00,85,15.9,514,543,328,55,131,29,460,0,96,68
2026-09-13 00:02:22,2026-09-13 22:26:28,UTC-04:00,59,58,101,35.60,96.13,10.1,1376,136,70,2026-09-13 00:02:22,2026-09-13 08:15:18,83,16.1,461,492,207,104,150,31,362,0,94,58
2026-09-11 22:09:19,2026-09-13 00:02:22,UTC-04:00,,,,,,7.4,1232,142,78,,,,,,,,,,,,,,
2026-09-10 22:09:19,2026-09-11 22:09:19,UTC-04:00,90,53,146,34.64,95.00,14.0,1699,169,67,2026-09-10 22:09:19,2026-09-11 08:57:11,84,15.8,615,647,392,73,150,32,460,0,95,65
2026-09-09 22:39:22,2026-09-10 22:09:19,UTC-04:00,72,56,120,35.56,98.66,10.0,1423,143,66,2026-09-09 22:39:22,2026-09-10 07:54:38,83,15.6,540,555,332,72,136,15,451,0,97,60
2026-09-08 22:34:25,2026-09-09 22:39:22,UTC-04:00,68,61,109,35.03,95.29,4.4,1400,117,65,2026-09-08 22:34:25,2026-09-09 08:29:42,78,16.7,547,595,347,74,126,48,405,16,92,42
2026-09-08 00:45:33,2026-09-08 22:34:25,UTC-04:00,79,57,139,35.07,96.08,4.8,1279,125,67,2026-09-08 00:45:33,2026-09-08 08:13:02,80,16.3,417,447,254,68,95,30,451,0,94,53
2026-09-07 00:00:00,2026-09-08 00:45:33,UTC-04:00,,,,,,4.5,1057,116,80,,,,,,,,,,,,,,
2026-09-05 23:04:47,2026-09-07 00:00:00,UTC-04:00,57,56,111,35.33,97.82,6.1,1350,143,75,2026-09-05 23:04:47,2026-09-06 07:57:38,90,15.5,509,532,308,81,120,23,472,0,95,78
2026-09-04 23:44:37,2026-09-05 23:04:47,UTC-04:00,78,57,138,35.36,96.88,12.9,1539,157,70,2026-09-04 23:44:37,2026-09-05 08:35:05,97,15.6,496,530,315,61,120,34,465,14,95,89
2026-09-04 00:43:04,2026-09-04 23:44:37,UTC-04:00,36,63,80,35.15,93.83,4.0,1328,106,66,2026-09-04 00:43:04,2026-09-04 08:59:59,82,16.2,460,496,302,53,105,36,490,0,92,85
2026-09-02 23:39:52,2026-09-04 00:43:04,UTC-04:00,62,51,114,35.17,97.05,15.7,1946,172,73,2026-09-02 23:39:52,2026-09-03 08:59:24,100,15.5,545,559,280,89,176,14,451,0,97,90
2026-09-01 23:43:01,2026-09-02 23:39:52,UTC-04:00,60,57,117,34.80,98.16,4.1,1386,117,63,2026-09-01 23:43:01,2026-09-02 08:59:44,96,16.1,502,556,288,79,135,54,475,0,90,86
2026-08-31 23:22:19,2026-09-01 23:43:01,UTC-04:00,65,57,132,34.73,95.29,13.4,1762,171,70,2026-08-31 23:22:19,2026-09-01 09:00:02,87,16.1,542,577,322,84,136,35,468,17,94,77
2026-08-31 00:59:16,2026-08-31 23:22:19,UTC-04:00,78,54,146,35.52,97.30,4.5,1297,112,66,2026-08-31 00:59:16,2026-08-31 08:22:26,93,15.9,424,443,282,73,69,19,451,0,97,86
2026-08-30 00:36:33,2026-08-31 00:59:16,UTC-04:00,40,60,84,35.13,97.05,4.3,1419,121,70,2026-08-30 00:36:33,2026-08-30 09:32:10,92,16.1,515,535,294,57,164,20,460,4,97,81
2026-08-29 00:25:58,2026-08-30 00:36:33,UTC-04:00,38,62,83,34.88,98.75,8.0,1508,128,71,2026-08-29 00:25:58,2026-08-29 08:31:29,89,16.2,445,485,255,84,106,40,452,0,91,87
2026-08-28 00:21:56,2026-08-29 00:25:58,UTC-04:00,16,67,44,34.95,93.21,5.8,1433,133,72,2026-08-28 00:21:56,2026-08-28 08:46:14,63,16.4,474,504,275,103,96,30,457,0,94,79
2026-08-26 23:21:25,2026-08-28 00:21:56,UTC-04:00,78,53,142,34.95,95.43,8.9,1643,142,68,2026-08-26 23:21:25,2026-08-27 08:19:07,91,16.4,492,537,289,78,125,45,451,0,92,79
2026-08-25 22:45:47,2026-08-26 23:21:25,UTC-04:00,92,46,165,34.98,96.26,4.2,1417,114,61,2026-08-25 22:45:47,2026-08-26 08:29:42,85,15.3,560,583,341,113,106,23,505,54,96,67
2026-08-25 00:21:16,2026-08-25 22:45:47,UTC-04:00,88,52,174,35.15,97.33,4.6,1309,125,61,2026-08-25 00:21:16,2026-08-25 06:41:46,78,16.0,347,380,242,49,56,33,455,0,91,59
2026-08-23 23:38:10,2026-08-25 00:21:16,UTC-04:00,56,52,114,35.30,98.42,8.0,1572,155,67,2026-08-23 23:38:10,2026-08-24 08:49:40,84,15.7,538,551,264,89,185,13,451,0,97,64
2026-08-23 01:46:01,2026-08-23 23:38:10,UTC-04:00,9,67,37,35.10,95.56,4.2,1264,115,69,2026-08-23 01:46:01,2026-08-23 09:53:43,60,17.1,455,487,261,91,103,32,455,0,94,47
2026-08-21 23:28:01,2026-08-23 01:46:01,UTC-04:00,67,52,124,35.10,96.67,15.9,2284,171,78,2026-08-21 23:28:01,2026-08-22 08:28:46,86,16.0,513,540,333,69,111,27,450,0,94,69
2026-08-20 23:58:27,2026-08-21 23:28:01,UTC-04:00,91,50,153,35.30,97.42,3.9,1347,110,60,2026-08-20 23:58:27,2026-08-21 08:29:43,82,16.2,494,511,277,77,140,17,349,0,97,57
2026-08-20 00:09:40,2026-08-20 23:58:27,UTC-04:00,65,49,120,34.79,97.73,4.2,1380,123,58,2026-08-20 00:09:40,2026-08-20 07:41:26,82,16.0,437,451,239,107,91,14,388,0,97,59
2026-08-18 23:03:51,2026-08-20 00:09:40,UTC-04:00,77,56,135,35.42,96.12,2.4,1452,102,60,2026-08-18 23:03:51,2026-08-19 07:39:04,80,16.2,487,515,304,79,104,28,354,0,95,47
2026-08-18 00:04:38,2026-08-18 23:03:51,UTC-04:00,72,54,131,34.99,98.86,4.3,1322,112,61,2026-08-18 00:04:38,2026-08-18 08:55:56,85,15.6,504,531,259,87,158,27,503,31,95,70
2026-08-17 00:11:26,2026-08-18 00:04:38,UTC-04:00,82,52,149,34.86,98.42,12.7,1761,175,68,2026-08-17 00:11:26,2026-08-17 06:59:39,80,15.7,387,408,222,94,71,21,451,0,94,59
2026-08-16 00:44:12,2026-08-17 00:11:26,UTC-04:00,38,63,75,34.67,97.39,4.6,1373,134,68,2026-08-16 00:44:12,2026-08-16 10:35:25,72,16.4,535,591,267,82,186,56,389,35,90,47
2026-08-15 00:50:41,2026-08-16 00:44:12,UTC-04:00,39,62,79,34.76,96.23,8.7,1559,135,72,2026-08-15 00:50:41,2026-08-15 08:15:50,74,16.2,428,445,231,46,151,17,499,0,96,73
2026-08-13 23:46:05,2026-08-15 00:50:41,UTC-04:00,77,52,129,35.53,96.95,17.0,2363,184,74,2026-08-13 23:46:05,2026-08-14 09:04:38,88,15.1,540,558,250,108,182,18,460,7,97,75
2026-08-12 23:25:51,2026-08-13 23:46:05,UTC-04:00,75,56,128,34.41,97.54,6.3,1453,139,66,2026-08-12 23:25:51,2026-08-13 07:09:51,90,15.9,438,463,216,97,125,25,452,0,95,80
2026-08-11 22:55:37,2026-08-12 23:25:51,UTC-04:00,92,53,150,35.32,95.67,6.0,1469,120,66,2026-08-11 22:55:37,2026-08-12 08:49:03,90,15.8,555,593,336,77,142,38,481,27,94,77
2026-08-10 23:09:08,2026-08-11 22:55:37,UTC-04:00,47,58,89,35.23,97.38,7.0,1462,125,69,2026-08-10 23:09:08,2026-08-11 06:44:35,84,15.6,448,455,313,52,83,7,504,0,98,76
2026-08-10 00:08:34,2026-08-10 23:09:08,UTC-04:00,78,55,129,35.06,99.09,17.6,2264,187,75,2026-08-10 00:08:34,2026-08-10 08:19:38,96,16.3,476,491,298,59,119,15,471,15,97,92
2026-08-09 00:08:28,2026-08-10 00:08:34,UTC-04:00,97,50,172,35.07,98.61,7.9,1495,146,71,2026-08-09 00:08:28,2026-08-09 08:29:38,91,15.6,474,501,284,79,111,27,505,12,94,84
2026-08-07 23:51:53,2026-08-09 00:08:28,UTC-04:00,89,48,147,34.68,97.58,16.0,2119,185,72,2026-08-07 23:51:53,2026-08-08 07:59:47,96,15.2,469,487,231,80,158,18,489,38,96,89
2026-08-07 00:48:04,2026-08-07 23:51:53,UTC-04:00,85,50,143,34.93,96.20,4.4,1347,131,61,2026-08-07 00:48:04,2026-08-07 07:41:26,85,15.3,399,413,207,73,119,14,476,0,97,78
2026-08-05 23:46:27,2026-08-07 00:48:04,UTC-04:00,82,53,135,34.67,93.08,13.5,1521,155,63,2026-08-05 23:46:27,2026-08-06 07:59:40,95,15.9,478,493,225,101,152,15,453,0,97,84
2026-08-04 22:58:48,2026-08-05 23:46:27,UTC-04:00,88,49,143,34.28,96.89,6.7,1504,126,66,2026-08-04 22:58:48,2026-08-05 07:37:14,94,15.4,498,518,349,59,90,20,452,0,96,83
2026-08-03 23:16:19,2026-08-04 22:58:48,UTC-04:00,90,47,146,34.63,97.39,6.1,1418,123,67,2026-08-03 23:16:19,2026-08-04 08:10:40,100,15.5,495,534,282,93,120,39,451,0,93,
2026-08-02 22:42:17,2026-08-03 23:16:19,UTC-04:00,97,49,161,35.01,96.25,4.5,1421,117,60,2026-08-02 22:42:17,2026-08-03 09:24:25,100,16.6,579,642,392,80,107,63,451,0,90,
2026-08-02 00:00:00,2026-08-02 22:42:17,UTC-04:00,,,,,,4.1,835,114,69,,,,,,,,,,,,,,
2026-07-30 22:39:41,2026-08-01 01:37:59,UTC-04:00,58,51,100,34.66,98.42,20.4,3763,177,84,2026-07-30 22:39:41,2026-07-31 08:37:06,97,15.5,581,597,248,121,212,16,463,11,97,87
2026-07-29 22:53:02,2026-07-30 22:39:41,UTC-04:00,68,55,116,34.02,97.11,5.0,1395,114,66,2026-07-29 22:53:02,2026-07-30 06:59:41,92,15.6,466,486,268,80,118,20,485,0,97,83
2026-07-28 22:37:29,2026-07-29 22:53:02,UTC-04:00,58,56,100,34.88,97.18,15.0,1996,183,73,2026-07-28 22:37:29,2026-07-29 08:32:44,100,15.9,565,595,274,92,199,30,453,0,95,90
2026-07-27 22:39:36,2026-07-28 22:37:29,UTC-04:00,97,51,158,34.54,98.29,6.6,1461,142,68,2026-07-27 22:39:36,2026-07-28 07:45:22,98,16.4,518,545,300,103,115,27,451,0,95,93
2026-07-26 22:40:49,2026-07-27 22:39:36,UTC-04:00,57,55,99,34.56,97.29,4.8,1395,128,64,2026-07-26 22:40:49,2026-07-27 08:14:44,91,16.4,560,573,363,81,116,13,476,0,97,82
2026-07-25 21:59:32,2026-07-26 22:40:49,UTC-04:00,,,,,,13.5,1776,152,92,,,,,,,,,,,,,,
2026-07-24 22:10:34,2026-07-25 21:59:32,UTC-04:00,75,58,117,35.18,98.27,19.8,3281,185,90,2026-07-24 22:10:34,2026-07-25 07:44:35,88,16.6,545,574,332,86,127,29,453,0,95,77
2026-07-23 21:59:32,2026-07-24 22:10:34,UTC-04:00,53,58,85,35.49,97.85,6.6,1484,147,72,2026-07-23 21:59:32,2026-07-24 07:45:02,85,16.1,566,585,315,94,157,19,466,0,97,66
2026-07-23 00:34:54,2026-07-23 21:59:32,UTC-04:00,40,60,78,34.85,99.50,11.6,1563,176,77,2026-07-23 00:34:54,2026-07-23 07:43:11,83,16.7,422,428,204,93,125,6,400,0,98,60
2026-07-21 21:52:59,2026-07-23 00:34:54,UTC-04:00,40,59,73,34.82,96.14,13.0,1981,167,73,2026-07-21 21:52:59,2026-07-22 07:57:00,82,16.5,595,604,275,127,193,9,563,108,98,58
2026-07-21 02:50:44,2026-07-21 21:52:59,UTC-04:00,36,56,97,35.40,96.92,7.4,1223,128,73,2026-07-21 02:50:44,2026-07-21 06:58:20,58,15.5,235,247,105,90,40,12,452,0,96,54
2026-07-19 23:27:27,2026-07-21 02:50:44,UTC-04:00,27,62,65,35.45,97.50,5.7,1615,130,69,2026-07-19 23:27:27,2026-07-20 08:20:11,83,16.0,514,532,290,72,152,18,508,52,96,84
2026-07-19 00:33:53,2026-07-19 23:27:27,UTC-04:00,83,53,154,34.46,96.95,8.2,1471,151,71,2026-07-19 00:33:53,2026-07-19 07:42:42,82,16.3,396,428,221,80,95,32,501,0,92,72
2026-07-17 22:56:08,2026-07-19 00:33:53,UTC-04:00,49,57,103,34.75,97.73,17.2,2244,199,77,2026-07-17 22:56:08,2026-07-18 08:44:47,97,16.5,553,588,308,110,135,35,451,0,94,88
2026-07-16 22:56:46,2026-07-17 22:56:08,UTC-04:00,34,61,77,34.88,95.40,4.9,1392,113,68,2026-07-16 22:56:46,2026-07-17 09:10:04,82,16.5,588,613,336,93,159,25,452,0,95,78
2026-07-15 23:24:28,2026-07-16 22:56:46,UTC-04:00,68,52,126,35.55,95.53,5.7,1410,128,68,2026-07-15 23:24:28,2026-07-16 08:40:24,92,16.0,541,555,276,76,189,14,499,47,97,80
2026-07-15 01:02:27,2026-07-15 23:24:28,UTC-04:00,96,49,163,35.11,95.83,5.0,1313,119,64,2026-07-15 01:02:27,2026-07-15 08:02:26,85,15.6,402,419,220,70,112,17,476,0,96,80
2026-07-13 23:14:51,2026-07-15 01:02:27,UTC-04:00,66,56,125,34.93,96.78,13.6,1524,133,64,2026-07-13 23:14:51,2026-07-14 08:50:09,88,16.3,565,575,361,75,129,10,520,65,98,75
2026-07-13 00:44:50,2026-07-13 23:14:51,UTC-04:00,82,51,157,34.83,98.50,7.4,1423,153,67,2026-07-13 00:44:50,2026-07-13 07:25:57,85,16.3,376,401,218,52,106,25,478,2,93,84
2026-07-12 00:32:04,2026-07-13 00:44:50,UTC-04:00,20,66,53,34.82,98.16,13.6,1925,173,76,2026-07-12 00:32:04,2026-07-12 08:48:35,77,16.3,480,496,247,96,137,16,484,21,97,87
2026-07-11 00:30:00,2026-07-12 00:32:04,UTC-04:00,15,66,55,34.75,95.23,10.8,1645,140,80,2026-07-11 00:30:00,2026-07-11 08:40:09,68,16.5,436,490,243,73,120,54,479,24,89,81
2026-07-10 00:59:11,2026-07-11 00:30:00,UTC-04:00,69,53,126,35.67,97.13,7.0,1465,135,69,2026-07-10 00:59:11,2026-07-10 07:55:54,85,15.1,401,416,194,87,120,15,451,0,96,78
2026-07-08 23:25:09,2026-07-10 00:59:11,UTC-04:00,85,51,141,35.11,97.14,4.7,1495,123,62,2026-07-08 23:25:09,2026-07-09 08:14:19,90,15.9,509,529,273,87,149,20,494,42,96,79
2026-07-07 23:50:07,2026-07-08 23:25:09,UTC-04:00,96,50,186,35.10,95.81,5.2,1396,125,64,2026-07-07 23:50:07,2026-07-08 07:05:10,86,15.7,406,435,238,72,96,29,491,0,93,82
2026-07-06 23:43:13,2026-07-07 23:50:07,UTC-04:00,89,47,147,34.89,98.60,15.9,1854,209,65,2026-07-06 23:43:13,2026-07-07 08:08:37,95,15.5,472,505,221,88,163,33,452,0,93,84
2026-07-05 23:11:30,2026-07-06 23:43:13,UTC-04:00,63,53,114,35.34,98.13,5.4,1446,126,64,2026-07-05 23:11:30,2026-07-06 08:10:07,79,16.0,523,538,296,73,154,15,451,0,97,44
2026-07-05 00:37:10,2026-07-05 23:11:30,UTC-04:00,1,72,25,34.75,97.56,4.0,1016,113,71,2026-07-05 00:37:10,2026-07-05 09:48:46,21,17.2,183,191,87,69,27,8,501,0,95,79
2026-07-03 23:44:45,2026-07-05 00:37:10,UTC-04:00,82,54,137,35.42,95.40,17.2,2385,185,79,2026-07-03 23:44:45,2026-07-04 09:09:15,89,15.9,545,564,262,104,179,19,452,0,96,76
2026-07-03 00:53:43,2026-07-03 23:44:45,UTC-04:00,98,51,162,34.90,97.82,5.5,1351,138,65,2026-07-03 00:53:43,2026-07-03 09:52:44,89,15.9,527,539,283,101,143,12,448,0,97,75
2026-07-02 00:19:56,2026-07-03 00:53:43,UTC-04:00,98,52,150,34.85,97.11,14.3,1524,142,65,2026-07-02 00:19:56,2026-07-02 10:01:29,90,16.2,549,581,294,97,158,32,386,0,94,77
2026-07-01 00:01:52,2026-07-02 00:19:56,UTC-04:00,74,59,119,34.56,98.55,6.0,1453,132,67,2026-07-01 00:01:52,2026-07-01 09:37:26,94,16.2,546,575,355,50,141,29,480,0,94,
2026-06-30 01:05:02,2026-07-01 00:01:52,UTC-04:00,98,52,152,35.51,96.17,14.3,1905,178,71,2026-06-30 01:05:02,2026-06-30 09:59:56,100,16.1,516,534,332,67,117,18,451,0,96,
2026-06-29 00:00:00,2026-06-30 01:05:02,UTC-04:00,,,,,,4.3,822,122,71,,,,,,,,,,,,,,
2026-06-27 23:16:59,2026-06-29 00:00:00,UTC-04:00,,,,,,14.2,1610,144,93,,,,,,,,,,,,,,
2026-06-26 22:59:32,2026-06-27 23:16:59,UTC-04:00,,,,,,19.8,3051,165,106,,,,,,,,,,,,,,
2026-06-25 23:41:55,2026-06-26 22:59:32,UTC-04:00,74,57,131,35.53,97.11,5.1,1329,129,81,2026-06-25 23:41:55,2026-06-26 07:41:12,91,16.0,459,479,259,101,99,20,453,0,96,81
2026-06-24 22:59:32,2026-06-25 23:41:55,UTC-04:00,78,55,130,34.95,96.77,6.4,1503,148,68,2026-06-24 22:59:32,2026-06-25 08:25:15,89,15.8,524,565,271,107,146,41,466,12,93,78
2026-06-23 22:39:44,2026-06-24 22:59:32,UTC-04:00,71,54,126,35.34,96.03,7.3,1522,138,69,2026-06-23 22:39:44,2026-06-24 06:59:09,83,16.3,447,499,259,68,120,52,472,0,89,65
2026-06-22 23:32:09,2026-06-23 22:39:44,UTC-04:00,74,57,129,35.36,95.82,12.8,1356,125,68,2026-06-22 23:32:09,2026-06-23 08:41:37,87,15.5,526,549,332,89,105,23,479,0,95,72
2026-06-21 23:14:23,2026-06-22 23:32:09,UTC-04:00,91,50,143,35.54,96.03,14.1,1963,180,70,2026-06-21 23:14:23,2026-06-22 08:19:54,82,15.7,526,545,287,70,169,19,360,0,96,54
2026-06-21 00:26:22,2026-06-21 23:14:23,UTC-04:00,97,48,167,34.95,98.82,5.4,1356,136,60,2026-06-21 00:26:22,2026-06-21 08:54:41,83,15.8,485,508,273,80,132,23,372,30,96,60
2026-06-20 01:24:16,2026-06-21 00:26:22,UTC-04:00,71,56,107,35.38,97.10,5.6,1381,124,64,2026-06-20 01:24:16,2026-06-20 08:29:46,82,15.9,414,425,235,94,85,11,475,20,97,71
2026-06-18 23:51:20,2026-06-20 01:24:16,UTC-04:00,85,54,122,34.91,94.71,7.2,1568,139,68,2026-06-18 23:51:20,2026-06-19 08:27:25,87,16.0,474,516,272,89,113,42,506,27,92,77
2026-06-17 23:44:35,2026-06-18 23:51:20,UTC-04:00,86,49,124,35.41,97.39,14.1,1513,134,68,2026-06-17 23:44:35,2026-06-18 06:37:22,83,15.9,395,412,230,64,101,17,449,0,95,69
2026-06-16 23:30:03,2026-06-17 23:44:35,UTC-04:00,62,57,94,35.16,97.79,1.2,1402,105,62,2026-06-16 23:30:03,2026-06-17 08:29:13,84,15.7,529,539,269,112,148,10,453,0,98,66
2026-06-15 22:07:40,2026-06-16 23:30:03,UTC-04:00,94,53,131,34.97,96.78,6.4,1539,135,70,2026-06-15 22:07:40,2026-06-16 06:44:39,82,16.1,482,516,315,83,84,34,477,0,93,54
2026-06-14 22:24:54,2026-06-15 22:07:40,UTC-04:00,98,48,136,35.31,96.20,13.8,1849,174,67,2026-06-14 22:24:54,2026-06-15 08:50:00,81,15.9,576,625,355,73,148,49,387,0,92,50
2026-06-14 01:30:30,2026-06-14 22:24:54,UTC-04:00,60,59,90,35.17,97.12,4.8,1227,122,64,2026-06-14 01:30:30,2026-06-14 09:59:44,83,16.1,487,509,263,96,128,22,470,0,96,62
2026-06-13 02:00:00,2026-06-14 01:30:30,UTC-04:00,,,,,,12.4,1491,151,87,,,,,,,,,,,,,,
2026-06-11 23:28:55,2026-06-13 02:00:00,UTC-04:00,64,58,95,35.02,95.58,6.8,1604,125,73,2026-06-11 23:28:55,2026-06-12 07:56:44,95,15.9,500,507,267,88,145,7,488,0,98,85
2026-06-11 00:08:17,2026-06-11 23:28:55,UTC-04:00,73,56,106,35.38,96.10,15.5,2070,182,75,2026-06-11 00:08:17,2026-06-11 08:51:01,93,15.0,508,522,303,87,118,14,451,0,97,82
2026-06-09 23:30:16,2026-06-11 00:08:17,UTC-04:00,81,57,123,35.52,92.91,4.4,1427,127,67,2026-06-09 23:30:16,2026-06-10 08:39:13,92,15.6,528,548,289,97,142,20,471,0,96,80
2026-06-08 23:14:05,2026-06-09 23:30:16,UTC-04:00,93,57,137,34.56,97.75,12.7,1788,171,71,2026-06-08 23:14:05,2026-06-09 08:06:39,90,15.9,506,532,278,95,133,26,496,40,95,77
2026-06-08 00:52:22,2026-06-08 23:14:05,UTC-04:00,79,55,123,34.71,95.75,7.7,1429,167,74,2026-06-08 00:52:22,2026-06-08 07:20:55,84,15.6,373,388,212,73,88,15,455,4,96,77
2026-06-07 12:52:22,2026-06-08 00:52:22,UTC-04:00,,,,,,4.0,699,117,71,,,,,,,,,,,,,,
2026-06-05 23:52:59,2026-06-06 23:54:59,UTC-04:00,71,59,110,35.26,95.26,18.5,2794,178,88,2026-06-05 23:52:59,2026-06-06 07:38:00,90,15.6,445,465,200,91,154,20,453,0,96,80
2026-06-04 22:28:42,2026-06-05 23:52:59,UTC-04:00,54,61,88,34.89,97.06,6.6,1548,141,73,2026-06-04 22:28:42,2026-06-05 07:00:48,97,16.1,461,512,261,78,122,51,452,0,90,87
2026-06-03 22:38:05,2026-06-04 22:28:42,UTC-04:00,47,63,80,35.29,95.92,5.3,1423,128,72,2026-06-03 22:38:05,2026-06-04 07:53:22,91,15.6,523,555,315,89,119,32,494,3,94,87
2026-06-02 23:13:49,2026-06-03 22:38:05,UTC-04:00,57,59,93,35.64,97.06,15.8,2107,180,79,2026-06-02 23:13:49,2026-06-03 07:00:07,90,15.8,444,466,204,84,156,22,451,0,95,78
2026-06-01 22:18:47,2026-06-02 23:13:49,UTC-04:00,62,60,99,35.63,96.57,4.4,1452,144,70,2026-06-01 22:18:47,2026-06-02 08:00:01,94,15.8,557,581,339,96,122,24,451,0,95,86
2026-05-31 22:27:04,2026-06-01 22:18:47,UTC-04:00,32,66,64,34.90,96.67,4.9,1398,123,76,2026-05-31 22:27:04,2026-06-01 08:14:59,77,16.8,541,587,321,96,124,46,493,0,92,77
2026-05-30 23:39:42,2026-05-31 22:27:04,UTC-04:00,63,57,103,35.44,98.47,16.2,1381,142,70,2026-05-30 23:39:42,2026-05-31 09:00:33,92,15.7,509,560,328,77,104,51,451,0,90,81
2026-05-30 00:00:00,2026-05-30 23:39:42,UTC-04:00,,,,,,4.0,675,117,71,,,,,,,,,,,,,,
2026-05-28 23:17:45,2026-05-30 00:00:00,UTC-04:00,98,51,146,35.49,97.44,6.5,1542,138,69,2026-05-28 23:17:45,2026-05-29 08:07:46,95,15.2,513,530,266,94,153,17,498,0,97,85
2026-05-27 23:20:43,2026-05-28 23:17:45,UTC-04:00,85,54,129,35.48,96.62,16.9,1527,156,70,2026-05-27 23:20:43,2026-05-28 07:10:04,90,15.3,455,469,228,85,142,14,453,0,97,77
2026-05-26 23:36:05,2026-05-27 23:20:43,UTC-04:00,48,60,87,34.90,97.06,6.0,1441,141,69,2026-05-26 23:36:05,2026-05-27 08:55:34,100,15.7,538,559,307,64,167,21,455,0,96,
2026-05-25 23:51:08,2026-05-26 23:36:05,UTC-04:00,78,53,123,35.55,96.20,7.6,1515,166,69,2026-05-25 23:51:08,2026-05-26 09:07:45,100,15.3,536,556,282,128,126,20,449,0,96,
2026-05-25 00:00:00,2026-05-25 23:51:08,UTC-04:00,,,,,,1.0,184,113,90,,,,,,,,,,,,,,
2026-05-23 00:00:00,2026-05-25 00:00:00,UTC-04:00,,,,,,5.0,832,144,88,,,,,,,,,,,,,,
2026-05-21 23:25:43,2026-05-23 00:00:00,UTC-04:00,74,56,123,34.59,95.45,4.4,1426,134,67,2026-05-21 23:25:43,2026-05-22 08:58:50,96,15.6,535,573,339,98,98,38,451,0,93,91
2026-05-20 22:44:41,2026-05-21 23:25:43,UTC-04:00,24,64,61,35.34,97.04,4.2,1440,124,68,2026-05-20 22:44:41,2026-05-21 08:41:46,87,15.6,580,597,331,92,157,17,495,0,97,86
2026-05-19 23:43:28,2026-05-20 22:44:41,UTC-04:00,79,57,129,35.26,95.59,16.4,1793,153,76,2026-05-19 23:43:28,2026-05-20 08:33:53,100,15.5,506,530,282,80,144,24,498,46,95,
2026-05-18 23:19:26,2026-05-19 23:43:28,UTC-04:00,63,58,120,34.76,97.90,4.7,1422,133,67,2026-05-18 23:19:26,2026-05-19 09:09:52,81,16.5,504,590,344,59,101,86,577,127,85,
2026-05-18 00:00:00,2026-05-18 23:19:26,UTC-04:00,,,,,,0.0,19,95,67,,,,,,,,,,,,,,
2026-05-16 01:09:07,2026-05-18 00:00:00,UTC-04:00,6,61,89,35.48,,0.1,116,105,69,2026-05-16 01:09:07,2026-05-16 02:26:07,16,16.1,58,76,29,11,18,18,373,0,76,62
2026-05-14 22:25:03,2026-05-16 01:09:07,UTC-04:00,46,60,91,34.81,94.29,6.7,1618,135,71,2026-05-14 22:25:03,2026-05-15 07:38:45,86,14.8,513,553,288,106,119,40,506,47,92,73
2026-05-14 01:19:49,2026-05-14 22:25:03,UTC-04:00,47,55,94,35.57,96.38,9.2,1437,156,73,2026-05-14 01:19:49,2026-05-14 07:29:40,81,14.9,358,369,151,125,82,11,453,0,97,69
2026-05-12 23:35:01,2026-05-14 01:19:49,UTC-04:00,45,58,88,35.48,96.85,6.3,1562,142,72,2026-05-12 23:35:01,2026-05-13 08:11:32,86,15.1,503,516,239,103,161,13,471,0,97,79
2026-05-11 23:02:59,2026-05-12 23:35:01,UTC-04:00,46,56,89,35.43,96.25,12.5,1860,144,77,2026-05-11 23:02:59,2026-05-12 06:47:36,85,15.1,458,464,213,95,150,6,459,6,98,67
2026-05-10 23:45:57,2026-05-11 23:02:59,UTC-04:00,94,50,149,35.42,96.46,5.9,1384,124,70,2026-05-10 23:45:57,2026-05-11 07:28:37,85,15.4,440,462,250,85,105,22,451,0,95,71
2026-05-09 23:37:54,2026-05-10 23:45:57,UTC-04:00,54,58,99,34.96,95.57,3.8,1404,103,63,2026-05-09 23:37:54,2026-05-10 11:02:51,82,16.0,665,684,374,89,202,19,457,0,97,60
2026-05-08 23:56:44,2026-05-09 23:37:54,UTC-04:00,60,60,106,35.37,96.92,8.8,1555,134,72,2026-05-08 23:56:44,2026-05-09 08:54:37,84,15.8,520,537,260,95,165,17,451,0,96,64
2026-05-08 00:00:00,2026-05-08 23:56:44,UTC-04:00,,,,,,4.1,40,124,95,,,,,,,,,,,,,,
2026-05-06 22:47:08,2026-05-08 00:00:00,UTC-04:00,40,58,81,35.74,97.97,13.7,1837,156,89,2026-05-06 22:47:08,2026-05-07 06:49:23,92,15.6,476,482,257,87,132,6,452,0,98,81
2026-05-05 21:34:55,2026-05-06 22:47:08,UTC-04:00,43,58,86,35.99,97.47,5.1,1478,125,68,2026-05-05 21:34:55,2026-05-06 07:51:32,81,15.4,596,616,324,98,174,20,472,0,96,62
2026-05-04 22:44:45,2026-05-05 21:34:55,UTC-04:00,89,50,142,35.46,95.57,12.8,1769,170,71,2026-05-04 22:44:45,2026-05-05 07:30:01,83,15.5,505,525,273,95,137,20,451,0,96,61
2026-05-03 22:28:38,2026-05-04 22:44:45,UTC-04:00,83,51,136,35.42,97.13,4.7,1430,134,65,2026-05-03 22:28:38,2026-05-04 08:10:11,81,15.3,542,581,320,87,135,39,470,0,94,50
2026-05-03 00:00:00,2026-05-03 22:28:38,UTC-04:00,,,,,,12.3,1127,154,89,,,,,,,,,,,,,,
2026-05-01 23:45:34,2026-05-03 00:00:00,UTC-04:00,46,61,90,35.34,96.38,12.4,1861,143,75,2026-05-01 23:45:34,2026-05-02 08:55:47,79,15.8,532,550,271,104,157,18,455,0,96,67
2026-04-30 22:43:43,2026-05-01 23:45:34,UTC-04:00,80,55,132,34.98,95.73,7.7,1574,168,71,2026-04-30 22:43:43,2026-05-01 07:49:06,90,15.2,539,545,263,79,197,6,458,0,98,79
2026-04-29 22:22:46,2026-04-30 22:43:43,UTC-04:00,92,51,146,35.46,97.76,9.1,1594,155,70,2026-04-29 22:22:46,2026-04-30 06:52:40,88,15.2,490,509,214,104,172,19,483,30,96,73
2026-04-28 23:09:12,2026-04-29 22:22:46,UTC-04:00,83,52,138,34.38,94.11,6.1,1415,123,66,2026-04-28 23:09:12,2026-04-29 06:58:27,83,15.4,456,469,208,79,169,13,517,54,97,70
2026-04-27 22:31:05,2026-04-28 23:09:12,UTC-04:00,82,53,138,34.69,98.43,10.6,1686,182,74,2026-04-27 22:31:05,2026-04-28 04:59:35,78,15.3,368,388,227,63,78,20,477,0,94,59
2026-04-26 22:32:49,2026-04-27 22:31:05,UTC-04:00,95,52,151,35.22,96.94,13.7,1550,134,66,2026-04-26 22:32:49,2026-04-27 07:59:52,89,15.9,534,567,274,106,154,33,385,0,94,76
2026-04-25 22:30:24,2026-04-26 22:32:49,UTC-04:00,,,,,,6.9,1086,133,76,,,,,,,,,,,,,,
2026-04-24 22:30:24,2026-04-25 22:30:24,UTC-04:00,96,51,151,35.35,97.05,14.0,1701,152,72,2026-04-24 22:30:24,2026-04-25 08:45:53,90,15.2,601,615,316,87,198,14,451,0,97,78
2026-04-23 22:35:21,2026-04-24 22:30:24,UTC-04:00,98,52,157,35.39,98.43,4.6,1392,111,66,2026-04-23 22:35:21,2026-04-24 07:24:47,100,15.4,501,529,270,82,149,28,457,0,94,90
2026-04-22 22:26:49,2026-04-23 22:35:21,UTC-04:00,98,49,155,35.71,95.74,8.6,1549,143,70,2026-04-22 22:26:49,2026-04-23 06:45:07,98,15.6,491,498,306,110,75,7,455,0,98,93
2026-04-21 22:47:16,2026-04-22 22:26:49,UTC-04:00,83,53,134,35.46,96.03,7.6,1510,134,69,2026-04-21 22:47:16,2026-04-22 06:54:58,100,15.2,473,487,240,83,150,14,472,0,97,93
2026-04-20 22:36:44,2026-04-21 22:47:16,UTC-04:00,89,53,142,34.80,97.42,12.8,1545,159,70,2026-04-20 22:36:44,2026-04-21 06:59:50,99,15.5,494,503,229,100,165,9,453,0,98,89
2026-04-19 22:41:12,2026-04-20 22:36:44,UTC-04:00,68,55,115,34.98,97.88,6.2,1439,130,70,2026-04-19 22:41:12,2026-04-20 06:43:14,91,15.5,479,482,287,77,115,3,451,0,99,83
2026-04-18 22:47:44,2026-04-19 22:41:12,UTC-04:00,46,55,89,35.41,97.29,4.6,1395,122,64,2026-04-18 22:47:44,2026-04-19 08:27:23,90,15.6,565,579,300,97,168,14,452,0,97,77
2026-04-18 00:00:00,2026-04-18 22:47:44,UTC-04:00,,,,,,5.3,996,137,84,,,,,,,,,,,,,,
2026-04-16 22:48:26,2026-04-18 00:00:00,UTC-04:00,98,49,155,35.28,98.44,13.1,1683,143,73,2026-04-16 22:48:26,2026-04-17 06:55:16,91,15.3,477,486,316,64,97,9,452,0,98,79
2026-04-15 21:14:16,2026-04-16 22:48:26,UTC-04:00,93,50,146,35.52,96.75,5.1,1507,121,63,2026-04-15 21:14:16,2026-04-16 07:41:03,91,15.9,579,626,345,76,158,47,453,0,92,80
2026-04-14 22:14:23,2026-04-15 21:14:16,UTC-04:00,92,53,144,34.93,97.86,6.5,1407,133,68,2026-04-14 22:14:23,2026-04-15 07:30:24,93,15.8,535,556,286,85,164,21,462,0,96,84
2026-04-13 21:58:51,2026-04-14 22:14:23,UTC-04:00,97,50,151,35.42,97.24,10.4,1589,140,66,2026-04-13 21:58:51,2026-04-14 08:00:20,89,15.3,577,601,273,99,205,24,459,0,96,75
2026-04-12 22:08:45,2026-04-13 21:58:51,UTC-04:00,48,57,90,35.46,96.84,9.4,1583,153,72,2026-04-12 22:08:45,2026-04-13 06:39:31,83,15.4,503,510,295,90,118,7,475,0,98,62
2026-04-11 23:06:00,2026-04-12 22:08:45,UTC-04:00,81,58,132,35.42,96.36,13.4,1591,146,68,2026-04-11 23:06:00,2026-04-12 09:06:00,82,15.6,526,600,355,94,77,74,490,30,90,66
2026-04-10 00:32:37,2026-04-11 23:06:00,UTC-04:00,78,53,135,35.45,95.43,9.6,2452,150,72,2026-04-10 00:32:37,2026-04-10 07:09:53,83,14.7,393,397,211,80,102,4,454,0,98,72
2026-04-08 23:28:36,2026-04-10 00:32:37,UTC-04:00,72,54,125,35.20,98.61,6.8,1550,143,71,2026-04-08 23:28:36,2026-04-09 06:56:15,88,15.4,444,447,182,99,163,3,393,0,99,73
2026-04-07 22:36:57,2026-04-08 23:28:36,UTC-04:00,62,56,117,35.27,97.24,5.6,1443,155,67,2026-04-07 22:36:57,2026-04-08 08:26:14,89,14.9,578,589,313,87,178,11,471,2,98,76
2026-04-06 23:10:19,2026-04-07 22:36:57,UTC-04:00,98,48,154,34.87,98.92,12.0,1482,151,68,2026-04-06 23:10:19,2026-04-07 07:00:09,91,15.0,451,469,232,103,116,18,455,0,96,80
2026-04-05 22:34:47,2026-04-06 23:10:19,UTC-04:00,40,50,93,35.59,98.74,7.7,1565,144,67,2026-04-05 22:34:47,2026-04-06 06:59:51,85,15.6,496,505,249,89,158,9,457,5,98,67
2026-04-05 00:12:45,2026-04-05 22:34:47,UTC-04:00,76,54,128,34.80,98.86,4.3,1302,123,63,2026-04-05 00:12:45,2026-04-05 07:59:45,90,15.5,452,467,250,65,137,15,461,0,96,78
2026-04-03 23:27:55,2026-04-05 00:12:45,UTC-04:00,75,53,120,35.72,96.63,10.2,1440,137,61,2026-04-03 23:27:55,2026-04-04 09:17:28,89,15.3,580,589,293,95,192,9,451,0,98,76
2026-04-03 00:24:34,2026-04-03 23:27:55,UTC-04:00,61,58,105,35.17,97.41,4.8,1356,136,66,2026-04-03 00:24:34,2026-04-03 09:09:17,84,15.7,479,524,265,73,141,45,454,0,91,64
2026-04-01 22:47:26,2026-04-03 00:24:34,UTC-04:00,70,54,115,35.01,94.63,7.3,1595,147,69,2026-04-01 22:47:26,2026-04-02 07:19:57,95,15.2,502,512,266,101,135,10,456,0,98,84
2026-03-31 22:39:10,2026-04-01 22:47:26,UTC-04:00,82,51,130,35.59,95.70,8.4,1553,152,71,2026-03-31 22:39:10,2026-04-01 06:58:23,86,14.8,482,499,264,79,139,17,453,0,96,72
2026-03-30 22:30:09,2026-03-31 22:39:10,UTC-04:00,74,56,117,35.28,96.09,6.2,1465,122,67,2026-03-30 22:30:09,2026-03-31 08:38:26,84,15.0,591,608,318,89,184,17,490,23,97,70
2026-03-29 23:44:50,2026-03-30 22:30:09,UTC-04:00,63,56,105,34.97,97.11,11.7,1413,141,72,2026-03-29 23:44:50,2026-03-30 07:56:48,88,15.2,474,491,238,109,127,17,510,55,97,83
2026-03-29 01:45:00,2026-03-29 23:44:50,UTC-04:00,47,62,84,34.71,97.75,7.6,1410,159,71,2026-03-29 01:45:00,2026-03-29 07:50:59,75,15.8,359,365,216,66,77,6,470,17,98,69
2026-03-28 00:14:57,2026-03-29 01:45:00,UTC-04:00,60,61,98,34.95,95.21,6.4,1553,129,69,2026-03-28 00:14:57,2026-03-28 08:05:22,79,16.0,449,470,287,87,75,21,483,24,96,74
2026-03-26 23:20:19,2026-03-28 00:14:57,UTC-04:00,86,56,134,35.28,97.09,9.2,1526,133,64,2026-03-26 23:20:19,2026-03-27 07:12:13,91,15.2,426,471,228,87,111,45,465,6,90,86
2026-03-25 23:06:07,2026-03-26 23:20:19,UTC-04:00,61,60,98,35.11,95.86,9.2,1613,146,73,2026-03-25 23:06:07,2026-03-26 06:59:58,79,15.4,451,473,271,63,117,22,464,0,95,76
2026-03-24 22:41:53,2026-03-25 23:06:07,UTC-04:00,85,54,131,35.35,96.00,10.9,1708,143,74,2026-03-24 22:41:53,2026-03-25 06:57:11,84,15.5,482,495,304,77,101,13,452,0,97,64
2026-03-23 23:28:38,2026-03-24 22:41:53,UTC-04:00,98,50,166,35.00,95.71,5.0,1360,121,65,2026-03-23 23:28:38,2026-03-24 08:17:41,87,15.6,475,529,248,97,130,54,451,0,89,73
2026-03-22 23:35:13,2026-03-23 23:28:38,UTC-04:00,82,52,124,35.22,97.76,4.1,1380,117,64,2026-03-22 23:35:13,2026-03-23 08:36:41,82,15.3,518,541,265,101,152,23,451,0,95,54
2026-03-22 01:45:29,2026-03-22 23:35:13,UTC-04:00,29,65,52,35.31,97.05,4.3,1266,112,65,2026-03-22 01:45:29,2026-03-22 10:54:20,53,15.5,528,548,260,96,172,20,507,0,96,36
2026-03-21 00:00:00,2026-03-22 01:45:29,UTC-04:00,,,,,,18.0,2691,166,88,,,,,,,,,,,,,,
2026-03-19 23:05:33,2026-03-21 00:00:00,UTC-04:00,85,50,127,35.62,95.00,11.9,1553,135,71,2026-03-19 23:05:33,2026-03-20 07:36:33,91,14.9,491,510,269,116,106,19,453,0,96,79
2026-03-18 21:50:12,2026-03-19 23:05:33,UTC-04:00,98,51,153,35.10,96.93,6.1,1538,140,63,2026-03-18 21:50:12,2026-03-19 06:32:21,85,15.2,491,522,262,101,128,31,464,8,94,66
2026-03-17 23:29:04,2026-03-18 21:50:12,UTC-04:00,79,51,120,34.99,93.63,8.4,1453,161,69,2026-03-17 23:29:04,2026-03-18 07:02:44,88,15.4,436,453,246,74,116,17,452,0,96,77
2026-03-16 23:37:52,2026-03-17 23:29:04,UTC-04:00,85,49,127,35.38,93.21,5.8,1434,131,62,2026-03-16 23:37:52,2026-03-17 08:15:16,86,15.0,495,517,291,80,124,22,465,0,96,70
2026-03-15 22:51:31,2026-03-16 23:37:52,UTC-04:00,98,47,144,35.64,96.00,11.2,1475,138,61,2026-03-15 22:51:31,2026-03-16 06:54:25,82,15.0,462,482,299,77,86,20,451,0,95,57
2026-03-15 00:15:05,2026-03-15 22:51:31,UTC-04:00,87,48,127,35.55,97.33,4.4,1323,147,61,2026-03-15 00:15:05,2026-03-15 09:24:18,80,15.4,535,549,308,84,143,14,350,0,97,48
2026-03-13 22:25:47,2026-03-15 00:15:05,UTC-04:00,,,,,,4.7,1124,119,72,,,,,,,,,,,,,,
2026-03-12 22:25:47,2026-03-13 22:25:47,UTC-04:00,86,51,125,35.32,97.45,6.4,1470,146,65,2026-03-12 22:25:47,2026-03-13 07:36:24,100,15.5,529,550,314,91,124,21,451,0,96,93
2026-03-11 22:39:46,2026-03-12 22:25:47,UTC-04:00,81,52,119,35.52,97.25,4.5,1398,126,62,2026-03-11 22:39:46,2026-03-12 07:54:04,100,15.2,530,554,252,81,197,24,465,0,95,92
2026-03-10 22:17:06,2026-03-11 22:39:46,UTC-04:00,78,54,115,35.27,97.72,11.2,1497,140,62,2026-03-10 22:17:06,2026-03-11 07:52:54,96,15.4,555,575,319,72,164,20,453,0,96,86
2026-03-09 22:34:02,2026-03-10 22:17:06,UTC-04:00,80,57,117,35.56,97.47,6.3,1456,148,66,2026-03-09 22:34:02,2026-03-10 07:09:12,82,15.6,495,515,297,89,109,20,452,0,96,59
2026-03-08 22:57:52,2026-03-09 22:34:02,UTC-04:00,98,50,147,34.85,96.79,5.5,1416,136,65,2026-03-08 22:57:52,2026-03-09 08:09:29,97,15.1,532,551,275,97,160,19,457,0,96,87
2026-03-08 00:00:00,2026-03-08 22:57:52,UTC-04:00,,,,,,8.7,1293,150,77,,,,,,,,,,,,,,
2026-03-06 22:39:20,2026-03-07 23:00:00,UTC-05:00,97,50,136,35.01,97.03,16.2,2038,186,74,2026-03-06 22:39:20,2026-03-07 06:55:41,88,14.8,479,496,237,100,142,17,454,0,96,74
2026-03-05 22:36:40,2026-03-06 22:39:20,UTC-05:00,96,52,134,35.71,95.37,6.9,1488,158,67,2026-03-05 22:36:40,2026-03-06 07:15:11,82,14.8,499,518,273,99,127,19,468,0,96,55
2026-03-04 22:58:07,2026-03-05 22:36:40,UTC-05:00,94,58,130,35.49,97.38,12.0,1473,139,66,2026-03-04 22:58:07,2026-03-05 07:43:00,78,15.3,507,524,249,110,148,17,453,0,96,37
2026-03-04 00:00:00,2026-03-04 22:58:07,UTC-05:00,,,,,,6.4,874,150,77,,,,,,,,,,,,,,
2026-03-02 23:00:00,2026-03-04 00:00:00,UTC-05:00,63,63,89,35.26,97.71,10.4,1655,132,75,2026-03-02 23:00:00,2026-03-03 07:47:00,76,16.5,503,527,302,65,136,24,462,0,95,29
2026-03-01 02:06:17,2026-03-02 23:00:00,UTC-05:00,29,65,55,34.65,97.71,10.5,2425,167,77,2026-03-01 02:06:17,2026-03-01 10:50:35,72,15.8,512,524,225,105,182,12,462,6,98,40
2026-02-28 03:58:14,2026-03-01 02:06:17,UTC-05:00,20,69,44,35.76,95.81,7.6,1426,137,75,2026-02-28 03:58:14,2026-02-28 12:30:15,56,15.1,492,512,320,88,84,20,505,0,96,17
2026-02-26 22:29:11,2026-02-28 03:58:14,UTC-05:00,94,50,146,35.38,95.46,17.8,3040,162,77,2026-02-26 22:29:11,2026-02-27 07:04:34,96,15.1,505,515,292,92,121,10,451,0,98,86
2026-02-25 22:16:08,2026-02-26 22:29:11,UTC-05:00,92,50,134,35.06,98.24,4.6,1412,126,60,2026-02-25 22:16:08,2026-02-26 07:45:02,90,15.2,552,568,281,108,163,16,453,0,97,77
2026-02-24 22:50:28,2026-02-25 22:16:08,UTC-05:00,88,52,121,34.98,95.82,5.8,1417,152,66,2026-02-24 22:50:28,2026-02-25 06:51:51,86,15.4,471,481,290,63,118,10,452,0,98,69
2026-02-23 22:53:27,2026-02-24 22:50:28,UTC-05:00,76,53,104,35.44,96.67,5.7,1438,147,63,2026-02-23 22:53:27,2026-02-24 07:59:48,89,15.5,531,546,283,68,180,15,452,0,97,75
2026-02-22 23:16:21,2026-02-23 22:53:27,UTC-05:00,96,51,131,34.55,97.53,5.5,1405,133,66,2026-02-22 23:16:21,2026-02-23 08:14:34,88,15.4,505,538,251,109,145,33,451,0,93,73
2026-02-22 00:35:49,2026-02-22 23:16:21,UTC-05:00,56,62,75,35.16,97.61,4.1,1314,128,68,2026-02-22 00:35:49,2026-02-22 08:55:02,81,15.8,480,499,232,99,149,19,312,0,96,54
2026-02-20 23:33:27,2026-02-22 00:35:49,UTC-05:00,81,56,111,34.19,97.50,4.6,1463,152,68,2026-02-20 23:33:27,2026-02-21 08:43:23,92,14.9,541,549,341,67,133,8,489,0,98,81
2026-02-19 23:29:04,2026-02-20 23:33:27,UTC-05:00,94,53,138,34.82,97.27,15.5,1801,200,70,2026-02-19 23:29:04,2026-02-20 08:47:46,87,14.8,536,558,243,105,188,22,453,0,96,72
2026-02-18 23:00:03,2026-02-19 23:29:04,UTC-05:00,69,57,94,35.43,98.96,6.4,1499,142,68,2026-02-18 23:00:03,2026-02-19 07:26:34,83,15.1,499,506,209,135,155,7,478,127,98,59
2026-02-18 01:15:00,2026-02-18 23:00:03,UTC-05:00,19,59,89,34.77,95.00,4.8,1291,139,72,2026-02-18 01:15:00,2026-02-18 06:15:00,11,15.9,141,300,93,38,10,159,452,0,49,56
2026-02-16 22:52:45,2026-02-18 00:15:00,UTC-06:00,78,57,114,35.19,96.41,5.6,1496,133,75,2026-02-16 22:52:45,2026-02-17 06:56:41,86,16.2,458,483,242,89,127,25,454,0,94,69
2026-02-15 22:12:08,2026-02-16 22:52:45,UTC-06:00,81,58,119,35.56,93.35,6.7,1529,155,69,2026-02-15 22:12:08,2026-02-16 08:46:33,80,15.9,596,634,337,100,159,38,459,0,94,45
2026-02-14 21:51:04,2026-02-15 22:12:08,UTC-06:00,,,,,,9.3,737,200,91,,,,,,,,,,,,,,
2026-02-14 00:47:37,2026-02-14 21:51:04,UTC-06:00,25,70,37,35.14,91.74,3.1,559,116,87,2026-02-14 00:47:37,2026-02-14 08:56:33,79,16.2,460,488,262,81,117,28,452,0,94,59
2026-02-12 21:51:04,2026-02-14 00:47:37,UTC-06:00,55,65,72,34.37,92.53,5.6,1608,138,75,2026-02-12 21:51:04,2026-02-13 07:20:17,90,16.6,547,569,321,79,147,22,471,16,96,80
2026-02-11 22:23:07,2026-02-12 21:51:04,UTC-06:00,39,67,53,34.61,94.00,7.3,1483,141,75,2026-02-11 22:23:07,2026-02-12 07:24:01,82,16.3,497,540,281,69,147,43,522,69,92,73
2026-02-11 00:36:35,2026-02-11 22:23:07,UTC-06:00,80,58,115,34.58,91.50,6.4,1338,142,73,2026-02-11 00:36:35,2026-02-11 07:14:54,82,16.1,384,398,177,81,126,14,492,37,96,74
2026-02-09 23:56:07,2026-02-11 00:36:35,UTC-06:00,46,63,61,34.52,94.74,6.9,1510,139,77,2026-02-09 23:56:07,2026-02-10 06:49:11,84,16.3,410,413,179,81,150,3,469,16,99,74
2026-02-08 21:29:41,2026-02-09 23:56:07,UTC-06:00,73,61,95,35.29,92.35,5.7,1589,143,72,2026-02-08 21:29:41,2026-02-09 06:52:49,84,16.0,535,563,347,72,116,28,561,108,95,66
2026-02-08 01:44:37,2026-02-08 21:29:41,UTC-06:00,7,78,17,35.11,93.11,5.9,1187,139,82,2026-02-08 01:44:37,2026-02-08 05:48:28,30,16.3,237,243,87,95,55,6,453,0,97,53
2026-02-06 23:11:59,2026-02-08 01:44:37,UTC-06:00,29,65,51,35.06,94.55,6.4,1593,142,79,2026-02-06 23:11:59,2026-02-07 07:10:55,94,16.4,465,478,239,101,125,13,452,0,97,85
2026-02-05 22:32:55,2026-02-06 23:11:59,UTC-06:00,31,67,54,34.89,95.05,5.2,1465,143,74,2026-02-05 22:32:55,2026-02-06 06:59:13,85,16.3,481,506,283,67,131,25,452,0,95,87
2026-02-04 21:48:22,2026-02-05 22:32:55,UTC-06:00,65,61,89,35.46,94.34,5.3,1476,149,71,2026-02-04 21:48:22,2026-02-05 07:26:12,95,16.1,543,577,283,98,162,34,451,0,94,86
2026-02-03 21:51:52,2026-02-04 21:48:22,UTC-06:00,50,62,76,35.30,94.30,4.0,1381,126,69,2026-02-03 21:51:52,2026-02-04 06:58:11,91,16.0,531,546,293,91,147,15,452,0,97,80
2026-02-02 23:35:48,2026-02-03 21:51:52,UTC-06:00,32,64,56,35.65,94.40,5.3,1326,142,73,2026-02-02 23:35:48,2026-02-03 07:29:52,87,16.5,453,474,219,116,118,21,453,0,96,73
2026-02-01 22:14:50,2026-02-02 23:35:48,UTC-06:00,42,64,71,35.29,94.75,6.5,1558,149,73,2026-02-01 22:14:50,2026-02-02 06:56:24,92,16.3,485,521,230,96,159,36,478,19,93,86
2026-01-31 23:02:27,2026-02-01 23:14:50,UTC-05:00,48,61,84,34.94,97.80,9.1,1600,151,75,2026-01-31 23:02:27,2026-02-01 06:44:57,88,16.7,432,462,271,74,87,30,462,0,93,79
2026-01-30 23:20:33,2026-01-31 23:02:27,UTC-05:00,25,68,48,34.98,96.36,10.5,1676,170,76,2026-01-30 23:20:33,2026-01-31 07:38:34,79,17.0,467,498,207,96,164,31,465,0,93,83
2026-01-29 23:44:02,2026-01-30 23:20:33,UTC-05:00,75,58,114,34.95,97.00,11.1,1679,170,71,2026-01-29 23:44:02,2026-01-30 08:10:07,88,16.1,487,506,253,89,145,19,459,0,96,75
2026-01-28 21:10:43,2026-01-29 23:44:02,UTC-05:00,68,60,102,35.00,99.13,9.5,1749,184,73,2026-01-28 21:10:43,2026-01-29 07:35:16,82,17.1,558,624,363,78,117,66,456,0,89,58
2026-01-27 23:19:28,2026-01-28 21:10:43,UTC-05:00,71,60,105,34.88,96.90,7.9,1411,173,68,2026-01-27 23:19:28,2026-01-28 07:52:51,85,16.9,490,513,307,72,111,23,456,0,95,67
2026-01-26 23:55:21,2026-01-27 23:19:28,UTC-05:00,98,52,155,34.56,96.25,8.3,1531,173,67,2026-01-26 23:55:21,2026-01-27 07:57:10,84,16.8,464,481,334,58,72,17,346,0,96,65
2026-01-25 23:15:50,2026-01-26 23:55:21,UTC-05:00,55,65,87,34.46,97.97,6.0,1499,141,68,2026-01-25 23:15:50,2026-01-26 07:32:51,81,16.9,468,497,301,73,94,29,441,57,94,56
2026-01-25 03:17:27,2026-01-25 23:15:50,UTC-05:00,11,70,33,34.92,98.75,5.2,1195,146,76,2026-01-25 03:17:27,2026-01-25 08:40:21,66,17.5,307,322,115,94,98,15,422,37,97,45
2026-01-24 01:07:35,2026-01-25 03:17:27,UTC-05:00,44,62,85,35.33,98.33,6.5,1566,134,76,2026-01-24 01:07:35,2026-01-24 07:45:01,83,16.5,381,397,199,74,108,16,456,0,96,73
2026-01-22 23:15:49,2026-01-24 01:07:35,UTC-05:00,28,63,58,34.80,96.00,7.9,1634,150,77,2026-01-22 23:15:49,2026-01-23 07:55:39,95,16.3,506,519,256,108,142,13,455,0,97,88
2026-01-21 22:50:14,2026-01-22 23:15:49,UTC-05:00,55,55,102,35.55,95.96,7.4,1524,147,69,2026-01-21 22:50:14,2026-01-22 07:39:47,90,15.6,514,529,276,104,134,15,453,0,98,78
2026-01-20 23:10:13,2026-01-21 22:50:14,UTC-05:00,81,53,128,35.13,97.79,6.5,1469,156,66,2026-01-20 23:10:13,2026-01-21 07:07:31,85,15.6,461,477,183,133,145,16,455,0,96,69
2026-01-19 23:19:05,2026-01-20 23:10:13,UTC-05:00,81,55,128,35.02,97.73,7.4,1522,143,70,2026-01-19 23:19:05,2026-01-20 07:09:36,83,15.8,461,470,236,103,122,9,455,0,98,58
2026-01-18 23:33:03,2026-01-19 23:19:05,UTC-05:00,92,52,141,35.45,97.13,7.7,1525,170,68,2026-01-18 23:33:03,2026-01-19 08:45:06,85,16.0,524,552,322,93,109,28,470,0,95,67
2026-01-18 00:52:55,2026-01-18 23:33:03,UTC-05:00,96,49,149,35.38,98.60,12.4,1655,199,67,2026-01-18 00:52:55,2026-01-18 09:29:23,84,15.5,511,516,302,71,138,5,506,55,99,63
2026-01-17 04:11:22,2026-01-18 00:52:55,UTC-05:00,9,71,32,35.73,95.94,4.3,1205,154,69,2026-01-17 04:11:22,2026-01-17 10:51:25,54,16.1,376,400,208,95,73,24,486,0,93,39
2026-01-15 23:28:46,2026-01-17 04:11:22,UTC-05:00,66,58,102,35.16,97.24,15.1,2516,158,76,2026-01-15 23:28:46,2026-01-16 08:22:58,93,16.0,514,534,262,105,147,20,458,0,96,82
2026-01-15 00:54:41,2026-01-15 23:28:46,UTC-05:00,58,60,92,34.64,96.75,8.7,1488,175,72,2026-01-15 00:54:41,2026-01-15 09:22:35,89,16.0,453,507,228,102,123,54,455,0,89,78
2026-01-13 23:29:39,2026-01-15 00:54:41,UTC-05:00,66,59,100,34.99,96.41,7.4,1596,161,72,2026-01-13 23:29:39,2026-01-14 08:35:34,95,16.1,507,545,294,92,121,38,477,0,92,85
2026-01-12 23:42:50,2026-01-13 23:29:39,UTC-05:00,40,59,72,34.99,97.24,13.6,1792,204,73,2026-01-12 23:42:50,2026-01-13 08:52:09,93,16.7,528,549,287,82,159,21,451,0,96,82
2026-01-12 00:15:42,2026-01-12 23:42:50,UTC-05:00,63,54,97,35.41,97.47,4.2,1363,119,65,2026-01-12 00:15:42,2026-01-12 08:31:59,92,16.3,482,496,242,92,148,14,452,0,97,81
2026-01-11 00:39:26,2026-01-12 00:15:42,UTC-05:00,79,60,118,35.16,98.61,5.2,1395,131,68,2026-01-11 00:39:26,2026-01-11 09:04:46,88,16.9,452,505,214,85,153,53,389,20,89,73
2026-01-10 01:09:08,2026-01-11 00:39:26,UTC-05:00,16,68,42,34.44,96.54,6.4,1444,135,72,2026-01-10 01:09:08,2026-01-10 08:45:04,76,16.8,438,455,181,92,165,17,479,0,96,78
2026-01-09 00:08:24,2026-01-10 01:09:08,UTC-05:00,82,57,125,34.91,96.84,14.0,1915,198,75,2026-01-09 00:08:24,2026-01-09 09:01:37,93,16.5,483,533,288,117,78,50,453,0,90,82
2026-01-07 23:09:53,2026-01-09 00:08:24,UTC-05:00,53,57,90,35.23,96.59,6.1,1499,131,70,2026-01-07 23:09:53,2026-01-08 09:11:58,86,16.6,549,602,322,105,122,53,461,9,91,70
2026-01-07 00:23:57,2026-01-07 23:09:53,UTC-05:00,46,60,81,35.87,95.56,4.5,1323,121,70,2026-01-07 00:23:57,2026-01-07 08:38:04,85,16.2,476,494,235,87,154,18,495,41,97,69
2026-01-05 23:23:44,2026-01-07 00:23:57,UTC-05:00,60,59,103,35.22,96.62,6.5,1520,128,72,2026-01-05 23:23:44,2026-01-06 05:59:44,76,16.5,370,396,227,66,77,26,452,0,93,45
2026-01-05 00:43:42,2026-01-05 23:23:44,UTC-05:00,43,60,76,34.54,98.67,5.2,1348,141,71,2026-01-05 00:43:42,2026-01-05 09:08:12,83,16.2,484,504,314,84,86,20,451,0,95,68
2026-01-04 01:04:38,2026-01-05 00:43:42,UTC-05:00,74,56,118,34.78,97.77,4.4,1109,146,70,2026-01-04 01:04:38,2026-01-04 10:28:21,84,15.8,518,563,284,75,159,45,453,0,92,62
2026-01-03 01:48:45,2026-01-04 01:04:38,UTC-05:00,62,58,103,35.20,96.50,5.9,1404,151,69,2026-01-03 01:48:45,2026-01-03 09:56:45,100,15.6,474,488,265,88,121,14,363,0,97,
2026-01-02 01:23:47,2026-01-03 01:48:45,UTC-05:00,81,54,128,34.29,98.08,6.8,1512,156,70,2026-01-02 01:23:47,2026-01-02 08:19:47,100,15.8,377,416,233,54,90,39,350,0,90,
2026-01-01 00:00:00,2026-01-02 01:23:47,UTC-05:00,,,,,,3.0,778,113,76,,,,,,,,,,,,,,
2025-12-29 23:22:51,2025-12-30 23:22:51,UTC-05:00,56,56,108,34.63,97.32,6.6,1463,149,71,2025-12-29 23:22:51,2025-12-30 09:18:25,87,16.0,578,595,314,100,164,17,452,0,97,72
2025-12-29 00:24:41,2025-12-29 23:22:51,UTC-05:00,75,55,130,34.67,96.80,4.9,1361,144,67,2025-12-29 00:24:41,2025-12-29 09:02:26,88,16.4,482,517,282,78,122,35,454,2,93,74
2025-12-28 01:53:06,2025-12-29 00:24:41,UTC-05:00,46,59,94,34.14,98.36,5.1,1336,169,69,2025-12-28 01:53:06,2025-12-28 09:55:55,86,16.3,448,482,225,94,129,34,452,0,92,70
2025-12-27 00:40:34,2025-12-28 01:53:06,UTC-05:00,35,59,74,34.48,99.33,4.6,1474,139,70,2025-12-27 00:40:34,2025-12-27 08:58:59,89,16.9,467,498,265,67,135,31,380,10,93,75
2025-12-26 01:28:03,2025-12-27 00:40:34,UTC-05:00,88,53,142,34.46,97.07,4.3,1348,126,64,2025-12-26 01:28:03,2025-12-26 09:16:27,88,16.8,437,468,247,90,100,31,452,0,93,76
2025-12-25 01:12:09,2025-12-26 01:28:03,UTC-05:00,83,54,131,34.76,97.60,5.7,1463,143,66,2025-12-25 01:12:09,2025-12-25 09:35:31,85,16.4,450,503,229,94,127,53,395,0,89,68
2025-12-24 01:10:33,2025-12-25 01:12:09,UTC-05:00,98,51,151,35.39,98.08,8.5,1515,168,67,2025-12-24 01:10:33,2025-12-24 08:48:53,88,16.6,430,458,225,91,114,28,364,0,93,73
2025-12-23 00:43:51,2025-12-24 01:10:33,UTC-05:00,80,50,123,35.10,97.71,4.1,1421,125,63,2025-12-23 00:43:51,2025-12-23 09:03:29,83,16.6,476,499,238,85,153,23,352,7,95,60
2025-12-22 00:53:19,2025-12-23 00:43:51,UTC-05:00,68,62,107,34.70,98.00,4.7,1401,136,66,2025-12-22 00:53:19,2025-12-22 08:52:58,84,16.8,461,479,266,103,92,18,473,19,96,67
2025-12-21 00:42:23,2025-12-22 00:53:19,UTC-05:00,58,63,99,35.47,96.21,6.2,1465,137,72,2025-12-21 00:42:23,2025-12-21 09:47:55,80,16.8,494,545,306,87,101,51,525,73,90,55
2025-12-20 04:40:21,2025-12-21 00:42:23,UTC-05:00,12,72,38,35.35,96.00,4.6,1178,128,74,2025-12-20 04:40:21,2025-12-20 11:25:21,38,16.1,366,405,230,77,59,39,512,25,91,28
2025-12-19 00:30:40,2025-12-20 04:40:21,UTC-05:00,24,67,57,34.73,95.67,15.2,2504,155,83,2025-12-19 00:30:40,2025-12-19 08:24:53,77,16.5,448,474,265,83,100,26,498,32,94,70
2025-12-17 23:33:07,2025-12-19 00:30:40,UTC-05:00,44,61,89,34.84,96.17,11.4,1778,169,77,2025-12-17 23:33:07,2025-12-18 06:44:52,84,16.6,411,431,191,84,136,20,477,0,95,74
2025-12-16 23:43:58,2025-12-17 23:33:07,UTC-05:00,52,61,106,35.02,96.23,13.6,1794,180,73,2025-12-16 23:43:58,2025-12-17 09:14:28,84,16.5,535,570,257,114,164,35,455,0,93,68
2025-12-15 21:50:57,2025-12-16 23:43:58,UTC-05:00,89,56,140,35.45,97.35,7.7,1625,141,71,2025-12-15 21:50:57,2025-12-16 07:37:44,83,16.6,553,586,291,97,165,33,503,46,94,61
2025-12-14 23:08:02,2025-12-15 21:50:57,UTC-05:00,53,58,112,34.68,95.78,8.2,1442,150,72,2025-12-14 23:08:02,2025-12-15 05:45:19,78,16.7,380,397,192,101,87,17,474,0,95,59
2025-12-13 23:58:18,2025-12-14 23:08:02,UTC-05:00,94,54,151,34.79,95.30,13.1,1816,171,75,2025-12-13 23:58:18,2025-12-14 08:19:14,96,16.8,481,500,249,106,126,19,453,0,96,86
2025-12-12 23:31:08,2025-12-13 23:58:18,UTC-05:00,67,59,105,34.68,97.83,5.8,1471,139,71,2025-12-12 23:31:08,2025-12-13 09:15:40,90,17.3,539,584,285,83,171,45,452,0,92,80
2025-12-12 00:34:06,2025-12-12 23:31:08,UTC-05:00,59,55,92,35.30,97.65,4.7,1343,126,68,2025-12-12 00:34:06,2025-12-12 08:52:01,92,16.6,485,497,200,114,171,12,469,16,97,81
2025-12-11 01:01:39,2025-12-12 00:34:06,UTC-05:00,96,51,149,35.32,96.53,5.5,1411,153,67,2025-12-11 01:01:39,2025-12-11 08:25:06,87,16.9,419,443,237,88,94,24,452,0,94,78
2025-12-09 23:13:28,2025-12-11 01:01:39,UTC-05:00,98,50,144,35.03,96.94,5.3,1542,140,65,2025-12-09 23:13:28,2025-12-10 08:15:44,86,16.6,465,542,252,63,150,77,452,0,85,81
2025-12-09 00:10:55,2025-12-09 23:13:28,UTC-05:00,79,57,111,35.01,97.26,4.6,1350,130,66,2025-12-09 00:10:55,2025-12-09 08:49:10,92,16.5,485,518,262,101,122,33,459,0,93,80
2025-12-07 23:27:50,2025-12-09 00:10:55,UTC-05:00,98,47,164,35.02,98.17,9.3,1600,174,68,2025-12-07 23:27:50,2025-12-08 08:05:40,86,16.2,491,517,278,116,97,26,422,22,95,69
2025-12-07 00:33:18,2025-12-07 23:27:50,UTC-05:00,89,54,123,34.89,97.00,4.6,1345,138,63,2025-12-07 00:33:18,2025-12-07 08:57:53,85,16.6,453,504,229,85,139,51,498,22,89,74
2025-12-06 00:00:00,2025-12-07 00:33:18,UTC-05:00,,,,,,13.3,1619,156,84,,,,,,,,,,,,,,
2025-12-04 23:41:31,2025-12-06 00:00:00,UTC-05:00,59,57,100,34.31,96.87,10.1,1636,143,76,2025-12-04 23:41:31,2025-12-05 07:19:47,90,16.1,450,458,195,97,158,8,486,29,98,83
2025-12-03 23:42:41,2025-12-04 23:41:31,UTC-05:00,61,56,102,34.58,97.05,8.0,1549,149,73,2025-12-03 23:42:41,2025-12-04 07:18:41,81,16.5,394,456,195,103,96,62,454,0,86,72
2025-12-03 00:28:10,2025-12-03 23:42:41,UTC-05:00,69,54,107,35.26,98.38,6.8,1449,143,70,2025-12-03 00:28:10,2025-12-03 08:39:40,95,15.9,472,491,255,105,112,19,464,12,96,86
2025-12-02 00:54:38,2025-12-03 00:28:10,UTC-05:00,77,57,117,35.05,96.00,4.5,1370,132,69,2025-12-02 00:54:38,2025-12-02 09:08:38,86,16.5,435,494,228,81,126,59,455,0,88,78
2025-11-30 23:26:06,2025-12-02 00:54:38,UTC-05:00,71,55,109,34.56,97.30,7.4,1597,177,69,2025-11-30 23:26:06,2025-12-01 08:31:42,86,16.2,526,545,286,87,153,19,454,0,96,71
2025-11-30 00:12:34,2025-11-30 23:26:06,UTC-05:00,89,58,128,34.78,97.64,6.8,1419,142,67,2025-11-30 00:12:34,2025-11-30 10:02:05,86,16.5,563,589,293,97,173,26,455,0,95,72
2025-11-29 00:27:04,2025-11-30 00:12:34,UTC-05:00,47,62,78,35.22,96.77,7.6,1520,175,69,2025-11-29 00:27:04,2025-11-29 08:48:55,88,16.5,471,501,264,85,122,30,440,48,94,74
2025-11-28 00:07:04,2025-11-29 00:27:04,UTC-05:00,27,64,55,34.61,98.72,6.1,1478,171,71,2025-11-28 00:07:04,2025-11-28 07:49:46,85,16.2,439,462,243,72,124,23,515,26,94,79
2025-11-27 01:35:22,2025-11-28 00:07:04,UTC-05:00,70,56,108,34.84,98.50,15.3,1918,186,78,2025-11-27 01:35:22,2025-11-27 08:38:56,86,15.0,410,423,200,93,117,13,452,0,96,76
2025-11-25 23:48:13,2025-11-27 01:35:22,UTC-05:00,79,56,118,34.78,97.38,5.1,1511,133,69,2025-11-25 23:48:13,2025-11-26 08:56:10,86,16.0,524,547,337,88,99,23,453,0,95,69
2025-11-25 00:10:09,2025-11-25 23:48:13,UTC-05:00,79,55,118,34.97,98.09,6.1,1435,136,70,2025-11-25 00:10:09,2025-11-25 09:05:57,83,16.0,511,535,259,100,152,24,505,52,95,60
2025-11-24 00:42:04,2025-11-25 00:10:09,UTC-05:00,55,63,92,35.49,96.90,5.6,1411,169,71,2025-11-24 00:42:04,2025-11-24 08:14:34,76,16.3,410,452,211,89,110,42,492,39,90,55
2025-11-23 03:10:12,2025-11-24 00:42:04,UTC-05:00,19,71,42,34.84,97.60,5.0,1289,128,73,2025-11-23 03:10:12,2025-11-23 10:28:39,60,16.6,406,438,186,97,123,32,486,33,92,56
2025-11-22 04:33:46,2025-11-23 03:10:12,UTC-05:00,8,75,26,35.40,97.53,5.8,1363,143,78,2025-11-22 04:33:46,2025-11-22 11:29:33,44,16.1,399,415,180,122,97,16,466,8,96,31
2025-11-21 00:35:44,2025-11-22 04:33:46,UTC-05:00,59,56,105,34.72,98.36,9.0,1790,163,74,2025-11-21 00:35:44,2025-11-21 08:39:03,89,15.5,438,483,238,81,119,45,451,0,90,78
2025-11-19 23:27:20,2025-11-21 00:35:44,UTC-05:00,88,54,134,35.39,96.78,4.2,1449,114,65,2025-11-19 23:27:20,2025-11-20 07:42:22,85,14.9,475,495,297,88,90,20,452,0,96,70
2025-11-18 23:32:47,2025-11-19 23:27:20,UTC-05:00,55,56,95,35.08,95.70,5.3,1433,142,66,2025-11-18 23:32:47,2025-11-19 08:33:26,84,15.5,519,540,296,91,132,21,477,20,96,65
2025-11-18 00:14:05,2025-11-18 23:32:47,UTC-05:00,75,51,118,34.67,98.36,8.1,1410,153,65,2025-11-18 00:14:05,2025-11-18 08:56:29,80,15.5,459,522,251,91,117,63,500,42,88,60
2025-11-17 00:23:01,2025-11-18 00:14:05,UTC-05:00,95,53,154,35.03,95.79,8.7,1590,157,68,2025-11-17 00:23:01,2025-11-17 06:47:42,75,15.4,366,384,183,92,91,18,451,0,95,37
2025-11-16 03:31:01,2025-11-17 00:23:01,UTC-05:00,29,64,57,34.84,94.89,4.3,1220,133,67,2025-11-16 03:31:01,2025-11-16 12:29:28,76,15.6,528,538,217,106,205,10,507,11,98,28
2025-11-15 00:27:49,2025-11-16 03:31:01,UTC-05:00,69,59,106,34.85,97.37,16.4,2633,168,84,2025-11-15 00:27:49,2025-11-15 09:01:19,83,15.3,452,513,295,48,109,61,475,6,88,70
2025-11-13 22:30:08,2025-11-15 00:27:49,UTC-05:00,78,59,120,34.80,97.32,12.0,1653,141,71,2025-11-13 22:30:08,2025-11-14 07:09:36,88,15.7,504,519,272,88,144,15,514,61,97,75
2025-11-13 00:03:37,2025-11-13 22:30:08,UTC-05:00,46,60,96,35.07,97.59,5.4,1355,133,69,2025-11-13 00:03:37,2025-11-13 07:28:37,86,15.8,434,445,223,94,117,11,530,42,97,85
2025-11-12 00:13:57,2025-11-13 00:03:37,UTC-05:00,26,62,72,34.74,98.40,15.4,2026,189,79,2025-11-12 00:13:57,2025-11-12 07:14:44,79,15.4,399,420,211,81,107,21,483,28,95,73
2025-11-11 00:27:54,2025-11-12 00:13:57,UTC-05:00,25,62,67,35.02,98.04,7.3,1469,147,75,2025-11-11 00:27:54,2025-11-11 08:15:45,84,16.1,422,467,257,76,89,45,467,0,90,74
2025-11-09 23:45:17,2025-11-11 00:27:54,UTC-05:00,69,52,129,34.89,97.18,11.7,1694,161,71,2025-11-09 23:45:17,2025-11-10 08:47:47,89,15.8,524,542,248,95,181,18,452,0,96,75
2025-11-08 22:50:14,2025-11-09 23:45:17,UTC-05:00,79,53,137,34.74,97.93,5.1,1483,129,60,2025-11-08 22:50:14,2025-11-09 10:07:53,85,15.9,667,677,365,84,218,10,480,12,98,66
2025-11-08 01:50:53,2025-11-08 22:50:14,UTC-05:00,55,57,99,34.28,97.50,12.0,1404,136,72,2025-11-08 01:50:53,2025-11-08 09:35:20,82,15.9,439,464,233,82,124,25,458,0,94,59
2025-11-06 23:18:42,2025-11-08 01:50:53,UTC-05:00,64,53,113,35.37,98.46,8.8,1589,168,66,2025-11-06 23:18:42,2025-11-07 07:41:42,91,15.9,473,503,260,87,126,30,452,0,94,81
2025-11-05 23:09:10,2025-11-06 23:18:42,UTC-05:00,74,54,127,34.47,97.74,5.1,1429,130,64,2025-11-05 23:09:10,2025-11-06 08:25:33,83,16.1,487,556,280,80,127,69,457,4,87,67
2025-11-05 00:15:37,2025-11-05 23:09:10,UTC-05:00,72,54,126,35.56,97.85,5.0,1356,139,66,2025-11-05 00:15:37,2025-11-05 08:39:37,83,15.2,488,504,300,91,97,16,496,43,97,61
2025-11-04 00:39:36,2025-11-05 00:15:37,UTC-05:00,53,58,100,34.71,99.25,5.7,1426,137,69,2025-11-04 00:39:36,2025-11-04 07:42:36,78,15.8,404,423,254,77,73,19,472,0,95,50
2025-11-02 23:52:57,2025-11-04 00:39:36,UTC-05:00,80,49,140,34.95,95.50,12.7,1877,171,70,2025-11-02 23:52:57,2025-11-03 08:44:48,77,16.0,512,531,348,62,102,19,411,69,96,28
2025-11-02 00:38:59,2025-11-02 23:52:57,UTC-05:00,,,,,,5.6,952,139,71,,,,,,,,,,,,,,
2025-11-01 04:11:04,2025-11-02 01:38:59,UTC-04:00,19,67,50,34.78,97.00,11.4,1641,144,78,2025-11-01 04:11:04,2025-11-01 11:48:05,59,15.6,393,457,211,65,117,64,533,79,86,31
2025-10-31 01:24:32,2025-11-01 04:11:04,UTC-04:00,26,61,64,34.74,98.25,5.8,1614,161,73,2025-10-31 01:24:32,2025-10-31 08:15:21,81,15.5,388,410,207,59,122,22,512,8,94,70
2025-10-29 22:50:49,2025-10-31 01:24:32,UTC-04:00,56,56,105,34.83,96.17,17.5,2332,195,73,2025-10-29 22:50:49,2025-10-30 07:18:37,87,15.1,489,507,289,73,127,18,503,26,96,73
2025-10-29 00:32:19,2025-10-29 22:50:49,UTC-04:00,61,58,115,35.45,97.42,13.6,1778,177,74,2025-10-29 00:32:19,2025-10-29 08:34:10,83,15.4,419,481,287,67,65,62,460,0,87,76
2025-10-27 22:51:07,2025-10-29 00:32:19,UTC-04:00,70,51,123,34.57,96.85,9.7,1614,137,68,2025-10-27 22:51:07,2025-10-28 08:48:25,85,15.4,582,597,350,86,146,15,511,58,97,67
2025-10-26 23:09:19,2025-10-27 22:51:07,UTC-04:00,81,56,142,35.35,95.95,5.8,1420,132,69,2025-10-26 23:09:19,2025-10-27 08:20:11,77,15.6,478,550,254,83,141,72,569,117,86,61
2025-10-26 02:59:01,2025-10-26 23:09:19,UTC-04:00,15,68,48,34.63,98.25,4.6,822,129,62,2025-10-26 02:59:01,2025-10-26 08:04:03,51,15.7,291,305,161,88,42,14,527,73,95,66
2025-10-25 01:39:26,2025-10-26 02:59:01,UTC-04:00,42,60,95,34.74,97.11,6.4,1540,143,73,2025-10-25 01:39:26,2025-10-25 07:09:55,79,15.4,320,330,180,62,78,10,467,12,96,71
2025-10-24 01:02:54,2025-10-25 01:39:26,UTC-04:00,60,55,111,34.79,98.25,6.7,1523,142,69,2025-10-24 01:02:54,2025-10-24 09:09:52,84,14.8,470,486,207,110,153,16,490,35,96,67
2025-10-23 00:02:39,2025-10-24 01:02:54,UTC-04:00,52,60,98,35.05,96.69,7.5,1569,142,71,2025-10-23 00:02:39,2025-10-23 07:09:59,84,16.0,401,427,246,73,82,26,456,0,94,72
2025-10-21 23:22:06,2025-10-23 00:02:39,UTC-04:00,84,51,146,34.88,98.45,8.1,1597,145,69,2025-10-21 23:22:06,2025-10-22 08:51:11,87,15.5,543,569,310,105,128,26,454,0,95,71
2025-10-20 23:28:46,2025-10-21 23:22:06,UTC-04:00,82,49,142,34.74,98.27,6.3,1463,142,65,2025-10-20 23:28:46,2025-10-21 07:16:49,82,15.5,451,468,307,81,63,17,452,0,96,59
2025-10-19 23:17:49,2025-10-20 23:28:46,UTC-04:00,51,62,91,34.81,98.11,4.5,1414,123,68,2025-10-19 23:17:49,2025-10-20 08:09:53,75,16.1,506,532,298,99,109,26,402,21,95,43
2025-10-19 01:59:42,2025-10-19 23:17:49,UTC-04:00,35,62,68,34.79,98.15,5.6,1290,166,70,2025-10-19 01:59:42,2025-10-19 10:47:39,68,16.0,440,527,226,98,116,87,483,0,83,40
2025-10-17 23:09:52,2025-10-19 01:59:42,UTC-04:00,80,54,139,35.45,97.00,14.6,2128,190,75,2025-10-17 23:09:52,2025-10-18 08:38:55,82,16.0,554,569,304,77,173,15,455,61,97,57
2025-10-16 23:03:13,2025-10-17 23:09:52,UTC-04:00,,,,,,5.1,1061,136,73,,,,,,,,,,,,,,
2025-10-15 23:03:13,2025-10-16 23:03:13,UTC-04:00,55,56,117,34.63,97.73,15.1,1959,180,74,2025-10-15 23:03:13,2025-10-16 06:13:08,77,16.2,410,427,266,59,85,17,534,36,96,56
2025-10-15 01:43:24,2025-10-15 23:03:13,UTC-04:00,91,49,171,34.77,98.46,16.6,2031,191,74,2025-10-15 01:43:24,2025-10-15 07:23:54,78,16.5,327,336,179,92,56,9,401,0,97,52
2025-10-13 23:31:20,2025-10-15 01:43:24,UTC-04:00,95,48,169,34.89,98.40,5.3,1561,145,59,2025-10-13 23:31:20,2025-10-14 08:17:51,85,16.2,495,526,273,94,128,31,416,6,94,66
2025-10-12 23:09:58,2025-10-13 23:31:20,UTC-04:00,96,47,169,34.74,97.64,13.5,1903,179,68,2025-10-12 23:09:58,2025-10-13 08:24:27,83,16.1,510,545,313,98,99,35,520,67,93,61
2025-10-12 01:57:56,2025-10-12 23:09:58,UTC-04:00,33,65,66,34.45,98.67,5.4,1273,152,68,2025-10-12 01:57:56,2025-10-12 07:49:57,71,17.5,324,352,135,88,101,28,459,0,92,55
2025-10-11 00:14:55,2025-10-12 01:57:56,UTC-04:00,79,57,127,34.31,98.61,9.2,1630,144,72,2025-10-11 00:14:55,2025-10-11 10:04:06,80,17.1,541,584,267,82,192,43,386,39,92,49
2025-10-10 00:39:52,2025-10-11 00:14:55,UTC-04:00,67,55,112,34.80,97.58,4.2,1373,113,61,2025-10-10 00:39:52,2025-10-10 08:04:22,79,16.3,385,442,209,76,100,57,464,11,87,70
2025-10-08 22:52:25,2025-10-10 00:39:52,UTC-04:00,78,52,125,33.62,96.31,5.5,1542,145,64,2025-10-08 22:52:25,2025-10-09 06:55:06,81,16.2,473,482,316,67,90,9,496,0,98,57
2025-10-08 00:26:53,2025-10-08 22:52:25,UTC-04:00,61,58,99,34.95,98.89,16.5,1989,189,73,2025-10-08 00:26:53,2025-10-08 09:19:24,84,16.7,520,532,331,105,84,12,429,19,98,67
2025-10-06 22:54:31,2025-10-08 00:26:53,UTC-04:00,91,55,146,34.82,97.39,5.4,1518,142,68,2025-10-06 22:54:31,2025-10-07 08:44:20,85,16.9,514,589,311,86,117,75,545,92,87,
2025-10-06 01:36:59,2025-10-06 22:54:31,UTC-04:00,94,51,171,34.66,96.21,5.3,1281,151,67,2025-10-06 01:36:59,2025-10-06 08:52:40,82,16.0,415,431,183,94,138,16,559,78,96,
2025-10-05 00:00:00,2025-10-06 01:36:59,UTC-04:00,,,,,,14.3,1734,183,77,,,,,,,,,,,,,,
2025-10-04 00:00:00,2025-10-05 00:00:00,UTC-04:00,,,,,,17.3,2392,162,97,,,,,,,,,,,,,,
2025-10-02 02:19:31,2025-10-02 22:43:59,UTC-04:00,62,53,108,34.27,97.68,7.0,1275,172,72,2025-10-02 02:19:31,2025-10-02 07:38:02,75,15.8,297,313,151,85,61,16,454,0,95,60
2025-09-30 22:43:59,2025-10-02 02:19:31,UTC-04:00,87,49,138,35.18,97.13,6.7,1695,147,67,2025-09-30 22:43:59,2025-10-01 07:31:30,83,14.7,503,526,254,113,136,23,452,0,95,58
2025-09-30 00:07:23,2025-09-30 22:43:59,UTC-04:00,74,54,119,34.89,98.31,4.6,1322,137,63,2025-09-30 00:07:23,2025-09-30 08:33:16,84,14.7,475,502,286,68,121,27,457,0,94,63
2025-09-28 23:30:22,2025-09-30 00:07:23,UTC-04:00,81,52,127,34.56,97.32,8.7,1553,140,69,2025-09-28 23:30:22,2025-09-29 07:59:32,79,15.4,488,509,249,78,161,21,462,127,95,43
2025-09-28 02:59:21,2025-09-28 23:30:22,UTC-04:00,23,66,50,34.56,97.88,6.9,1298,160,74,2025-09-28 02:59:21,2025-09-28 09:26:51,73,15.5,352,387,154,60,138,35,576,112,91,66
2025-09-26 00:44:11,2025-09-28 02:59:21,UTC-04:00,35,66,60,34.86,97.13,10.7,2783,164,80,2025-09-26 00:44:11,2025-09-26 07:51:11,74,16.6,374,424,231,57,86,50,549,82,88,66
2025-09-25 00:28:40,2025-09-26 00:44:11,UTC-04:00,24,65,46,35.46,96.23,11.6,1698,184,77,2025-09-25 00:28:40,2025-09-25 09:02:23,79,16.0,501,512,257,96,148,11,630,118,97,61
2025-09-24 03:10:16,2025-09-25 00:28:40,UTC-04:00,32,62,70,34.81,97.55,18.6,2220,196,84,2025-09-24 03:10:16,2025-09-24 08:59:16,76,16.7,343,349,154,70,119,6,527,69,98,66
2025-09-23 02:16:30,2025-09-24 03:10:16,UTC-04:00,77,50,128,34.74,97.67,8.9,1625,183,70,2025-09-23 02:16:30,2025-09-23 10:03:31,77,16.1,412,467,218,96,98,55,519,67,88,57
2025-09-22 01:57:09,2025-09-23 02:16:30,UTC-04:00,54,61,97,34.55,96.67,5.1,1453,144,66,2025-09-22 01:57:09,2025-09-22 09:18:32,68,16.6,374,441,210,58,106,67,508,113,84,38
2025-09-21 06:03:56,2025-09-22 01:57:09,UTC-04:00,12,69,37,35.51,94.46,5.2,1188,138,76,2025-09-21 06:03:56,2025-09-21 11:03:56,55,15.6,279,296,142,93,44,17,506,127,94,24
2025-09-20 00:33:39,2025-09-21 06:03:56,UTC-04:00,19,63,58,34.12,96.67,18.3,3326,168,88,2025-09-20 00:33:39,2025-09-20 04:31:09,53,16.2,227,237,109,76,42,10,490,3,95,76
2025-09-18 23:00:02,2025-09-20 00:33:39,UTC-04:00,85,50,133,34.91,98.00,15.3,2094,192,76,2025-09-18 23:00:02,2025-09-19 07:14:33,88,16.1,480,494,308,61,111,14,485,32,97,75
2025-09-17 23:40:04,2025-09-18 23:00:02,UTC-04:00,52,49,89,34.65,97.55,5.7,1387,141,65,2025-09-17 23:40:04,2025-09-18 07:49:21,82,16.4,475,486,223,88,164,11,526,73,97,65
2025-09-16 23:16:03,2025-09-17 23:40:04,UTC-04:00,57,52,98,34.43,95.86,5.2,1466,136,61,2025-09-16 23:16:03,2025-09-17 07:00:02,76,15.8,450,463,205,109,136,13,565,112,97,47
2025-09-16 02:49:18,2025-09-16 23:16:03,UTC-04:00,80,52,157,35.56,95.57,5.2,1234,139,67,2025-09-16 02:49:18,2025-09-16 08:18:08,65,15.9,298,323,154,73,71,25,523,70,92,49
2025-09-14 23:15:22,2025-09-16 02:49:18,UTC-04:00,72,59,118,34.61,98.21,4.8,1619,130,71,2025-09-14 23:15:22,2025-09-15 05:54:23,71,17.1,382,398,235,83,64,16,524,127,95,27
2025-09-14 04:02:23,2025-09-14 23:15:22,UTC-04:00,43,62,97,35.36,96.28,5.6,1161,140,75,2025-09-14 04:02:23,2025-09-14 09:50:53,55,16.5,295,346,170,59,66,51,565,73,85,58
2025-09-12 02:53:50,2025-09-14 04:02:23,UTC-04:00,25,66,54,34.99,97.06,16.2,3516,169,86,2025-09-12 02:53:50,2025-09-12 10:28:49,71,15.5,425,448,227,105,93,23,572,108,94,46
2025-09-11 00:11:54,2025-09-12 02:53:50,UTC-04:00,49,63,92,35.24,96.75,10.7,1808,142,80,2025-09-11 00:11:54,2025-09-11 06:07:24,71,16.6,334,352,118,120,96,18,552,84,95,62
2025-09-10 02:04:26,2025-09-11 00:11:54,UTC-04:00,52,62,93,35.05,96.41,11.7,1644,169,79,2025-09-10 02:04:26,2025-09-10 08:31:26,77,15.5,366,385,186,76,104,19,535,69,95,69
2025-09-08 23:10:30,2025-09-10 02:04:26,UTC-04:00,60,59,107,34.78,96.68,11.3,1875,148,78,2025-09-08 23:10:30,2025-09-09 07:04:58,77,15.6,429,469,217,103,109,40,568,74,92,56
2025-09-08 01:43:30,2025-09-08 23:10:30,UTC-04:00,63,56,105,35.00,99.18,16.1,1984,196,80,2025-09-08 01:43:30,2025-09-08 08:05:13,78,15.8,349,376,171,75,103,27,498,35,92,62
2025-09-07 01:46:08,2025-09-08 01:43:30,UTC-04:00,60,60,98,35.38,96.18,10.4,1532,150,75,2025-09-07 01:46:08,2025-09-07 08:48:20,76,16.0,391,411,195,104,92,20,462,0,95,44
2025-09-05 23:10:44,2025-09-07 01:46:08,UTC-04:00,48,62,80,35.77,98.09,10.4,1798,154,75,2025-09-05 23:10:44,2025-09-06 10:40:07,79,15.9,664,688,334,81,249,24,368,16,96,43
2025-09-04 22:53:12,2025-09-05 23:10:44,UTC-04:00,,,,,,6.3,801,125,81,,,,,,,,,,,,,,
2025-09-03 22:53:32,2025-09-04 22:53:12,UTC-04:00,67,55,122,35.49,95.07,9.5,1601,148,72,2025-09-03 22:53:32,2025-09-04 06:45:44,84,15.6,428,471,276,60,92,43,453,0,90,75
2025-09-02 22:53:12,2025-09-03 22:53:32,UTC-04:00,89,49,153,34.82,97.27,6.2,1468,136,67,2025-09-02 22:53:12,2025-09-03 06:59:42,84,16.2,466,486,300,84,82,20,457,0,95,63
2025-09-01 22:47:50,2025-09-02 22:53:12,UTC-04:00,90,54,154,34.46,96.14,8.2,1451,134,64,2025-09-01 22:47:50,2025-09-02 07:45:45,81,16.5,528,532,282,89,157,4,452,0,99,55
2025-09-01 00:09:47,2025-09-01 22:47:50,UTC-04:00,41,62,83,34.78,95.56,4.6,1335,123,64,2025-09-01 00:09:47,2025-09-01 10:31:17,86,16.3,588,619,417,62,109,31,489,0,94,74
2025-08-31 00:11:28,2025-09-01 00:09:47,UTC-04:00,16,70,42,35.28,96.88,15.5,2316,151,86,2025-08-31 00:11:28,2025-08-31 09:25:55,65,16.9,507,539,301,95,111,32,395,0,94,68
2025-08-30 00:57:56,2025-08-31 00:11:28,UTC-04:00,28,66,58,34.75,96.76,7.7,1463,142,76,2025-08-30 00:57:56,2025-08-30 09:36:33,71,16.3,466,513,248,88,130,47,463,0,92,63
2025-08-28 23:40:01,2025-08-30 00:57:56,UTC-04:00,71,55,120,34.79,97.97,10.7,1729,140,74,2025-08-28 23:40:01,2025-08-29 08:44:32,89,15.6,538,544,290,83,165,6,507,0,98,76
2025-08-27 22:50:39,2025-08-28 23:40:01,UTC-04:00,77,51,129,34.82,98.19,17.9,2256,189,72,2025-08-27 22:50:39,2025-08-28 07:52:12,93,15.4,514,536,326,85,103,22,474,19,95,82
2025-08-26 23:08:07,2025-08-27 22:50:39,UTC-04:00,75,51,128,33.94,96.50,6.7,1465,134,68,2025-08-26 23:08:07,2025-08-27 06:59:38,91,15.2,465,471,281,96,88,6,496,0,99,84
2025-08-25 23:15:08,2025-08-26 23:08:07,UTC-04:00,70,49,119,34.34,96.31,16.4,2007,190,71,2025-08-25 23:15:08,2025-08-26 07:06:56,91,15.9,457,471,240,83,134,14,454,0,97,79
2025-08-24 23:51:20,2025-08-25 23:15:08,UTC-04:00,65,54,111,34.18,96.83,6.4,1388,134,62,2025-08-24 23:51:20,2025-08-25 07:33:20,88,15.9,453,461,265,70,118,8,408,18,99,73
2025-08-23 23:35:49,2025-08-24 23:51:20,UTC-04:00,49,56,90,35.15,98.53,7.5,1486,144,71,2025-08-23 23:35:49,2025-08-24 08:12:03,86,15.8,500,511,275,84,141,11,528,74,97,75
2025-08-23 00:00:00,2025-08-23 23:35:49,UTC-04:00,,,,,,6.1,936,128,84,,,,,,,,,,,,,,
2025-08-21 23:11:19,2025-08-23 00:00:00,UTC-04:00,17,64,59,34.95,97.70,13.0,1951,159,82,2025-08-21 23:11:19,2025-08-22 06:36:45,81,15.8,418,442,263,57,98,24,568,58,98,77
2025-08-20 23:58:37,2025-08-21 23:11:19,UTC-04:00,51,56,97,34.67,98.57,18.4,2197,195,82,2025-08-20 23:58:37,2025-08-21 06:30:38,80,15.5,352,389,191,70,91,37,468,8,90,69
2025-08-19 22:20:53,2025-08-20 23:58:37,UTC-04:00,50,57,94,34.66,98.43,9.5,1730,143,74,2025-08-19 22:20:53,2025-08-20 07:10:25,83,15.7,509,529,347,71,91,20,526,33,96,61
2025-08-19 01:59:30,2025-08-19 22:20:53,UTC-04:00,49,53,99,35.62,98.85,16.0,1823,196,77,2025-08-19 01:59:30,2025-08-19 08:41:23,82,15.6,396,400,192,87,117,4,462,9,99,68
2025-08-17 23:35:30,2025-08-19 01:59:30,UTC-04:00,67,52,115,34.76,98.71,5.3,1564,129,68,2025-08-17 23:35:30,2025-08-18 07:50:32,94,15.9,476,494,244,98,134,18,491,23,96,86
2025-08-17 00:28:08,2025-08-17 23:35:30,UTC-04:00,39,60,83,34.98,97.75,11.8,1416,133,73,2025-08-17 00:28:08,2025-08-17 07:52:42,86,15.9,423,443,216,91,116,20,461,0,95,77
2025-08-15 23:41:04,2025-08-17 00:28:08,UTC-04:00,70,55,122,34.65,98.05,9.9,1703,152,73,2025-08-15 23:41:04,2025-08-16 08:48:35,91,15.6,535,547,309,72,154,12,468,0,97,80
2025-08-14 22:58:33,2025-08-15 23:41:04,UTC-04:00,52,60,98,33.79,98.25,11.9,1632,166,70,2025-08-14 22:58:33,2025-08-15 08:24:11,88,15.6,554,563,286,76,192,9,511,54,98,75
2025-08-13 23:22:14,2025-08-14 22:58:33,UTC-04:00,80,53,139,35.29,98.25,8.3,1519,144,72,2025-08-13 23:22:14,2025-08-14 06:18:00,80,15.8,398,415,223,75,100,17,482,29,95,63
2025-08-12 23:30:40,2025-08-13 23:22:14,UTC-04:00,30,63,67,34.26,98.48,5.5,1425,131,71,2025-08-12 23:30:40,2025-08-13 07:39:41,80,16.2,471,489,252,99,120,18,516,0,96,63
2025-08-11 22:50:04,2025-08-12 23:30:40,UTC-04:00,51,60,107,34.82,98.23,19.3,2654,199,82,2025-08-11 22:50:04,2025-08-12 08:14:29,78,16.5,513,561,313,65,135,48,511,42,92,51
2025-08-11 01:44:47,2025-08-11 22:50:04,UTC-04:00,60,60,126,35.17,98.40,11.9,1553,179,77,2025-08-11 01:44:47,2025-08-11 08:01:05,77,16.8,366,371,208,85,73,5,452,0,99,55
2025-08-10 02:41:40,2025-08-11 01:44:47,UTC-04:00,21,69,45,34.99,97.25,5.0,1352,120,72,2025-08-10 02:41:40,2025-08-10 12:12:41,57,16.5,550,567,355,97,98,17,521,0,96,37
2025-08-08 23:40:57,2025-08-10 02:41:40,UTC-04:00,30,64,67,35.52,95.73,20.0,3540,189,85,2025-08-08 23:40:57,2025-08-09 10:25:53,68,15.2,581,640,372,77,132,59,540,35,90,64
2025-08-08 00:01:24,2025-08-08 23:40:57,UTC-04:00,83,52,143,34.67,98.82,17.5,2675,160,80,2025-08-08 00:01:24,2025-08-08 07:19:54,84,15.5,422,438,188,100,134,16,494,31,96,76
2025-08-06 23:37:46,2025-08-08 00:01:24,UTC-04:00,96,51,163,35.63,96.00,10.2,1575,140,69,2025-08-06 23:37:46,2025-08-07 06:29:45,80,15.2,394,411,225,78,91,17,458,0,95,59
2025-08-05 22:59:54,2025-08-06 23:37:46,UTC-04:00,98,51,162,34.73,98.64,9.0,1530,146,63,2025-08-05 22:59:54,2025-08-06 08:42:15,83,15.5,550,577,328,110,112,27,453,0,95,58
2025-08-04 23:16:15,2025-08-05 22:59:54,UTC-04:00,98,54,159,33.88,98.39,5.5,1417,133,64,2025-08-04 23:16:15,2025-08-05 08:26:43,79,16.2,531,550,319,92,120,19,451,0,96,44
2025-08-04 01:23:16,2025-08-04 23:16:15,UTC-04:00,65,57,111,35.21,98.25,4.0,1267,117,63,2025-08-04 01:23:16,2025-08-04 10:08:48,100,15.8,502,524,282,103,117,22,465,0,95,
2025-08-03 00:00:00,2025-08-04 01:23:16,UTC-04:00,,,,,,11.1,1390,152,82,,,,,,,,,,,,,,
2025-08-02 00:44:08,2025-08-03 00:00:00,UTC-04:00,98,52,156,35.26,98.25,11.6,1579,135,69,2025-08-02 00:44:08,2025-08-02 10:37:04,81,15.5,578,592,308,90,180,14,465,13,97,53
2025-08-01 00:00:00,2025-08-02 00:44:08,UTC-04:00,,,,,,4.9,1010,121,73,,,,,,,,,,,,,,
2025-07-30 23:08:09,2025-08-01 00:00:00,UTC-04:00,59,55,115,34.41,96.47,12.7,1862,141,78,2025-07-30 23:08:09,2025-07-31 07:03:17,88,15.3,445,471,271,83,91,26,472,3,94,79
2025-07-29 23:40:17,2025-07-30 23:08:09,UTC-04:00,49,56,105,34.79,98.88,12.0,1601,152,71,2025-07-29 23:40:17,2025-07-30 07:49:47,93,15.3,463,485,250,93,120,22,467,0,95,84
2025-07-28 23:30:09,2025-07-29 23:40:17,UTC-04:00,98,50,163,35.18,97.33,11.7,1721,155,72,2025-07-28 23:30:09,2025-07-29 07:37:39,88,15.1,466,482,259,83,124,16,452,0,96,74
2025-07-27 23:18:06,2025-07-28 23:30:09,UTC-04:00,73,50,128,34.83,98.05,4.6,1414,134,61,2025-07-27 23:18:06,2025-07-28 08:39:18,91,15.4,522,561,344,74,104,39,457,0,93,79
2025-07-27 00:19:42,2025-07-27 23:18:06,UTC-04:00,71,52,131,35.18,98.41,8.6,1404,142,66,2025-07-27 00:19:42,2025-07-27 09:41:43,93,15.3,546,561,270,88,188,15,456,0,97,82
2025-07-26 00:24:52,2025-07-27 00:19:42,UTC-04:00,59,54,120,35.10,99.28,7.7,1457,160,64,2025-07-26 00:24:52,2025-07-26 09:37:54,87,15.3,538,551,287,103,148,13,455,0,98,72
2025-07-24 22:20:34,2025-07-26 00:24:52,UTC-04:00,39,58,95,34.63,98.17,7.2,1614,131,68,2025-07-24 22:20:34,2025-07-25 09:00:34,84,16.3,607,637,347,107,153,30,508,0,95,75
2025-07-23 23:35:19,2025-07-24 22:20:34,UTC-04:00,57,53,118,34.65,98.00,18.1,2048,191,73,2025-07-23 23:35:19,2025-07-24 08:09:51,91,15.4,502,514,291,88,123,12,467,0,97,81
2025-07-22 23:26:14,2025-07-23 23:35:19,UTC-04:00,82,49,137,34.94,98.59,11.6,1521,146,67,2025-07-22 23:26:14,2025-07-23 08:59:33,86,15.6,557,573,304,100,153,16,493,34,97,70
2025-07-21 23:54:34,2025-07-22 23:26:14,UTC-04:00,81,50,138,35.50,98.08,8.9,1525,141,71,2025-07-21 23:54:34,2025-07-22 06:39:17,79,15.8,384,404,186,87,111,20,453,0,96,58
2025-07-20 22:58:04,2025-07-21 23:54:34,UTC-04:00,96,48,154,35.23,98.31,6.1,1519,159,62,2025-07-20 22:58:04,2025-07-21 08:15:05,83,15.9,528,557,257,95,176,29,453,0,94,60
2025-07-20 00:06:31,2025-07-20 22:58:04,UTC-04:00,89,50,144,35.01,97.73,6.1,1388,134,64,2025-07-20 00:06:31,2025-07-20 10:00:28,84,15.8,583,593,385,61,137,10,456,0,98,63
2025-07-19 02:45:59,2025-07-20 00:06:31,UTC-04:00,24,60,62,34.38,99.29,7.9,1367,164,70,2025-07-19 02:45:59,2025-07-19 11:19:19,79,15.1,507,513,259,84,164,6,463,2,98,45
2025-07-18 00:08:25,2025-07-19 02:45:59,UTC-04:00,60,55,109,34.79,98.85,9.6,1734,142,72,2025-07-18 00:08:25,2025-07-18 08:04:45,97,15.6,464,476,225,105,134,12,469,10,97,90
2025-07-17 00:09:08,2025-07-18 00:08:25,UTC-04:00,62,56,112,34.53,98.69,9.1,1595,146,71,2025-07-17 00:09:08,2025-07-17 08:40:12,89,16.0,493,509,287,71,135,16,508,7,96,78
2025-07-15 23:53:11,2025-07-17 00:09:08,UTC-04:00,51,57,105,35.16,97.53,17.1,2203,185,75,2025-07-15 23:53:11,2025-07-16 08:16:25,82,16.1,479,503,228,85,166,24,491,0,95,61
2025-07-15 00:36:36,2025-07-15 23:53:11,UTC-04:00,51,59,96,35.29,97.50,15.7,1964,182,76,2025-07-15 00:36:36,2025-07-15 08:44:36,82,16.1,476,487,218,100,158,11,462,9,97,54
2025-07-14 01:03:43,2025-07-15 00:36:36,UTC-04:00,65,55,115,35.16,97.31,5.3,1395,134,70,2025-07-14 01:03:43,2025-07-14 08:53:43,79,16.3,460,470,244,84,132,10,480,91,97,44
2025-07-12 04:11:51,2025-07-14 01:03:43,UTC-04:00,7,64,50,35.70,97.88,13.1,2739,144,75,2025-07-12 04:11:51,2025-07-12 10:07:22,60,15.8,337,353,157,104,76,16,520,9,96,36
2025-07-11 00:13:24,2025-07-12 04:11:51,UTC-04:00,75,50,142,35.37,97.20,18.5,2888,178,80,2025-07-11 00:13:24,2025-07-11 08:04:11,92,15.9,451,466,224,93,134,15,465,13,96,82
2025-07-09 23:40:23,2025-07-11 00:13:24,UTC-04:00,54,54,122,35.00,97.26,4.0,1421,121,62,2025-07-09 23:40:23,2025-07-10 07:46:53,89,15.7,463,483,257,88,118,20,483,0,95,79
2025-07-08 22:36:52,2025-07-09 23:40:23,UTC-04:00,32,58,94,35.23,96.91,14.6,2010,177,71,2025-07-08 22:36:52,2025-07-09 08:14:11,84,15.6,556,577,265,113,178,21,481,6,96,73
2025-07-07 22:37:54,2025-07-08 22:36:52,UTC-04:00,77,50,143,34.99,98.67,13.1,1793,172,68,2025-07-07 22:37:54,2025-07-08 06:44:55,82,15.4,470,486,229,115,126,16,483,24,96,60
2025-07-07 00:18:18,2025-07-07 22:37:54,UTC-04:00,69,47,137,35.20,98.07,9.0,1464,153,68,2025-07-07 00:18:18,2025-07-07 07:35:00,85,14.8,402,428,223,104,75,26,451,0,93,75
2025-07-06 00:54:47,2025-07-07 00:18:18,UTC-04:00,80,53,141,34.81,97.30,4.1,1352,104,61,2025-07-06 00:54:47,2025-07-06 09:37:48,85,15.7,514,521,294,72,148,7,486,0,98,67
2025-07-04 23:18:55,2025-07-06 00:54:47,UTC-04:00,92,51,155,34.63,99.21,15.1,2072,173,71,2025-07-04 23:18:55,2025-07-05 08:14:56,94,15.7,502,535,289,82,131,33,464,0,93,83
2025-07-03 23:54:25,2025-07-04 23:18:55,UTC-04:00,76,52,137,35.01,98.50,11.0,1645,175,66,2025-07-03 23:54:25,2025-07-04 08:42:25,90,15.4,503,525,265,92,146,22,470,15,95,77
2025-07-02 23:03:22,2025-07-03 23:54:25,UTC-04:00,74,55,134,34.73,98.94,6.5,1518,136,68,2025-07-02 23:03:22,2025-07-03 06:51:20,78,16.1,455,466,317,73,65,11,487,0,97,56
2025-07-01 23:30:37,2025-07-02 23:03:22,UTC-04:00,84,55,148,34.68,98.67,15.1,1911,195,70,2025-07-01 23:30:37,2025-07-02 08:36:50,84,16.2,528,545,316,104,108,17,477,0,96,70
2025-06-30 23:44:19,2025-07-01 23:30:37,UTC-04:00,94,51,185,34.76,98.03,13.6,1696,142,67,2025-06-30 23:44:19,2025-07-01 09:33:37,86,17.0,546,585,335,94,117,39,470,0,93,69
2025-06-30 01:03:16,2025-06-30 23:44:19,UTC-04:00,72,55,120,35.16,96.79,12.3,1579,166,65,2025-06-30 01:03:16,2025-06-30 11:23:48,82,15.3,582,620,376,68,138,38,502,0,93,57
2025-06-28 00:09:59,2025-06-30 01:03:16,UTC-04:00,74,53,151,34.53,98.05,17.4,3442,175,79,2025-06-28 00:09:59,2025-06-28 09:27:32,88,15.4,536,556,299,120,117,20,464,4,96,73
2025-06-26 23:52:10,2025-06-28 00:09:59,UTC-04:00,84,50,156,35.11,97.00,9.3,1630,164,64,2025-06-26 23:52:10,2025-06-27 07:59:41,95,15.1,476,484,262,72,142,8,483,27,98,85
2025-06-25 23:16:38,2025-06-26 23:52:10,UTC-04:00,86,51,158,35.33,97.43,7.7,1585,146,64,2025-06-25 23:16:38,2025-06-26 06:33:38,85,15.1,421,430,247,82,92,9,477,0,97,76
2025-06-24 23:31:24,2025-06-25 23:16:38,UTC-04:00,96,49,169,35.00,98.33,13.5,1776,178,63,2025-06-24 23:31:24,2025-06-25 08:23:00,100,15.4,510,528,275,104,131,18,463,0,96,91
2025-06-23 23:36:19,2025-06-24 23:31:24,UTC-04:00,95,49,157,34.36,99.07,10.6,1593,191,63,2025-06-23 23:36:19,2025-06-24 08:22:51,94,15.0,504,520,249,98,157,16,477,0,97,85
2025-06-22 23:28:55,2025-06-23 23:36:19,UTC-04:00,87,48,146,35.26,95.86,13.7,1758,166,66,2025-06-22 23:28:55,2025-06-23 07:32:05,90,14.6,454,480,283,78,93,26,452,0,94,77
2025-06-21 23:09:56,2025-06-22 23:28:55,UTC-04:00,53,58,115,35.08,97.29,4.7,1430,131,63,2025-06-21 23:09:56,2025-06-22 09:34:14,93,15.8,599,621,342,90,167,22,492,0,96,82
2025-06-20 23:32:19,2025-06-21 23:09:56,UTC-04:00,87,51,154,34.49,95.65,15.9,1985,177,71,2025-06-20 23:32:19,2025-06-21 09:31:35,88,15.2,574,593,352,80,142,19,464,3,96,73
2025-06-20 00:32:37,2025-06-20 23:32:19,UTC-04:00,78,50,139,34.69,97.08,9.6,1556,174,67,2025-06-20 00:32:37,2025-06-20 08:18:52,86,15.0,444,466,215,104,125,22,452,0,95,71
2025-06-18 23:21:18,2025-06-20 00:32:37,UTC-04:00,61,52,125,34.91,98.33,4.3,1469,120,63,2025-06-18 23:21:18,2025-06-19 08:01:43,91,14.6,498,518,254,87,157,20,467,0,96,79
2025-06-17 22:39:42,2025-06-18 23:21:18,UTC-04:00,72,53,139,35.26,98.55,11.7,1709,188,67,2025-06-17 22:39:42,2025-06-18 07:58:58,91,15.5,535,555,280,104,151,20,475,18,96,79
2025-06-16 22:35:40,2025-06-17 22:39:42,UTC-04:00,82,49,148,35.25,98.00,8.0,1546,154,68,2025-06-16 22:35:40,2025-06-17 05:59:41,87,14.9,429,443,203,81,145,14,467,0,96,78
2025-06-15 22:25:12,2025-06-16 22:35:40,UTC-04:00,85,49,149,34.90,97.50,11.6,1543,148,67,2025-06-15 22:25:12,2025-06-16 06:15:50,87,15.2,460,469,254,99,107,9,453,0,98,72
2025-06-14 23:46:23,2025-06-15 22:25:12,UTC-04:00,36,60,86,34.49,98.38,6.0,1357,131,69,2025-06-14 23:46:23,2025-06-15 08:16:25,92,15.6,493,508,228,94,171,15,483,0,97,80
2025-06-13 22:13:24,2025-06-14 23:46:23,UTC-04:00,86,51,151,35.35,97.19,14.6,2038,178,75,2025-06-13 22:13:24,2025-06-14 08:18:42,92,14.6,574,601,333,92,149,27,464,0,95,81
2025-06-12 22:35:50,2025-06-13 22:13:24,UTC-04:00,81,55,131,35.52,97.18,10.8,1674,175,69,2025-06-12 22:35:50,2025-06-13 06:59:00,95,14.9,480,503,317,69,94,23,476,0,95,85
2025-06-11 23:05:49,2025-06-12 22:35:50,UTC-04:00,98,51,155,34.92,97.97,13.4,1796,171,69,2025-06-11 23:05:49,2025-06-12 07:52:00,98,14.8,511,526,276,123,112,15,452,0,97,90
2025-06-10 23:10:49,2025-06-11 23:05:49,UTC-04:00,89,55,142,35.26,98.00,4.1,1384,114,62,2025-06-10 23:10:49,2025-06-11 07:50:50,95,15.4,501,518,267,98,136,17,461,4,96,84
2025-06-09 22:29:32,2025-06-10 23:10:49,UTC-04:00,84,56,135,34.55,97.97,7.8,1578,134,69,2025-06-09 22:29:32,2025-06-10 06:40:41,87,15.1,460,489,317,76,67,29,468,0,94,73
2025-06-08 22:42:20,2025-06-09 22:29:32,UTC-04:00,98,50,158,34.94,98.43,11.7,1550,153,66,2025-06-08 22:42:20,2025-06-09 07:52:24,92,14.8,523,548,344,58,121,25,454,0,95,81
2025-06-07 23:02:56,2025-06-08 22:42:20,UTC-04:00,98,51,152,35.02,97.86,6.3,1441,137,66,2025-06-07 23:02:56,2025-06-08 08:56:02,95,15.0,557,592,330,74,153,35,457,0,94,84
2025-06-06 22:50:08,2025-06-07 23:02:56,UTC-04:00,65,59,106,34.82,98.46,8.5,1574,160,68,2025-06-06 22:50:08,2025-06-07 09:31:22,85,15.3,623,641,342,101,180,18,462,9,97,73
2025-06-06 00:00:00,2025-06-06 22:50:08,UTC-04:00,,,,,,5.2,1031,139,80,,,,,,,,,,,,,,
2025-06-04 22:36:33,2025-06-06 00:00:00,UTC-04:00,72,55,124,34.98,97.91,9.9,1807,141,79,2025-06-04 22:36:33,2025-06-05 06:32:43,87,15.2,452,474,302,82,68,22,467,0,95,75
2025-06-03 22:55:23,2025-06-04 22:36:33,UTC-04:00,66,60,115,35.49,97.30,11.7,1653,175,72,2025-06-03 22:55:23,2025-06-04 08:29:50,87,15.5,541,571,288,74,179,30,469,16,94,76
2025-06-02 23:21:24,2025-06-03 22:55:23,UTC-04:00,14,68,44,33.98,98.67,5.7,1407,134,76,2025-06-02 23:21:24,2025-06-03 07:34:18,69,16.0,454,491,236,97,121,37,486,32,92,72
2025-06-01 22:48:24,2025-06-02 23:21:24,UTC-04:00,79,50,136,35.44,97.50,6.7,1494,140,72,2025-06-01 22:48:24,2025-06-02 05:40:23,80,14.8,403,409,238,80,85,6,467,0,98,58
2025-05-31 23:05:02,2025-06-01 22:48:24,UTC-04:00,81,52,134,35.37,97.95,11.6,1658,171,69,2025-05-31 23:05:02,2025-06-01 09:25:35,87,14.8,606,618,384,75,147,12,461,0,98,72
2025-05-31 00:35:20,2025-05-31 23:05:02,UTC-04:00,19,67,53,34.84,97.54,9.9,1407,147,73,2025-05-31 00:35:20,2025-05-31 09:54:52,74,15.7,557,559,288,117,152,2,468,11,99,56
2025-05-29 23:01:12,2025-05-31 00:35:20,UTC-04:00,43,56,87,35.19,97.62,7.8,1576,137,74,2025-05-29 23:01:12,2025-05-30 07:14:41,97,15.1,469,481,184,119,166,12,487,28,97,91
2025-05-28 22:48:42,2025-05-29 23:01:12,UTC-04:00,25,60,73,35.24,98.03,9.1,1588,137,75,2025-05-28 22:48:42,2025-05-29 07:13:32,90,15.4,459,497,279,96,84,38,503,0,95,84
2025-05-27 22:34:19,2025-05-28 22:48:42,UTC-04:00,37,56,90,35.11,96.76,17.4,2014,188,74,2025-05-27 22:34:19,2025-05-28 07:59:19,90,15.0,549,561,289,98,162,12,467,0,97,78
2025-05-26 23:08:59,2025-05-27 22:34:19,UTC-04:00,61,57,116,35.69,97.26,11.6,1623,177,72,2025-05-26 23:08:59,2025-05-27 07:32:19,90,14.8,482,496,265,74,143,14,468,11,97,77
2025-05-25 23:40:29,2025-05-26 23:08:59,UTC-04:00,71,57,131,35.32,97.44,8.0,1515,152,71,2025-05-25 23:40:29,2025-05-26 07:18:36,83,15.7,434,453,222,103,109,19,457,0,95,69
2025-05-25 00:45:26,2025-05-25 23:40:29,UTC-04:00,35,61,87,34.49,98.53,8.2,1466,144,75,2025-05-25 00:45:26,2025-05-25 09:27:28,77,15.6,508,517,259,96,153,9,482,0,98,49
2025-05-23 22:08:39,2025-05-25 00:45:26,UTC-04:00,57,57,121,35.29,98.63,14.3,2091,172,76,2025-05-23 22:08:39,2025-05-24 07:59:20,91,14.9,563,590,340,106,117,27,485,11,95,79
2025-05-22 22:02:31,2025-05-23 22:08:39,UTC-04:00,39,60,98,35.86,96.97,13.1,1636,162,74,2025-05-22 22:02:31,2025-05-23 06:01:53,93,15.1,464,477,304,66,94,13,481,0,97,87
2025-05-21 22:20:06,2025-05-22 22:02:31,UTC-04:00,39,59,98,34.87,97.07,14.2,1810,180,73,2025-05-21 22:20:06,2025-05-22 07:02:13,89,15.3,498,519,290,117,91,21,473,16,96,80
2025-05-20 22:01:48,2025-05-21 22:20:06,UTC-04:00,64,56,135,35.21,98.71,8.1,1529,142,70,2025-05-20 22:01:48,2025-05-21 06:10:47,84,15.3,467,483,289,91,87,16,492,14,96,67
2025-05-19 22:20:36,2025-05-20 22:01:48,UTC-04:00,96,46,196,35.06,98.29,13.5,1833,186,68,2025-05-19 22:20:36,2025-05-20 05:59:38,81,14.8,449,459,284,71,94,10,472,0,97,55
2025-05-18 22:34:19,2025-05-19 22:20:36,UTC-04:00,83,50,154,35.36,97.45,12.6,1564,146,68,2025-05-18 22:34:19,2025-05-19 08:08:43,86,14.5,545,570,286,80,179,25,480,0,95,69
2025-05-17 23:23:46,2025-05-18 22:34:19,UTC-04:00,72,51,135,34.94,96.97,14.1,1893,181,70,2025-05-17 23:23:46,2025-05-18 09:10:21,83,15.4,559,582,324,66,169,23,394,0,96,61
2025-05-16 23:14:51,2025-05-17 23:23:46,UTC-04:00,78,52,144,35.21,98.42,13.4,1678,163,68,2025-05-16 23:14:51,2025-05-17 08:28:10,83,15.2,536,546,304,113,119,10,477,3,98,62
2025-05-16 01:34:41,2025-05-16 23:14:51,UTC-04:00,29,63,74,35.30,98.59,12.8,1665,172,73,2025-05-16 01:34:41,2025-05-16 09:45:29,71,15.6,482,490,256,96,130,8,490,26,98,47
2025-05-14 22:10:42,2025-05-16 01:34:41,UTC-04:00,66,54,133,34.43,98.82,10.5,1810,138,74,2025-05-14 22:10:42,2025-05-15 06:18:25,79,15.2,443,483,261,98,84,40,497,0,91,57
2025-05-13 23:52:41,2025-05-14 22:10:42,UTC-04:00,31,62,80,34.70,96.69,16.5,1899,185,76,2025-05-13 23:52:41,2025-05-14 08:49:55,76,15.5,516,531,296,87,133,15,510,39,97,60
2025-05-12 22:45:07,2025-05-13 23:52:41,UTC-04:00,56,58,125,35.07,97.20,12.3,1785,193,71,2025-05-12 22:45:07,2025-05-13 05:59:38,75,15.5,417,434,243,94,80,17,497,22,96,43
2025-05-11 23:39:14,2025-05-12 22:45:07,UTC-04:00,75,56,153,34.90,95.25,13.0,1602,150,68,2025-05-11 23:39:14,2025-05-12 07:53:55,78,15.6,455,492,247,82,126,37,501,34,92,46
2025-05-11 04:31:13,2025-05-11 23:39:14,UTC-04:00,37,59,97,35.80,96.64,11.4,1450,143,74,2025-05-11 04:31:13,2025-05-11 11:34:12,69,15.1,418,422,191,105,122,4,487,0,98,25
2025-05-09 22:12:32,2025-05-11 04:31:13,UTC-04:00,69,52,143,35.50,93.81,15.1,2481,146,73,2025-05-09 22:12:32,2025-05-10 08:52:18,85,14.6,615,636,389,89,137,21,506,32,96,69
2025-05-09 00:40:21,2025-05-09 22:12:32,UTC-04:00,18,63,67,35.45,97.82,13.0,1592,188,70,2025-05-09 00:40:21,2025-05-09 08:11:54,66,15.2,431,451,243,71,117,20,497,25,95,65
2025-05-07 22:31:27,2025-05-09 00:40:21,UTC-04:00,62,51,138,35.39,98.18,12.5,1895,145,71,2025-05-07 22:31:27,2025-05-08 06:31:20,86,14.8,460,478,249,85,126,18,511,0,96,77
2025-05-06 23:23:19,2025-05-07 22:31:27,UTC-04:00,86,44,166,35.51,96.76,18.5,2313,188,71,2025-05-06 23:23:19,2025-05-07 07:44:11,88,14.5,477,495,289,82,106,18,472,0,96,73
2025-05-05 22:22:41,2025-05-06 23:23:19,UTC-04:00,96,45,178,34.10,95.50,12.6,1681,138,62,2025-05-05 22:22:41,2025-05-06 06:46:19,100,14.6,478,496,235,101,142,18,468,4,96,76
2025-05-04 22:07:56,2025-05-05 22:22:41,UTC-04:00,75,46,148,35.10,96.82,10.7,1651,173,66,2025-05-04 22:07:56,2025-05-05 06:45:40,98,14.9,492,517,273,93,126,25,500,25,95,58
2025-05-04 01:25:34,2025-05-04 22:07:56,UTC-04:00,49,56,121,34.30,97.71,13.2,1500,160,71,2025-05-04 01:25:34,2025-05-04 09:06:32,90,14.9,454,460,194,109,151,6,505,13,98,47
2025-05-02 23:00:07,2025-05-04 01:25:34,UTC-04:00,35,50,96,35.10,97.72,15.7,2088,174,73,2025-05-02 23:00:07,2025-05-03 06:48:42,96,15.1,460,466,257,82,121,6,482,0,98,90
2025-05-01 21:44:51,2025-05-02 23:00:07,UTC-04:00,81,49,161,35.33,97.00,14.4,1870,166,66,2025-05-01 21:44:51,2025-05-02 06:42:59,100,14.7,520,535,352,97,71,15,499,22,97,86
2025-04-30 22:44:12,2025-05-01 21:44:51,UTC-04:00,54,52,129,35.00,97.58,13.5,1856,171,70,2025-04-30 22:44:12,2025-05-01 06:42:23,91,14.9,466,475,296,80,90,9,511,8,98,91
2025-04-29 22:40:39,2025-04-30 22:44:12,UTC-04:00,83,50,162,35.04,98.00,17.3,2214,189,71,2025-04-29 22:40:39,2025-04-30 06:40:33,97,15.1,455,479,241,94,120,24,468,0,95,78
2025-04-28 22:34:03,2025-04-29 22:40:39,UTC-04:00,72,46,145,35.59,97.43,11.8,1534,136,64,2025-04-28 22:34:03,2025-04-29 06:40:00,100,14.8,467,485,274,97,96,18,464,6,96,59
2025-04-27 22:38:13,2025-04-28 22:34:03,UTC-04:00,70,44,147,35.31,98.38,8.6,1565,170,64,2025-04-27 22:38:13,2025-04-28 06:45:33,98,14.7,474,486,219,90,165,12,484,0,97,56
2025-04-26 23:30:32,2025-04-27 22:38:13,UTC-04:00,87,48,165,35.30,97.21,14.7,1814,157,68,2025-04-26 23:30:32,2025-04-27 10:22:21,100,14.4,622,650,328,113,181,28,552,71,95,55
2025-04-26 03:36:34,2025-04-26 23:30:32,UTC-04:00,34,54,97,35.40,97.75,14.2,1545,147,73,2025-04-26 03:36:34,2025-04-26 09:47:41,71,15.8,343,364,158,141,44,21,485,17,94,31
2025-04-24 22:34:13,2025-04-26 03:36:34,UTC-04:00,74,48,145,35.10,98.86,11.8,2004,143,69,2025-04-24 22:34:13,2025-04-25 07:12:55,93,15.0,481,510,211,104,166,29,515,43,94,78
2025-04-23 23:41:37,2025-04-24 22:34:13,UTC-04:00,53,56,123,35.20,98.16,12.6,1642,147,73,2025-04-23 23:41:37,2025-04-24 06:44:36,83,15.1,412,422,264,83,65,10,500,0,97,72
2025-04-22 21:48:45,2025-04-23 23:41:37,UTC-04:00,91,46,173,34.80,98.00,16.9,2335,190,70,2025-04-22 21:48:45,2025-04-23 07:41:11,100,14.9,574,588,332,88,154,14,486,25,97,65
2025-04-21 22:20:39,2025-04-22 21:48:45,UTC-04:00,82,48,160,35.60,96.84,9.8,1541,153,66,2025-04-21 22:20:39,2025-04-22 06:20:49,90,14.8,456,479,295,95,66,23,507,42,95,64
2025-04-21 00:35:19,2025-04-21 22:20:39,UTC-04:00,18,65,62,35.30,97.67,10.8,1510,188,75,2025-04-21 00:35:19,2025-04-21 07:35:24,82,16.0,399,420,205,81,113,21,484,0,95,70
2025-04-20 00:54:07,2025-04-21 00:35:19,UTC-04:00,51,56,126,35.19,97.93,14.8,1805,181,72,2025-04-20 00:54:07,2025-04-20 09:56:39,100,15.8,518,542,286,95,137,24,454,0,95,65
2025-04-18 23:14:47,2025-04-20 00:54:07,UTC-04:00,97,48,177,35.71,97.47,6.5,1565,141,65,2025-04-18 23:14:47,2025-04-19 08:02:05,100,14.4,499,525,250,94,155,26,480,19,95,83
2025-04-18 00:51:46,2025-04-18 23:14:47,UTC-04:00,63,51,134,35.06,97.50,9.7,1522,162,68,2025-04-18 00:51:46,2025-04-18 08:01:21,92,14.8,417,426,247,85,85,9,455,0,97,73
2025-04-17 00:00:16,2025-04-18 00:51:46,UTC-04:00,72,51,142,34.10,98.18,7.5,1547,151,69,2025-04-17 00:00:16,2025-04-17 07:59:34,100,14.9,469,474,231,93,145,5,468,2,98,66
2025-04-15 22:37:05,2025-04-17 00:00:16,UTC-04:00,87,49,158,35.40,98.35,11.3,1775,177,68,2025-04-15 22:37:05,2025-04-16 06:42:11,99,14.7,465,482,248,110,107,17,468,0,96,66
2025-04-14 22:26:50,2025-04-15 22:37:05,UTC-04:00,78,50,141,35.58,95.64,11.8,1736,162,67,2025-04-14 22:26:50,2025-04-15 08:05:35,100,14.6,553,575,355,83,115,22,499,22,96,57
2025-04-13 22:31:16,2025-04-14 22:26:50,UTC-04:00,96,46,174,35.30,97.53,13.4,1823,175,67,2025-04-13 22:31:16,2025-04-14 06:12:52,91,14.5,431,458,249,83,99,27,476,0,94,50
2025-04-12 23:22:35,2025-04-13 22:31:16,UTC-04:00,,,,,,13.3,1661,168,78,,,,,,,,,,,,,,
2025-04-11 22:43:25,2025-04-12 23:22:35,UTC-04:00,66,55,121,35.50,96.64,8.3,1580,147,68,2025-04-11 22:43:25,2025-04-12 08:23:17,100,15.1,545,579,256,101,188,34,500,37,94,74
2025-04-10 23:54:30,2025-04-11 22:43:25,UTC-04:00,76,50,139,35.74,96.53,10.6,1615,150,67,2025-04-10 23:54:30,2025-04-11 07:00:51,85,14.5,413,425,205,92,116,12,488,32,97,84
2025-04-09 23:24:04,2025-04-10 23:54:30,UTC-04:00,78,55,144,35.26,96.35,7.4,1535,141,66,2025-04-09 23:24:04,2025-04-10 07:09:21,87,14.9,438,459,231,91,116,21,503,31,95,80
2025-04-08 23:27:28,2025-04-09 23:24:04,UTC-04:00,54,54,114,35.50,95.82,12.5,1822,167,73,2025-04-08 23:27:28,2025-04-09 06:56:28,87,15.0,423,447,228,117,78,24,486,28,94,70
2025-04-07 23:03:21,2025-04-08 23:27:28,UTC-04:00,72,51,137,35.50,97.94,8.5,1586,144,69,2025-04-07 23:03:21,2025-04-08 06:31:18,89,14.7,437,446,253,66,118,9,493,0,97,76
2025-04-06 22:44:41,2025-04-07 23:03:21,UTC-04:00,93,47,167,35.17,96.44,16.0,2046,189,67,2025-04-06 22:44:41,2025-04-07 07:59:58,100,14.9,521,548,306,76,139,27,454,0,95,63
2025-04-06 01:00:53,2025-04-06 22:44:41,UTC-04:00,31,64,78,34.86,98.06,6.4,1349,137,68,2025-04-06 01:00:53,2025-04-06 10:08:16,100,15.4,532,546,280,102,150,14,472,0,97,55
2025-04-04 22:59:21,2025-04-06 01:00:53,UTC-04:00,59,56,130,35.38,96.95,12.5,1735,157,69,2025-04-04 22:59:21,2025-04-05 08:37:07,100,15.3,558,575,326,93,139,17,511,16,96,76
2025-04-03 23:48:09,2025-04-04 22:59:21,UTC-04:00,32,62,89,35.31,97.48,16.2,2096,189,79,2025-04-03 23:48:09,2025-04-04 07:32:06,93,15.8,437,460,255,84,98,23,470,11,95,76
2025-04-02 22:07:01,2025-04-03 23:48:09,UTC-04:00,44,53,112,34.20,96.68,9.0,1678,160,72,2025-04-02 22:07:01,2025-04-03 06:33:22,95,15.4,472,501,295,83,94,29,495,0,96,69
2025-04-01 23:08:21,2025-04-02 22:07:01,UTC-04:00,95,47,178,35.60,97.53,16.2,2013,197,69,2025-04-01 23:08:21,2025-04-02 07:46:12,100,14.9,479,513,327,97,55,34,478,6,93,68
2025-03-31 23:15:36,2025-04-01 23:08:21,UTC-04:00,88,47,150,35.09,97.05,12.6,1806,148,70,2025-03-31 23:15:36,2025-04-01 07:13:52,97,15.8,460,476,304,63,93,16,473,1,96,61
2025-03-30 23:14:25,2025-03-31 23:15:36,UTC-04:00,98,45,169,34.20,96.42,12.5,1618,152,65,2025-03-30 23:14:25,2025-03-31 07:48:26,99,15.7,484,503,285,106,93,19,486,10,96,41
2025-03-30 04:16:49,2025-03-30 23:14:25,UTC-04:00,74,59,125,35.00,97.47,13.3,1379,171,71,2025-03-30 04:16:49,2025-03-30 12:03:57,96,15.6,455,462,249,92,114,7,476,0,98,25
2025-03-28 23:43:29,2025-03-30 04:16:49,UTC-04:00,96,49,159,34.13,98.26,13.4,1929,149,72,2025-03-28 23:43:29,2025-03-29 08:34:30,100,15.6,509,525,277,113,119,16,482,0,96,86
2025-03-27 23:32:09,2025-03-28 23:43:29,UTC-04:00,69,55,108,34.44,95.60,14.3,2009,185,74,2025-03-27 23:32:09,2025-03-28 08:04:05,100,15.2,503,511,309,98,96,8,487,0,98,87
2025-03-26 23:03:20,2025-03-27 23:32:09,UTC-04:00,82,53,119,34.87,97.24,15.2,1894,170,73,2025-03-26 23:03:20,2025-03-27 07:45:45,100,15.1,502,520,338,70,94,18,482,0,96,83
2025-03-25 23:03:16,2025-03-26 23:03:20,UTC-04:00,83,48,107,34.96,98.31,14.4,1965,179,72,2025-03-25 23:03:16,2025-03-26 07:55:51,100,15.6,517,531,271,125,121,14,454,0,97,69
2025-03-24 23:07:02,2025-03-25 23:03:16,UTC-04:00,82,52,108,35.00,95.63,6.3,1434,137,66,2025-03-24 23:07:02,2025-03-25 07:44:56,100,15.1,490,517,266,99,125,21,469,0,94,57
2025-03-24 00:15:46,2025-03-24 23:07:02,UTC-04:00,98,51,134,35.40,97.87,12.0,1672,187,70,2025-03-24 00:15:46,2025-03-24 07:34:09,100,15.1,424,438,226,81,117,14,375,7,96,49
2025-03-23 00:37:23,2025-03-24 00:15:46,UTC-04:00,37,67,58,34.69,95.80,8.5,1529,161,71,2025-03-23 00:37:23,2025-03-23 08:59:41,98,16.2,491,500,265,94,132,9,503,49,98,47
2025-03-22 03:42:23,2025-03-23 00:37:23,UTC-04:00,41,59,81,34.93,95.86,6.0,1267,139,71,2025-03-22 03:42:23,2025-03-22 10:46:20,80,14.9,406,422,205,94,107,16,505,0,97,25
2025-03-20 22:36:56,2025-03-22 03:42:23,UTC-04:00,64,54,106,35.00,96.75,17.7,2559,185,78,2025-03-20 22:36:56,2025-03-21 07:45:31,100,15.3,527,547,274,117,136,20,524,63,96,
2025-03-19 22:59:31,2025-03-20 22:36:56,UTC-04:00,74,55,126,35.19,96.00,9.6,1599,142,74,2025-03-19 22:59:31,2025-03-20 05:49:48,75,15.7,390,405,240,66,84,15,517,0,96,
2025-03-18 23:28:00,2025-03-19 22:59:31,UTC-04:00,,,,,,14.4,1209,182,82,,,,,,,,,,,,,,
2025-01-23 22:40:42,2025-01-24 22:40:42,UTC-05:00,74,52,130,34.90,96.90,18.4,2335,193,78,2025-01-23 22:40:42,2025-01-24 07:37:03,100,15.8,490,529,266,99,125,39,461,0,95,89
2025-01-22 22:46:56,2025-01-23 22:40:42,UTC-05:00,54,58,103,35.09,95.66,9.9,1633,143,72,2025-01-22 22:46:56,2025-01-23 08:40:50,100,16.4,557,593,298,134,125,36,482,4,93,87
2025-01-21 23:53:31,2025-01-22 22:46:56,UTC-05:00,55,57,107,34.52,96.73,13.7,1760,180,74,2025-01-21 23:53:31,2025-01-22 08:51:48,99,16.2,495,538,307,79,109,43,502,0,92,87
2025-01-20 23:30:14,2025-01-21 23:53:31,UTC-05:00,63,57,115,35.02,95.70,17.2,2114,187,76,2025-01-20 23:30:14,2025-01-21 08:27:09,100,16.6,519,536,388,52,79,17,488,0,97,63
2025-01-19 22:38:19,2025-01-20 23:30:14,UTC-05:00,63,58,114,34.90,96.63,15.3,2023,181,73,2025-01-19 22:38:19,2025-01-20 08:39:09,100,16.2,581,600,368,65,148,19,472,2,96,
2025-01-18 00:21:51,2025-01-19 22:38:19,UTC-05:00,6,72,23,35.35,93.55,11.9,1915,155,76,2025-01-18 00:21:51,2025-01-18 10:00:03,43,17.3,219,229,121,68,30,10,509,2,100,82
2025-01-17 00:24:37,2025-01-18 00:21:51,UTC-05:00,73,54,125,35.37,96.36,17.8,2356,183,80,2025-01-17 00:24:37,2025-01-17 08:35:29,99,16.2,471,488,231,108,132,17,475,7,96,76
2025-01-15 22:52:46,2025-01-17 00:24:37,UTC-05:00,73,53,127,34.50,95.83,11.7,1832,161,72,2025-01-15 22:52:46,2025-01-16 07:29:58,98,16.3,487,517,302,109,76,30,499,23,94,86
2025-01-14 23:54:01,2025-01-15 22:52:46,UTC-05:00,57,60,109,35.10,97.48,13.2,1654,167,73,2025-01-14 23:54:01,2025-01-15 07:55:45,93,16.7,455,473,252,78,125,18,491,0,96,76
2025-01-13 22:21:58,2025-01-14 23:54:01,UTC-05:00,53,61,107,35.50,95.45,15.7,2064,182,77,2025-01-13 22:21:58,2025-01-14 08:16:04,100,16.8,559,592,366,53,140,33,540,39,96,59
2025-01-12 23:28:21,2025-01-13 22:21:58,UTC-05:00,49,64,100,35.20,94.65,17.0,2056,187,82,2025-01-12 23:28:21,2025-01-13 08:05:04,86,17.0,479,512,285,104,90,33,558,73,93,58
2025-01-12 01:11:10,2025-01-12 23:28:21,UTC-05:00,26,63,76,36.13,97.38,14.6,1739,172,82,2025-01-12 01:11:10,2025-01-12 07:58:17,73,17.3,392,407,167,84,141,15,540,31,97,59
2025-01-10 01:33:19,2025-01-12 01:11:10,UTC-05:00,14,67,53,34.90,96.53,18.2,3644,179,86,2025-01-10 01:33:19,2025-01-10 08:34:12,86,16.3,393,420,186,87,120,27,456,0,94,62
2025-01-08 23:12:54,2025-01-10 01:33:19,UTC-05:00,57,52,113,34.77,96.96,7.7,1658,136,69,2025-01-08 23:12:54,2025-01-09 08:12:54,100,16.1,509,538,233,123,153,29,479,0,94,84
2025-01-07 22:38:46,2025-01-08 23:12:54,UTC-05:00,83,53,141,34.49,96.34,13.9,1815,174,69,2025-01-07 22:38:46,2025-01-08 07:35:37,100,15.3,507,536,270,107,130,29,507,19,94,90
2025-01-06 23:11:24,2025-01-07 22:38:46,UTC-05:00,68,51,122,35.20,98.00,15.1,1907,183,76,2025-01-06 23:11:24,2025-01-07 07:18:54,94,15.2,468,487,288,75,105,19,499,5,96,84
2025-01-05 22:35:03,2025-01-06 23:11:24,UTC-05:00,67,58,117,35.02,96.80,16.1,2053,178,78,2025-01-05 22:35:03,2025-01-06 06:51:17,98,16.3,449,495,301,68,80,46,458,0,91,79
2025-01-04 22:14:48,2025-01-05 22:35:03,UTC-05:00,46,62,98,34.90,97.15,8.5,1555,154,71,2025-01-04 22:14:48,2025-01-05 07:35:03,100,16.1,528,554,406,52,70,26,516,27,95,65
2025-01-03 23:29:43,2025-01-04 22:14:48,UTC-05:00,52,58,106,35.40,97.86,15.4,1959,178,77,2025-01-03 23:29:43,2025-01-04 07:30:53,92,16.1,462,481,259,74,129,19,505,0,96,50
2025-01-02 21:55:45,2025-01-03 23:29:43,UTC-05:00,44,62,99,35.03,96.24,17.6,2311,188,79,2025-01-02 21:55:45,2025-01-03 07:53:10,100,16.6,571,595,333,110,128,24,485,91,95,30
2025-01-01 22:00:54,2025-01-02 21:55:45,UTC-05:00,66,50,137,35.00,97.22,9.5,1611,140,72,2025-01-01 22:00:54,2025-01-02 03:59:58,64,16.3,327,359,181,59,87,32,511,24,91,39
2025-01-01 02:59:56,2025-01-01 22:00:54,UTC-05:00,27,64,80,34.40,97.88,14.9,1640,172,78,2025-01-01 02:59:56,2025-01-01 10:58:14,90,16.8,439,476,214,81,144,37,489,22,92,54
2024-12-30 23:54:05,2025-01-01 02:59:56,UTC-05:00,82,48,158,35.18,96.22,11.2,1891,154,72,2024-12-30 23:54:05,2024-12-31 08:31:44,91,15.9,490,515,305,94,91,25,536,37,95,41
2024-12-30 03:32:57,2024-12-30 23:54:05,UTC-05:00,28,60,82,35.00,95.53,16.8,1991,182,79,2024-12-30 03:32:57,2024-12-30 11:30:53,85,16.6,408,477,203,99,106,69,483,12,85,35
2024-12-29 04:57:58,2024-12-30 03:32:57,UTC-05:00,44,55,111,35.10,97.73,12.2,1635,159,76,2024-12-29 04:57:58,2024-12-29 11:54:32,94,15.8,396,407,235,92,69,11,421,0,97,11
2024-12-27 22:38:17,2024-12-29 04:57:58,UTC-05:00,59,55,129,35.40,97.21,16.7,2675,173,78,2024-12-27 22:38:17,2024-12-28 06:57:05,100,16.1,489,498,328,59,102,9,484,0,98,87
2024-12-26 22:38:37,2024-12-27 22:38:17,UTC-05:00,88,47,169,35.08,97.65,14.7,1864,183,68,2024-12-26 22:38:37,2024-12-27 07:45:37,100,15.3,521,546,401,70,50,25,492,0,95,80
2024-12-25 22:12:00,2024-12-26 22:38:37,UTC-05:00,92,45,179,34.81,97.86,15.8,1931,185,70,2024-12-25 22:12:00,2024-12-26 06:53:27,100,15.3,500,517,277,85,138,17,480,0,96,83
2024-12-24 23:04:45,2024-12-25 22:12:00,UTC-05:00,92,48,174,35.01,97.38,14.0,1780,183,68,2024-12-24 23:04:45,2024-12-25 08:32:29,100,15.9,551,565,494,29,28,14,458,0,97,80
2024-12-23 21:38:54,2024-12-24 23:04:45,UTC-05:00,82,53,143,34.77,97.88,8.8,1574,149,69,2024-12-23 21:38:54,2024-12-24 08:04:43,100,15.6,581,623,416,91,74,42,501,0,93,64
2024-12-23 00:21:39,2024-12-23 21:38:54,UTC-05:00,83,55,143,35.50,97.53,17.1,1907,176,73,2024-12-23 00:21:39,2024-12-23 08:31:27,100,16.5,477,489,376,40,61,12,474,6,97,82
2024-12-21 23:59:13,2024-12-23 00:21:39,UTC-05:00,84,57,144,35.00,97.43,11.5,1718,171,72,2024-12-21 23:59:13,2024-12-22 08:46:42,98,16.3,509,525,425,32,52,16,520,51,96,75
2024-12-21 01:37:09,2024-12-21 23:59:13,UTC-05:00,33,61,80,34.52,95.58,11.7,1584,184,75,2024-12-21 01:37:09,2024-12-21 08:03:59,78,15.7,357,378,126,99,132,21,460,0,95,72
2024-12-19 23:27:19,2024-12-21 01:37:09,UTC-05:00,83,52,134,35.60,95.00,9.5,1744,147,70,2024-12-19 23:27:19,2024-12-20 07:52:30,100,15.9,490,504,418,42,30,14,482,31,97,79
2024-12-19 00:36:29,2024-12-19 23:27:19,UTC-05:00,38,62,85,35.40,96.82,17.3,2135,181,77,2024-12-19 00:36:29,2024-12-19 07:58:34,86,16.6,402,438,177,95,130,36,465,0,92,84
2024-12-17 23:04:18,2024-12-19 00:36:29,UTC-05:00,96,48,152,34.40,98.47,11.1,1800,139,70,2024-12-17 23:04:18,2024-12-18 08:05:00,100,16.3,509,536,304,111,94,27,459,0,95,92
2024-12-16 23:10:33,2024-12-17 23:04:18,UTC-05:00,97,53,154,35.50,98.65,9.1,1576,142,69,2024-12-16 23:10:33,2024-12-17 08:07:41,100,16.3,513,534,443,56,14,21,479,8,96,89
2024-12-16 00:13:00,2024-12-16 23:10:33,UTC-05:00,78,53,122,35.56,95.38,12.3,1744,166,72,2024-12-16 00:13:00,2024-12-16 07:58:44,97,15.2,443,465,244,98,101,22,456,0,95,86
2024-12-14 23:08:12,2024-12-16 00:13:00,UTC-05:00,37,59,80,35.09,94.05,7.6,1567,144,71,2024-12-14 23:08:12,2024-12-15 08:03:07,100,16.1,505,529,265,129,111,24,495,37,96,86
2024-12-14 00:42:17,2024-12-14 23:08:12,UTC-05:00,40,59,92,35.01,95.54,8.3,1457,137,75,2024-12-14 00:42:17,2024-12-14 08:08:49,85,15.7,423,446,193,94,136,23,498,0,94,76
2024-12-12 23:00:48,2024-12-14 00:42:17,UTC-05:00,49,56,106,34.71,95.53,16.7,2189,180,76,2024-12-12 23:00:48,2024-12-13 08:01:38,100,15.5,505,538,273,121,111,33,494,0,94,86
2024-12-11 22:04:49,2024-12-12 23:00:48,UTC-05:00,96,51,145,34.60,96.63,16.2,2099,180,70,2024-12-11 22:04:49,2024-12-12 07:46:31,100,15.7,546,581,433,98,15,35,483,25,93,74
2024-12-10 23:51:21,2024-12-11 22:04:49,UTC-05:00,62,55,101,34.91,98.00,8.3,1432,162,67,2024-12-10 23:51:21,2024-12-11 08:01:40,92,15.9,465,490,236,118,111,25,505,33,94,85
2024-12-09 23:22:49,2024-12-10 23:51:21,UTC-05:00,91,55,141,35.50,96.38,12.5,1762,179,71,2024-12-09 23:22:49,2024-12-10 07:28:45,87,15.6,459,485,268,90,101,26,525,35,95,65
2024-12-08 23:51:05,2024-12-09 23:22:49,UTC-05:00,82,50,130,34.31,95.32,15.5,1923,176,71,2024-12-08 23:51:05,2024-12-09 06:34:01,85,15.8,391,401,180,98,113,10,462,0,97,46
2024-12-07 22:53:59,2024-12-08 23:51:05,UTC-05:00,,,,,,10.0,1326,138,81,,,,,,,,,,,,,,
2024-12-06 22:53:59,2024-12-07 22:53:59,UTC-05:00,,,,,,10.5,1294,159,81,,,,,,,,,,,,,,
2024-12-05 22:55:16,2024-12-06 22:53:59,UTC-05:00,96,54,147,34.90,96.69,15.0,1941,177,72,2024-12-05 22:55:16,2024-12-06 07:31:39,100,15.1,496,510,325,70,101,14,480,0,97,87
2024-12-04 22:21:26,2024-12-05 22:55:16,UTC-05:00,,,,,,14.0,1547,181,82,,,,,,,,,,,,,,
2024-12-03 22:21:26,2024-12-04 22:21:26,UTC-05:00,88,55,142,34.70,98.47,8.0,1530,169,67,2024-12-03 22:21:26,2024-12-04 07:30:46,100,15.5,533,548,461,37,35,15,505,25,97,75
2024-12-02 23:11:44,2024-12-03 22:21:26,UTC-05:00,86,53,140,35.08,97.78,13.9,1826,170,74,2024-12-02 23:11:44,2024-12-03 07:02:15,92,15.4,455,468,318,63,74,13,495,0,97,72
2024-12-01 21:08:10,2024-12-02 23:11:44,UTC-05:00,97,54,151,34.64,98.81,16.2,2081,180,70,2024-12-01 21:08:10,2024-12-02 07:33:31,100,15.9,604,625,452,68,84,21,498,36,96,52
2024-12-01 00:29:01,2024-12-01 21:08:10,UTC-05:00,31,64,67,34.80,96.60,10.1,1447,148,75,2024-12-01 00:29:01,2024-12-01 08:49:03,89,16.1,455,498,238,124,93,43,512,65,91,61
2024-11-29 23:55:53,2024-12-01 00:29:01,UTC-05:00,22,66,54,34.60,97.00,16.3,2148,197,80,2024-11-29 23:55:53,2024-11-30 06:59:50,75,16.4,383,422,255,60,68,39,514,12,92,83
2024-11-28 23:06:31,2024-11-29 23:55:53,UTC-05:00,66,57,110,34.70,97.36,17.2,2206,183,79,2024-11-28 23:06:31,2024-11-29 07:21:15,96,15.5,450,492,224,106,120,42,470,10,91,82
2024-11-27 23:06:09,2024-11-28 23:06:31,UTC-05:00,83,52,134,35.56,95.94,9.2,1550,139,71,2024-11-27 23:06:09,2024-11-28 07:11:27,97,15.3,451,484,272,83,96,33,467,0,94,72
2024-11-26 23:26:06,2024-11-27 23:06:09,UTC-05:00,45,59,91,34.80,98.11,11.5,1691,142,76,2024-11-26 23:26:06,2024-11-27 08:31:46,100,16.3,500,543,261,90,149,43,481,21,92,52
2024-11-25 23:15:28,2024-11-26 23:26:06,UTC-05:00,76,59,120,34.90,94.88,9.3,1603,147,74,2024-11-25 23:15:28,2024-11-26 07:58:18,94,16.2,489,522,376,49,64,33,522,21,93,36
2024-11-24 22:53:55,2024-11-25 23:15:28,UTC-05:00,45,63,78,34.81,96.40,17.0,2220,179,80,2024-11-24 22:53:55,2024-11-25 08:45:35,94,16.6,566,583,291,111,164,17,599,127,97,25
2024-11-24 07:01:28,2024-11-24 22:53:55,UTC-05:00,5,69,48,34.90,96.33,12.4,1325,157,84,2024-11-24 07:01:28,2024-11-24 10:52:11,30,16.8,156,228,112,20,24,72,513,48,69,13
2024-11-23 05:44:30,2024-11-24 07:01:28,UTC-05:00,15,67,55,35.33,93.79,10.9,1736,156,78,2024-11-23 05:44:30,2024-11-23 14:52:21,82,15.4,428,546,203,127,98,118,524,13,78,4
2024-11-21 22:45:58,2024-11-23 05:44:30,UTC-05:00,73,55,136,35.10,96.83,18.5,3199,169,82,2024-11-21 22:45:58,2024-11-22 06:23:18,94,15.8,451,456,302,62,87,5,477,0,98,86
2024-11-20 22:24:06,2024-11-21 22:45:58,UTC-05:00,89,53,153,35.30,96.67,13.5,1772,174,67,2024-11-20 22:24:06,2024-11-21 07:11:44,100,15.4,491,523,366,47,78,32,464,0,93,85
2024-11-19 21:33:23,2024-11-20 22:24:06,UTC-05:00,80,52,135,34.80,98.37,10.8,1666,185,66,2024-11-19 21:33:23,2024-11-20 07:07:39,100,16.3,540,574,267,137,136,34,470,14,95,77
2024-11-18 22:09:27,2024-11-19 21:33:23,UTC-05:00,88,52,140,34.30,95.59,7.6,1478,144,66,2024-11-18 22:09:27,2024-11-19 06:31:41,96,16.1,477,502,337,76,64,25,499,0,94,75
2024-11-17 22:07:24,2024-11-18 22:09:27,UTC-05:00,89,52,139,34.39,98.20,16.8,2037,175,71,2024-11-17 22:07:24,2024-11-18 06:36:02,100,16.2,472,508,336,65,71,36,407,0,93,66
2024-11-16 23:10:11,2024-11-17 22:07:24,UTC-05:00,71,49,115,34.90,96.00,12.5,1541,145,68,2024-11-16 23:10:11,2024-11-17 07:01:16,100,15.7,453,469,231,92,130,16,442,23,96,79
2024-11-15 23:03:52,2024-11-16 23:10:11,UTC-05:00,28,59,66,34.57,97.20,13.4,1729,170,71,2024-11-15 23:03:52,2024-11-16 07:16:20,93,16.3,465,491,227,131,107,26,501,11,94,85
2024-11-15 00:04:33,2024-11-15 23:03:52,UTC-05:00,87,55,134,35.11,95.21,15.5,1910,176,74,2024-11-15 00:04:33,2024-11-15 07:37:48,96,16.2,435,453,253,96,86,18,454,0,96,75
2024-11-13 22:21:24,2024-11-15 00:04:33,UTC-05:00,96,55,147,35.69,97.30,6.0,1534,128,66,2024-11-13 22:21:24,2024-11-14 07:10:55,100,15.8,516,528,397,24,95,12,471,13,97,87
2024-11-12 22:33:21,2024-11-13 22:21:24,UTC-05:00,69,56,111,34.30,94.83,8.3,1526,165,66,2024-11-12 22:33:21,2024-11-13 07:18:57,96,16.1,492,525,326,75,91,33,514,38,93,81
2024-11-11 22:40:58,2024-11-12 22:33:21,UTC-05:00,50,60,87,35.30,98.58,13.2,1776,173,72,2024-11-11 22:40:58,2024-11-12 06:32:46,85,15.9,439,468,185,94,160,29,517,10,94,76
2024-11-10 22:26:43,2024-11-11 22:40:58,UTC-05:00,75,51,114,34.26,93.20,17.8,2243,186,75,2024-11-10 22:26:43,2024-11-11 06:34:50,97,15.6,458,486,238,106,114,28,474,0,95,70
2024-11-09 20:06:59,2024-11-10 22:26:43,UTC-05:00,64,56,104,35.10,96.39,12.9,1787,148,70,2024-11-09 20:06:59,2024-11-10 06:49:19,100,16.1,538,642,316,92,130,104,484,60,83,48
2024-11-08 23:48:33,2024-11-09 20:06:59,UTC-05:00,62,57,104,34.28,98.00,16.2,1804,173,75,2024-11-08 23:48:33,2024-11-09 07:02:18,77,16.1,416,433,164,98,154,17,537,40,96,80
2024-11-07 23:36:44,2024-11-08 23:48:33,UTC-05:00,40,59,74,35.30,97.68,16.4,2097,181,78,2024-11-07 23:36:44,2024-11-08 07:31:37,85,16.0,450,472,291,62,97,22,532,65,96,69
2024-11-07 00:40:52,2024-11-07 23:36:44,UTC-05:00,28,62,69,35.18,96.89,11.3,1646,146,79,2024-11-07 00:40:52,2024-11-07 07:03:15,73,16.4,360,382,161,98,101,22,491,6,94,54
2024-11-05 21:25:41,2024-11-07 00:40:52,UTC-05:00,85,57,133,35.26,98.50,14.6,2052,172,75,2024-11-05 21:25:41,2024-11-06 06:15:22,98,16.4,490,523,365,48,77,33,500,0,93,62
2024-11-04 21:48:37,2024-11-05 21:25:41,UTC-05:00,98,52,152,35.40,96.66,17.0,2137,183,74,2024-11-04 21:48:37,2024-11-05 06:39:20,100,16.1,508,530,332,83,93,22,461,3,95,51
2024-11-03 21:25:46,2024-11-04 21:48:37,UTC-05:00,89,55,130,35.71,96.84,8.4,1575,149,69,2024-11-03 21:25:46,2024-11-04 07:02:58,99,16.2,553,573,369,80,104,20,559,101,96,28
2024-11-03 05:08:48,2024-11-03 21:25:46,UTC-05:00,46,60,92,35.74,97.00,8.1,1079,136,75,2024-11-03 05:08:48,2024-11-03 10:06:20,58,15.2,283,295,107,73,103,12,486,60,96,18
2024-11-02 00:56:04,2024-11-03 06:08:48,UTC-04:00,29,66,61,33.61,93.21,17.8,2585,188,82,2024-11-02 00:56:04,2024-11-02 07:53:45,76,16.5,385,414,137,109,139,29,505,45,93,80
2024-11-01 01:11:46,2024-11-02 00:56:04,UTC-04:00,53,60,94,33.60,97.71,9.3,1583,165,71,2024-11-01 01:11:46,2024-11-01 08:03:13,80,16.2,374,407,181,74,119,33,465,12,92,66
2024-10-30 23:00:00,2024-11-01 01:11:46,UTC-04:00,90,53,138,35.10,97.33,4.9,1331,125,70,2024-10-30 23:00:00,2024-10-31 08:02:51,96,15.5,479,542,199,111,169,63,499,44,89,72
2024-10-30 00:00:30,2024-10-30 23:00:00,UTC-04:00,54,55,96,35.30,96.06,6.9,1418,141,69,2024-10-30 00:00:30,2024-10-30 06:48:20,82,15.5,393,407,151,82,160,14,482,3,96,71
2024-10-28 21:12:04,2024-10-30 00:00:30,UTC-04:00,81,57,129,35.40,96.67,13.7,1956,167,73,2024-10-28 21:12:04,2024-10-29 06:37:40,99,15.6,534,565,472,32,30,31,539,41,94,65
2024-10-27 23:25:41,2024-10-28 21:12:04,UTC-04:00,50,62,95,35.10,94.82,16.5,1925,181,77,2024-10-27 23:25:41,2024-10-28 06:33:32,83,16.1,411,422,230,85,96,11,494,0,97,63
2024-10-26 22:23:43,2024-10-27 23:25:41,UTC-04:00,74,54,126,35.57,98.00,16.1,2126,180,75,2024-10-26 22:23:43,2024-10-27 08:38:46,100,16.0,579,615,432,68,79,36,570,117,94,60
2024-10-26 01:36:56,2024-10-26 22:23:43,UTC-04:00,9,69,28,35.10,93.75,5.4,815,133,81,2024-10-26 01:36:56,2024-10-26 06:29:39,55,16.1,287,292,102,82,103,5,521,15,99,66
2024-10-24 23:02:45,2024-10-26 01:36:56,UTC-04:00,33,58,82,34.00,97.75,17.7,2436,180,81,2024-10-24 23:02:45,2024-10-25 06:29:45,93,15.8,432,447,258,85,89,15,462,4,97,88
2024-10-23 22:19:31,2024-10-24 23:02:45,UTC-04:00,67,55,124,35.47,97.93,8.4,1559,173,68,2024-10-23 22:19:31,2024-10-24 06:34:44,98,15.6,468,495,237,85,146,27,476,0,95,90
2024-10-22 21:53:44,2024-10-23 22:19:31,UTC-04:00,53,56,113,35.11,96.95,13.2,1695,181,71,2024-10-22 21:53:44,2024-10-23 06:29:44,100,16.1,505,515,245,99,161,10,499,21,98,78
2024-10-21 22:40:06,2024-10-22 21:53:44,UTC-04:00,79,58,137,35.49,96.63,13.6,1766,155,73,2024-10-21 22:40:06,2024-10-22 06:28:16,91,16.2,459,468,280,53,126,9,503,0,98,64
2024-10-20 21:55:30,2024-10-21 22:40:06,UTC-04:00,84,56,143,34.90,97.07,17.3,2126,182,74,2024-10-20 21:55:30,2024-10-21 06:32:25,100,16.7,494,516,410,39,45,22,463,0,96,56
2024-10-19 19:34:36,2024-10-20 21:55:30,UTC-04:00,46,59,98,34.79,97.56,10.5,1761,139,72,2024-10-19 19:34:36,2024-10-20 07:01:18,100,16.1,624,685,345,131,148,61,451,0,91,37
2024-10-19 00:00:00,2024-10-19 19:34:36,UTC-04:00,,,,,,3.0,191,120,85,,,,,,,,,,,,,,
2024-10-17 21:50:20,2024-10-19 00:00:00,UTC-04:00,64,53,126,35.50,95.34,5.9,1722,136,75,2024-10-17 21:50:20,2024-10-18 07:06:38,100,15.2,529,556,310,104,115,27,481,20,95,77
2024-10-17 00:02:01,2024-10-17 21:50:20,UTC-04:00,68,56,125,35.32,96.32,9.5,1440,161,69,2024-10-17 00:02:01,2024-10-17 07:39:09,93,15.4,447,457,295,43,109,10,479,21,97,70
2024-10-15 22:25:50,2024-10-17 00:02:01,UTC-04:00,82,54,143,34.77,96.53,8.7,1628,145,68,2024-10-15 22:25:50,2024-10-16 06:34:43,93,15.9,459,488,277,80,102,29,492,23,94,82
2024-10-14 22:11:52,2024-10-15 22:25:50,UTC-04:00,85,55,146,34.30,97.80,11.8,1675,163,70,2024-10-14 22:11:52,2024-10-15 06:31:30,93,16.0,473,498,348,60,65,25,510,0,95,78
2024-10-13 21:08:11,2024-10-14 22:11:52,UTC-04:00,72,49,128,34.70,98.11,18.3,2393,181,75,2024-10-13 21:08:11,2024-10-14 07:13:21,100,15.8,554,605,342,85,127,51,528,63,91,65
2024-10-13 00:02:21,2024-10-13 21:08:11,UTC-04:00,18,68,54,34.90,95.81,10.9,1499,145,78,2024-10-13 00:02:21,2024-10-13 07:44:17,77,16.8,425,460,161,99,165,35,552,44,92,71
2024-10-11 21:55:01,2024-10-13 00:02:21,UTC-04:00,33,61,76,34.60,97.45,17.9,2463,181,83,2024-10-11 21:55:01,2024-10-12 06:32:21,84,16.2,486,512,236,108,142,26,576,64,95,56
2024-10-10 23:46:16,2024-10-11 21:55:01,UTC-04:00,55,58,113,34.63,95.77,18.5,2085,185,78,2024-10-10 23:46:16,2024-10-11 05:59:56,73,16.5,351,368,112,76,163,17,480,14,96,58
2024-10-10 00:00:00,2024-10-10 23:46:16,UTC-04:00,,,,,,11.1,1420,143,81,,,,,,,,,,,,,,
2024-10-08 23:19:44,2024-10-10 00:00:00,UTC-04:00,42,60,92,35.50,93.86,14.5,1917,175,77,2024-10-08 23:19:44,2024-10-09 07:08:52,95,15.9,451,467,230,82,139,16,474,16,96,76
2024-10-07 22:34:30,2024-10-08 23:19:44,UTC-04:00,44,59,95,34.59,95.95,8.5,1574,134,73,2024-10-07 22:34:30,2024-10-08 07:01:01,95,16.2,482,505,209,119,154,23,508,0,95,73
2024-10-06 21:54:20,2024-10-07 22:34:30,UTC-04:00,94,48,177,34.90,97.73,18.0,2192,184,74,2024-10-06 21:54:20,2024-10-07 06:04:37,100,15.9,467,487,362,62,43,20,461,0,96,66
2024-10-05 20:10:28,2024-10-06 21:54:20,UTC-04:00,80,54,137,34.60,97.90,9.8,1676,135,68,2024-10-05 20:10:28,2024-10-06 07:22:24,100,15.8,628,670,417,76,135,42,576,99,95,51
2024-10-05 01:35:52,2024-10-05 20:10:28,UTC-04:00,6,66,38,34.80,94.25,13.4,1569,158,82,2024-10-05 01:35:52,2024-10-05 06:56:57,61,16.1,306,320,91,81,134,14,506,55,95,60
2024-10-04 13:35:52,2024-10-05 01:35:52,UTC-04:00,,,,,,0.0,16,95,71,,,,,,,,,,,,,,
2024-10-02 22:17:54,2024-10-03 22:17:54,UTC-04:00,56,55,121,35.50,94.76,7.2,1477,136,69,2024-10-02 22:17:54,2024-10-03 06:03:11,84,15.9,454,465,285,77,92,11,539,61,97,77
2024-10-01 22:17:20,2024-10-02 22:17:54,UTC-04:00,61,51,123,34.79,98.29,13.6,1703,171,68,2024-10-01 22:17:20,2024-10-02 06:37:03,83,16.2,471,492,344,53,74,21,568,108,96,58
2024-09-30 23:40:00,2024-10-01 22:17:20,UTC-04:00,62,53,124,33.30,98.96,8.9,1477,151,68,2024-09-30 23:40:00,2024-10-01 06:35:00,64,16.1,387,415,154,92,141,28,605,99,95,49
2024-09-29 22:47:44,2024-09-30 23:40:00,UTC-04:00,69,52,132,34.61,97.81,17.7,2414,182,76,2024-09-29 22:47:44,2024-09-30 05:56:58,67,16.3,406,429,214,84,108,23,605,127,95,36
2024-09-28 05:42:43,2024-09-29 22:47:44,UTC-04:00,1,72,27,34.90,96.83,13.5,1953,164,88,2024-09-28 05:42:43,2024-09-28 09:43:03,32,16.5,162,240,69,52,41,78,510,7,67,15
2024-09-26 21:49:20,2024-09-28 05:42:43,UTC-04:00,97,46,166,34.50,98.25,17.2,2820,180,76,2024-09-26 21:49:20,2024-09-27 06:05:11,98,15.9,478,494,330,86,62,16,489,29,96,85
2024-09-25 22:26:46,2024-09-26 21:49:20,UTC-04:00,54,56,110,33.79,97.71,9.2,1554,146,67,2024-09-25 22:26:46,2024-09-26 06:15:54,88,16.2,446,466,246,101,99,20,504,23,95,78
2024-09-24 21:42:20,2024-09-25 22:26:46,UTC-04:00,62,53,119,33.88,97.35,14.1,1768,185,70,2024-09-24 21:42:20,2024-09-25 05:59:50,91,16.1,477,497,275,98,104,20,524,43,96,65
2024-09-23 22:55:18,2024-09-24 21:42:20,UTC-04:00,42,57,106,34.22,98.06,14.0,1725,174,72,2024-09-23 22:55:18,2024-09-24 06:26:39,83,15.7,415,451,228,110,77,36,502,0,92,77
2024-09-22 23:09:14,2024-09-23 22:55:18,UTC-04:00,94,49,161,34.70,96.46,17.2,2197,183,74,2024-09-22 23:09:14,2024-09-23 07:08:27,100,15.7,440,479,251,78,111,39,426,18,91,70
2024-09-21 23:17:34,2024-09-22 23:09:14,UTC-04:00,82,51,135,34.59,97.82,12.8,1546,137,67,2024-09-21 23:17:34,2024-09-22 07:39:23,94,15.7,467,501,311,87,69,34,495,15,93,72
2024-09-21 00:56:52,2024-09-21 23:17:34,UTC-04:00,59,56,105,34.72,96.06,13.8,1751,172,74,2024-09-21 00:56:52,2024-09-21 08:54:12,93,15.9,444,473,185,98,161,29,476,19,94,61
2024-09-19 22:48:03,2024-09-21 00:56:52,UTC-04:00,62,56,108,34.60,94.67,7.6,1631,139,67,2024-09-19 22:48:03,2024-09-20 07:22:51,94,15.8,464,514,208,106,150,50,495,32,90,86
2024-09-19 00:00:00,2024-09-19 22:48:03,UTC-04:00,,,,,,10.3,1298,167,80,,,,,,,,,,,,,,
2024-09-17 23:05:42,2024-09-19 00:00:00,UTC-04:00,84,50,135,34.10,94.90,10.5,1836,177,73,2024-09-17 23:05:42,2024-09-18 06:45:57,87,16.1,413,457,236,75,102,44,478,0,92,74
2024-09-16 22:43:40,2024-09-17 23:05:42,UTC-04:00,93,48,145,34.53,94.21,13.6,1797,169,68,2024-09-16 22:43:40,2024-09-17 08:24:47,100,15.8,563,581,310,111,142,18,484,0,97,82
2024-09-15 22:31:30,2024-09-16 22:43:40,UTC-04:00,98,49,181,34.60,94.08,14.6,1815,174,68,2024-09-15 22:31:30,2024-09-16 07:40:07,100,15.7,520,548,483,13,24,28,513,37,94,79
2024-09-14 23:47:48,2024-09-15 22:31:30,UTC-04:00,26,63,67,34.67,95.92,13.2,1814,152,79,2024-09-14 23:47:48,2024-09-15 07:28:45,85,16.8,416,457,230,105,81,41,490,33,93,74
2024-09-14 00:00:00,2024-09-14 23:47:48,UTC-04:00,,,,,,7.9,1103,145,85,,,,,,,,,,,,,,
2024-09-12 23:47:43,2024-09-14 00:00:00,UTC-04:00,73,55,123,34.50,96.36,13.9,2050,175,79,2024-09-12 23:47:43,2024-09-13 07:23:23,86,15.7,418,455,203,83,132,37,485,0,93,61
2024-09-12 00:06:12,2024-09-12 23:47:43,UTC-04:00,93,51,144,34.90,96.90,14.8,1927,178,70,2024-09-12 00:06:12,2024-09-12 07:59:39,100,16.2,438,473,267,75,96,35,388,7,93,47
2024-09-10 23:23:36,2024-09-12 00:06:12,UTC-04:00,,,,,,4.5,1093,118,72,,,,,,,,,,,,,,
2024-09-10 00:13:04,2024-09-10 23:23:36,UTC-04:00,48,57,103,34.90,96.42,13.0,1772,179,73,2024-09-10 00:13:04,2024-09-10 08:27:13,98,15.4,476,494,260,93,123,18,488,1,96,82
2024-09-08 23:23:36,2024-09-10 00:13:04,UTC-04:00,58,59,101,34.74,95.33,15.1,2066,176,75,2024-09-08 23:23:36,2024-09-09 08:09:56,100,16.1,491,526,317,98,76,35,493,29,93,70
2024-09-08 01:26:35,2024-09-08 23:23:36,UTC-04:00,82,56,133,34.83,96.73,10.5,1537,149,72,2024-09-08 01:26:35,2024-09-08 09:20:31,88,16.2,440,473,306,50,84,33,499,1,93,
2024-09-06 00:04:31,2024-09-08 01:26:35,UTC-04:00,62,56,106,34.20,96.47,16.6,3152,178,79,2024-09-06 00:04:31,2024-09-06 08:07:51,99,15.6,451,476,220,112,119,25,453,0,94,83
2024-09-04 23:19:28,2024-09-06 00:04:31,UTC-04:00,74,53,123,34.50,97.31,5.2,1460,128,69,2024-09-04 23:19:28,2024-09-05 07:50:53,100,15.9,484,511,261,103,120,27,452,0,94,54
2024-09-04 00:00:00,2024-09-04 23:19:28,UTC-04:00,,,,,,4.3,955,119,77,,,,,,,,,,,,,,
2024-09-02 22:58:42,2024-09-04 00:00:00,UTC-04:00,86,53,152,34.10,97.38,4.4,1566,130,71,2024-09-02 22:58:42,2024-09-03 08:02:10,100,15.8,509,543,360,73,76,34,480,0,94,65
2024-09-02 00:06:13,2024-09-02 22:58:42,UTC-04:00,89,49,142,34.50,96.59,14.1,1659,164,68,2024-09-02 00:06:13,2024-09-02 08:56:52,100,15.8,494,530,244,108,142,36,454,0,93,76
2024-08-31 23:17:20,2024-09-02 00:06:13,UTC-04:00,98,51,163,35.01,97.60,5.9,1500,150,62,2024-08-31 23:17:20,2024-09-01 09:31:37,100,15.8,575,614,418,61,96,39,455,0,93,72
2024-08-31 00:00:00,2024-08-31 23:17:20,UTC-04:00,,,,,,6.6,1094,150,75,,,,,,,,,,,,,,
2024-08-29 22:40:35,2024-08-31 00:00:00,UTC-04:00,35,61,89,34.10,97.64,13.9,1986,172,75,2024-08-29 22:40:35,2024-08-30 08:08:43,100,16.6,519,566,338,86,95,47,454,0,91,86
2024-08-28 22:20:21,2024-08-29 22:40:35,UTC-04:00,88,55,147,34.50,96.21,5.7,1450,132,65,2024-08-28 22:20:21,2024-08-29 07:55:25,100,16.1,552,574,355,89,108,22,497,3,96,78
2024-08-27 22:44:35,2024-08-28 22:20:21,UTC-04:00,96,53,152,34.42,97.44,16.0,1846,168,70,2024-08-27 22:44:35,2024-08-28 06:39:57,99,15.6,454,475,362,49,43,21,461,4,96,79
2024-08-26 22:57:30,2024-08-27 22:44:35,UTC-04:00,63,56,115,34.24,97.32,7.9,1511,144,69,2024-08-26 22:57:30,2024-08-27 07:14:59,98,15.9,466,497,196,102,168,31,475,0,93,78
2024-08-25 23:16:35,2024-08-26 22:57:30,UTC-04:00,89,53,142,34.02,94.97,13.1,1819,172,74,2024-08-25 23:16:35,2024-08-26 07:39:58,100,15.4,461,503,275,90,96,42,460,0,94,82
2024-08-24 23:47:18,2024-08-25 23:16:35,UTC-04:00,92,55,140,34.69,96.10,9.4,1559,168,68,2024-08-24 23:47:18,2024-08-25 09:21:12,100,16.1,536,573,405,47,84,37,453,0,93,78
2024-08-23 23:34:44,2024-08-24 23:47:18,UTC-04:00,41,62,89,34.28,97.56,5.0,1426,141,64,2024-08-23 23:34:44,2024-08-24 09:27:52,100,15.9,571,591,402,83,86,20,499,14,96,71
2024-08-22 22:53:41,2024-08-23 23:34:44,UTC-04:00,40,60,91,33.41,98.42,14.7,1992,172,78,2024-08-22 22:53:41,2024-08-23 06:56:25,94,15.6,452,482,241,90,121,30,480,0,93,88
2024-08-21 23:03:27,2024-08-22 22:53:41,UTC-04:00,74,57,127,34.00,98.34,14.0,1760,156,72,2024-08-21 23:03:27,2024-08-22 08:07:16,100,15.8,519,543,308,64,147,24,457,0,95,85
2024-08-20 23:01:03,2024-08-21 23:03:27,UTC-04:00,63,57,113,34.60,95.83,8.1,1535,149,71,2024-08-20 23:01:03,2024-08-21 07:09:24,100,15.8,461,488,227,104,130,27,453,0,94,73
2024-08-19 23:21:10,2024-08-20 23:01:03,UTC-04:00,34,61,80,34.09,96.75,4.9,1388,131,69,2024-08-19 23:21:10,2024-08-20 08:10:36,100,16.2,495,528,307,102,86,33,483,3,93,76
2024-08-18 23:44:53,2024-08-19 23:21:10,UTC-04:00,76,52,122,34.00,96.81,14.0,1911,176,77,2024-08-18 23:44:53,2024-08-19 07:55:10,99,15.6,448,490,170,122,156,42,454,0,91,47
2024-08-18 00:27:08,2024-08-18 23:44:53,UTC-04:00,61,60,103,33.80,97.59,6.4,1431,143,69,2024-08-18 00:27:08,2024-08-18 10:08:09,100,15.9,555,580,346,90,119,25,454,0,95,60
2024-08-17 00:00:00,2024-08-18 00:27:08,UTC-04:00,,,,,,5.8,868,141,83,,,,,,,,,,,,,,
2024-08-15 23:41:39,2024-08-17 00:00:00,UTC-04:00,86,53,132,33.91,96.65,16.5,2298,181,77,2024-08-15 23:41:39,2024-08-16 08:03:25,100,15.8,464,498,255,82,127,34,348,0,93,70
2024-08-14 23:55:31,2024-08-15 23:41:39,UTC-04:00,71,55,120,34.40,97.78,4.8,1387,127,65,2024-08-14 23:55:31,2024-08-15 08:14:56,100,15.3,464,494,249,99,116,30,457,0,93,80
2024-08-13 23:18:35,2024-08-14 23:55:31,UTC-04:00,52,59,103,35.10,95.77,8.0,1560,145,72,2024-08-13 23:18:35,2024-08-14 07:50:39,100,15.4,480,509,232,109,139,29,453,0,94,82
2024-08-12 22:49:12,2024-08-13 23:18:35,UTC-04:00,38,61,82,34.30,95.74,4.9,1440,141,69,2024-08-12 22:49:12,2024-08-13 08:35:30,100,16.1,528,579,290,104,134,51,494,0,91,77
2024-08-11 22:56:24,2024-08-12 22:49:12,UTC-04:00,55,58,109,34.80,96.54,16.0,2188,177,75,2024-08-11 22:56:24,2024-08-12 07:34:33,100,15.8,466,517,298,72,96,51,387,0,92,61
2024-08-10 23:30:55,2024-08-11 22:56:24,UTC-04:00,82,51,137,34.70,95.36,4.6,1369,130,62,2024-08-10 23:30:55,2024-08-11 08:23:30,100,15.3,505,532,385,53,67,27,453,0,94,59
2024-08-10 00:19:23,2024-08-10 23:30:55,UTC-04:00,66,57,112,34.82,97.41,4.8,1359,126,63,2024-08-10 00:19:23,2024-08-10 09:56:45,100,15.4,536,577,329,83,124,41,500,0,93,72
2024-08-08 23:17:00,2024-08-10 00:19:23,UTC-04:00,65,58,112,34.80,98.52,16.8,2281,181,75,2024-08-08 23:17:00,2024-08-09 08:17:00,100,15.3,512,540,303,74,135,28,474,15,95,55
2024-08-07 00:25:16,2024-08-08 23:17:00,UTC-04:00,38,58,91,34.63,98.36,8.4,2500,140,73,2024-08-07 00:25:16,2024-08-07 08:32:32,94,15.6,458,484,260,96,102,26,489,0,94,84
2024-08-05 23:13:00,2024-08-07 00:25:16,UTC-04:00,98,52,156,35.00,98.15,15.4,2137,189,71,2024-08-05 23:13:00,2024-08-06 08:02:41,100,16.1,509,529,300,86,123,20,453,0,96,89
2024-08-04 23:45:59,2024-08-05 23:13:00,UTC-04:00,88,49,137,34.50,97.14,5.4,1408,143,62,2024-08-04 23:45:59,2024-08-05 08:43:01,100,15.5,493,537,280,98,115,44,466,0,92,94
2024-08-03 23:57:30,2024-08-04 23:45:59,UTC-04:00,79,57,129,34.66,97.23,11.2,1678,165,71,2024-08-03 23:57:30,2024-08-04 08:43:52,100,16.4,507,526,433,48,26,19,483,0,96,88
2024-08-02 23:51:22,2024-08-03 23:57:30,UTC-04:00,57,58,111,35.10,96.61,14.4,2002,173,72,2024-08-02 23:51:22,2024-08-03 09:17:46,100,15.5,509,548,257,95,157,39,456,0,93,84
2024-08-02 00:10:30,2024-08-02 23:51:22,UTC-04:00,68,59,123,34.80,97.72,7.6,1493,144,70,2024-08-02 00:10:30,2024-08-02 08:35:52,100,16.3,490,504,480,0,10,14,462,6,97,84
2024-07-31 23:52:40,2024-08-02 00:10:30,UTC-04:00,92,55,143,34.82,96.29,7.2,1515,145,67,2024-07-31 23:52:40,2024-08-01 08:22:55,97,16.1,480,507,338,74,68,27,493,0,96,83
2024-07-30 23:04:49,2024-07-31 23:52:40,UTC-04:00,81,56,127,34.66,98.58,15.9,1936,177,70,2024-07-30 23:04:49,2024-07-31 07:58:10,100,15.5,500,533,317,75,108,33,483,0,93,91
2024-07-29 23:05:28,2024-07-30 23:04:49,UTC-04:00,83,55,124,34.70,96.30,14.5,1911,183,72,2024-07-29 23:05:28,2024-07-30 08:01:07,100,15.9,502,533,263,103,136,31,499,0,94,87
2024-07-28 22:56:31,2024-07-29 23:05:28,UTC-04:00,98,51,158,35.10,96.78,16.8,2001,182,71,2024-07-28 22:56:31,2024-07-29 07:51:50,100,15.5,486,533,335,66,85,47,452,0,91,54
2024-07-27 23:30:23,2024-07-28 22:56:31,UTC-04:00,75,58,110,34.90,96.12,4.3,1359,122,61,2024-07-27 23:30:23,2024-07-28 09:22:34,100,16.4,546,592,471,5,70,46,460,0,92,80
2024-07-27 00:00:00,2024-07-27 23:30:23,UTC-04:00,,,,,,9.3,1046,132,88,,,,,,,,,,,,,,
2024-07-25 23:19:24,2024-07-27 00:00:00,UTC-04:00,80,57,116,34.20,97.35,14.4,2014,176,74,2024-07-25 23:19:24,2024-07-26 07:57:40,100,15.6,479,510,241,85,153,31,458,0,93,93
2024-07-24 23:16:00,2024-07-25 23:19:24,UTC-04:00,74,58,109,33.87,97.56,8.6,1589,147,68,2024-07-24 23:16:00,2024-07-25 08:04:43,100,16.0,484,528,334,68,82,44,482,0,91,86
2024-07-23 23:01:18,2024-07-24 23:16:00,UTC-04:00,41,62,80,34.10,94.77,14.2,1760,183,72,2024-07-23 23:01:18,2024-07-24 07:41:20,100,16.6,494,519,324,83,87,25,489,2,95,76
2024-07-22 23:23:11,2024-07-23 23:01:18,UTC-04:00,33,60,70,34.90,97.75,14.9,1882,184,73,2024-07-22 23:23:11,2024-07-23 08:03:15,99,16.2,500,520,334,102,64,20,504,3,96,71
2024-07-21 23:53:21,2024-07-22 23:23:11,UTC-04:00,80,57,126,34.52,97.60,17.0,2237,182,77,2024-07-21 23:53:21,2024-07-22 07:51:07,98,16.0,449,477,303,50,96,28,457,0,94,67
2024-07-21 00:56:21,2024-07-21 23:53:21,UTC-04:00,46,61,90,34.28,97.53,7.8,1457,144,72,2024-07-21 00:56:21,2024-07-21 10:03:49,100,16.0,516,547,351,90,75,31,456,0,94,58
2024-07-19 23:11:40,2024-07-21 00:56:21,UTC-04:00,86,56,139,34.90,97.13,7.1,1598,142,68,2024-07-19 23:11:40,2024-07-20 09:29:48,100,16.1,561,618,465,45,51,57,353,6,92,58
2024-07-18 22:47:49,2024-07-19 23:11:40,UTC-04:00,33,61,74,36.00,96.75,4.8,1432,140,66,2024-07-18 22:47:49,2024-07-19 07:37:44,98,16.2,492,528,313,80,99,36,504,11,95,86
2024-07-18 00:07:33,2024-07-18 22:47:49,UTC-04:00,64,56,115,34.60,94.82,15.8,2143,175,76,2024-07-18 00:07:33,2024-07-18 08:09:56,95,15.5,453,482,253,96,104,29,477,0,94,87
2024-07-16 23:12:27,2024-07-18 00:07:33,UTC-04:00,71,54,117,34.77,97.38,13.4,1904,171,73,2024-07-16 23:12:27,2024-07-17 08:21:51,100,16.4,488,549,206,118,164,61,453,0,88,86
2024-07-15 23:41:52,2024-07-16 23:12:27,UTC-04:00,77,54,122,35.20,96.47,5.0,1385,146,64,2024-07-15 23:41:52,2024-07-16 08:07:32,100,16.0,473,505,229,99,145,32,453,0,94,70
2024-07-14 23:31:44,2024-07-15 23:41:52,UTC-04:00,80,54,126,34.40,97.42,4.7,1423,126,65,2024-07-14 23:31:44,2024-07-15 08:12:59,100,16.0,483,520,266,70,147,37,460,0,93,56
2024-07-14 00:55:28,2024-07-14 23:31:44,UTC-04:00,91,53,146,34.03,98.56,9.2,1513,171,69,2024-07-14 00:55:28,2024-07-14 09:14:52,100,15.9,465,499,255,78,132,34,460,0,93,71
2024-07-12 23:24:28,2024-07-14 00:55:28,UTC-04:00,,,,,,9.1,1190,154,86,,,,,,,,,,,,,,
2024-07-11 23:30:22,2024-07-12 23:24:28,UTC-04:00,63,54,113,34.30,97.55,16.5,2127,184,75,2024-07-11 23:30:22,2024-07-12 08:14:46,100,16.2,490,523,192,110,188,33,459,0,93,87
2024-07-10 23:24:28,2024-07-11 23:30:22,UTC-04:00,55,56,100,34.43,95.80,8.7,1580,147,68,2024-07-10 23:24:28,2024-07-11 08:20:51,100,15.9,498,536,275,129,94,38,496,0,93,77
2024-07-09 22:39:22,2024-07-10 23:24:28,UTC-04:00,62,57,111,34.10,97.88,16.3,2178,183,73,2024-07-09 22:39:22,2024-07-10 08:17:16,100,16.0,511,570,313,98,100,59,468,0,89,70
2024-07-08 22:40:58,2024-07-09 22:39:22,UTC-04:00,63,57,116,34.33,98.25,11.7,1729,161,73,2024-07-08 22:40:58,2024-07-09 07:36:26,100,16.2,500,535,321,100,79,35,481,0,93,60
2024-07-08 00:09:06,2024-07-08 22:40:58,UTC-04:00,83,54,143,34.40,96.36,14.0,1770,177,71,2024-07-08 00:09:06,2024-07-08 08:00:29,100,15.7,441,471,284,56,101,30,361,0,93,62
2024-07-07 00:46:02,2024-07-08 00:09:06,UTC-04:00,31,65,66,34.30,96.55,5.0,1381,131,68,2024-07-07 00:46:02,2024-07-07 10:06:29,100,16.4,529,560,305,124,100,31,476,0,94,65
2024-07-05 23:38:54,2024-07-07 00:46:02,UTC-04:00,24,66,54,34.50,95.26,13.3,1819,159,77,2024-07-05 23:38:54,2024-07-06 09:50:18,100,16.5,553,608,369,108,76,55,501,0,90,67
2024-07-04 23:38:03,2024-07-05 23:38:54,UTC-04:00,73,58,128,34.30,96.80,17.0,2239,186,77,2024-07-04 23:38:03,2024-07-05 07:59:44,100,15.9,477,501,284,65,128,24,400,31,95,70
2024-07-03 23:44:43,2024-07-04 23:38:03,UTC-04:00,49,58,99,33.73,96.94,6.9,1499,140,69,2024-07-03 23:44:43,2024-07-04 07:59:40,88,16.0,460,494,218,115,127,34,522,25,93,74
2024-07-02 22:50:04,2024-07-03 23:44:43,UTC-04:00,76,56,131,33.70,97.50,16.5,2183,185,75,2024-07-02 22:50:04,2024-07-03 07:08:24,90,16.4,475,498,239,97,139,23,525,29,96,70
2024-07-01 23:10:09,2024-07-02 22:50:04,UTC-04:00,80,55,131,34.37,97.00,16.3,2010,172,76,2024-07-01 23:10:09,2024-07-02 07:19:57,89,16.1,449,489,284,85,80,40,508,0,91,62
2024-06-30 22:37:56,2024-07-01 23:10:09,UTC-04:00,88,52,139,35.10,98.77,17.9,2447,181,78,2024-06-30 22:37:56,2024-07-01 07:37:43,100,15.7,502,539,389,52,61,37,443,59,93,50
2024-06-30 01:51:03,2024-06-30 22:37:56,UTC-04:00,26,67,56,34.47,95.83,6.8,1293,133,74,2024-06-30 01:51:03,2024-06-30 08:30:58,75,17.1,367,399,201,82,84,32,486,24,91,64
2024-06-29 01:54:51,2024-06-30 01:51:03,UTC-04:00,15,69,36,34.00,96.58,9.9,1611,144,80,2024-06-29 01:54:51,2024-06-29 10:26:37,91,16.2,478,507,281,108,89,29,527,17,94,57
2024-06-27 23:55:05,2024-06-29 01:54:51,UTC-04:00,64,60,107,34.75,96.55,18.2,2482,181,79,2024-06-27 23:55:05,2024-06-28 08:05:47,94,16.2,451,490,278,71,102,39,478,9,91,81
2024-06-26 23:15:45,2024-06-27 23:55:05,UTC-04:00,90,51,142,35.31,96.36,11.7,1750,172,72,2024-06-26 23:15:45,2024-06-27 07:59:40,97,16.1,504,523,303,77,124,19,518,63,96,73
2024-06-26 01:16:20,2024-06-26 23:15:45,UTC-04:00,29,64,74,34.50,94.64,6.1,1333,129,72,2024-06-26 01:16:20,2024-06-26 08:39:59,77,16.7,420,443,248,100,72,23,547,38,94,72
2024-06-25 00:38:19,2024-06-26 01:16:20,UTC-04:00,39,58,85,33.93,98.06,18.1,2449,183,79,2024-06-25 00:38:19,2024-06-25 08:18:08,84,16.0,417,459,239,94,84,42,495,0,93,70
2024-06-23 23:25:29,2024-06-25 00:38:19,UTC-04:00,87,46,137,34.30,94.42,16.1,2320,178,72,2024-06-23 23:25:29,2024-06-24 08:06:57,100,15.7,467,520,253,113,101,53,357,0,89,55
2024-06-23 00:22:08,2024-06-23 23:25:29,UTC-04:00,51,59,91,34.40,96.36,7.0,1425,146,63,2024-06-23 00:22:08,2024-06-23 09:56:03,100,16.2,537,571,270,106,161,34,477,14,94,75
2024-06-22 00:56:13,2024-06-23 00:22:08,UTC-04:00,44,60,88,33.35,97.61,10.1,1600,146,73,2024-06-22 00:56:13,2024-06-22 09:38:12,94,16.2,473,521,210,125,138,48,502,5,91,63
2024-06-21 00:07:39,2024-06-22 00:56:13,UTC-04:00,54,52,103,34.94,96.22,16.3,2252,181,75,2024-06-21 00:07:39,2024-06-21 07:58:53,98,16.0,424,468,176,102,146,44,433,43,90,72
2024-06-20 00:17:31,2024-06-21 00:07:39,UTC-04:00,51,58,102,34.60,95.63,5.2,1424,135,66,2024-06-20 00:17:31,2024-06-20 08:05:41,84,16.2,445,468,239,87,119,23,532,25,96,76
2024-06-18 23:16:05,2024-06-20 00:17:31,UTC-04:00,59,51,114,33.88,94.57,17.8,2469,185,76,2024-06-18 23:16:05,2024-06-19 06:38:48,89,16.0,406,442,190,109,107,36,456,0,92,89
2024-06-17 23:14:35,2024-06-18 23:16:05,UTC-04:00,71,53,125,34.37,96.38,7.4,1509,137,68,2024-06-17 23:14:35,2024-06-18 08:06:12,100,16.0,516,531,352,74,90,15,498,0,97,85
2024-06-16 22:56:47,2024-06-17 23:14:35,UTC-04:00,95,46,162,34.69,97.20,16.5,2156,181,67,2024-06-16 22:56:47,2024-06-17 07:52:43,100,15.6,494,535,286,85,123,41,455,0,92,70
2024-06-15 23:16:25,2024-06-16 22:56:47,UTC-04:00,96,52,160,33.10,96.38,6.7,1465,135,62,2024-06-15 23:16:25,2024-06-16 09:51:22,100,15.9,610,634,432,76,102,24,517,23,96,69
2024-06-15 00:02:29,2024-06-15 23:16:25,UTC-04:00,54,61,84,33.80,96.73,16.0,2027,175,78,2024-06-15 00:02:29,2024-06-15 07:51:17,90,16.5,446,465,307,76,63,19,493,0,95,83
2024-06-13 23:37:37,2024-06-15 00:02:29,UTC-04:00,95,49,156,34.60,96.94,15.8,2069,183,75,2024-06-13 23:37:37,2024-06-14 07:45:00,100,15.7,452,487,306,53,93,35,453,0,92,82
2024-06-12 22:34:12,2024-06-13 23:37:37,UTC-04:00,62,61,94,34.10,97.05,5.4,1490,142,67,2024-06-12 22:34:12,2024-06-13 07:44:33,100,16.4,517,548,300,83,134,31,456,0,94,73
2024-06-11 22:54:49,2024-06-12 22:34:12,UTC-04:00,67,54,103,33.20,97.42,7.3,1473,161,72,2024-06-11 22:54:49,2024-06-12 07:03:39,100,16.1,461,488,265,97,99,27,462,0,94,66
2024-06-10 22:52:37,2024-06-11 22:54:49,UTC-04:00,89,54,120,34.30,96.26,9.8,1630,147,72,2024-06-10 22:52:37,2024-06-11 08:39:02,100,16.2,534,583,353,73,108,49,493,0,93,53
2024-06-09 22:59:34,2024-06-10 22:52:37,UTC-04:00,86,52,116,35.23,99.17,15.9,2014,183,73,2024-06-09 22:59:34,2024-06-10 08:29:37,100,15.7,538,570,357,66,115,32,533,58,94,42
2024-06-08 03:26:19,2024-06-09 22:59:34,UTC-04:00,8,77,19,34.60,97.68,12.9,2212,155,83,2024-06-08 03:26:19,2024-06-08 10:09:35,77,17.0,384,403,216,107,61,19,501,0,95,38
2024-06-06 23:20:37,2024-06-08 03:26:19,UTC-04:00,63,62,90,34.38,95.30,17.0,2494,187,82,2024-06-06 23:20:37,2024-06-07 08:09:50,100,16.0,509,529,336,74,99,20,488,0,96,87
2024-06-05 22:41:36,2024-06-06 23:20:37,UTC-04:00,80,58,113,34.30,96.90,15.2,2064,184,74,2024-06-05 22:41:36,2024-06-06 08:16:29,100,16.4,534,570,363,88,83,36,499,41,93,80
2024-06-04 23:11:56,2024-06-05 22:41:36,UTC-04:00,64,59,107,33.60,96.67,8.1,1528,153,71,2024-06-04 23:11:56,2024-06-05 06:41:33,83,16.5,421,447,207,62,152,26,504,17,95,
2024-06-03 23:38:26,2024-06-04 23:11:56,UTC-04:00,70,58,114,34.10,96.63,14.9,1796,167,75,2024-06-03 23:38:26,2024-06-04 08:01:10,93,16.2,471,501,278,74,119,30,506,0,94,
2024-06-03 00:00:00,2024-06-03 23:38:26,UTC-04:00,,,,,,17.7,1647,191,90,,,,,,,,,,,,,,
2024-05-30 22:09:17,2024-05-31 23:56:59,UTC-04:00,38,63,66,34.60,95.94,19.0,2717,191,84,2024-05-30 22:09:17,2024-05-31 07:29:44,100,16.0,521,560,351,80,90,39,508,32,94,
2024-05-29 22:00:00,2024-05-30 22:09:17,UTC-04:00,56,61,93,34.50,97.41,13.2,2144,163,73,2024-05-29 22:00:00,2024-05-30 06:40:00,90,15.5,469,520,195,110,164,51,519,9,90,
2024-05-28 00:00:00,2024-05-29 22:00:00,UTC-04:00,,,,,,18.2,3189,180,76,,,,,,,,,,,,,,
2024-05-25 00:18:28,2024-05-26 00:18:28,UTC+02:00,27,66,48,34.70,96.68,5.8,1265,148,91,2024-05-25 00:18:28,2024-05-25 08:53:44,97,16.0,471,515,222,120,129,44,485,29,91,79
2024-05-24 00:37:10,2024-05-25 00:18:28,UTC+02:00,9,71,30,34.75,93.45,7.1,1476,144,80,2024-05-24 00:37:10,2024-05-24 08:22:55,90,16.3,409,465,197,108,104,56,454,0,88,71
2024-05-22 23:00:57,2024-05-24 00:37:10,UTC+02:00,41,64,74,34.63,97.14,6.1,1542,146,73,2024-05-22 23:00:57,2024-05-23 08:19:57,100,15.2,520,558,333,109,78,38,509,48,93,64
2024-05-21 23:32:09,2024-05-22 23:00:57,UTC+02:00,24,67,54,34.27,96.38,9.2,1571,160,76,2024-05-21 23:32:09,2024-05-22 08:06:27,86,15.8,454,514,272,111,71,60,530,74,88,53
2024-05-20 23:31:06,2024-05-21 23:32:09,UTC+02:00,69,58,122,34.40,96.44,6.8,1495,143,73,2024-05-20 23:31:06,2024-05-21 05:14:46,68,15.9,310,343,187,37,86,33,459,62,90,40
2024-05-20 00:55:11,2024-05-20 23:31:06,UTC+02:00,51,61,94,34.94,96.08,10.2,1550,163,75,2024-05-20 00:55:11,2024-05-20 07:12:39,73,16.0,335,377,199,37,99,42,460,5,88,69
2024-05-19 02:05:14,2024-05-20 00:55:11,UTC+02:00,47,62,83,34.56,97.69,6.2,1402,147,73,2024-05-19 02:05:14,2024-05-19 10:43:52,98,16.1,492,518,382,46,64,26,500,47,94,67
2024-05-18 01:59:35,2024-05-19 02:05:14,UTC+02:00,20,68,50,34.50,96.82,3.8,764,121,74,2024-05-18 01:59:35,2024-05-18 09:42:34,80,16.2,380,461,237,82,61,81,475,0,82,45
2024-05-17 01:51:06,2024-05-18 01:59:35,UTC+02:00,58,62,99,34.50,98.25,13.1,1825,189,74,2024-05-17 01:51:06,2024-05-17 11:05:08,100,16.0,532,554,380,28,124,22,493,36,96,28
2024-05-15 23:25:53,2024-05-17 01:51:06,UTC+02:00,77,56,129,34.70,95.50,7.5,1658,139,71,2024-05-15 23:25:53,2024-05-16 06:29:49,84,15.7,384,423,291,41,52,39,458,0,90,35
2024-05-14 23:03:14,2024-05-15 23:25:53,UTC+02:00,83,55,134,33.80,97.73,8.2,1553,145,73,2024-05-14 23:03:14,2024-05-15 06:36:01,100,15.6,435,452,344,24,67,17,376,0,96,9
2024-05-12 23:26:12,2024-05-14 17:03:14,UTC-04:00,83,52,137,34.10,97.76,10.2,2625,147,73,2024-05-12 23:26:12,2024-05-13 08:00:07,100,14.8,470,513,258,86,126,43,457,0,91,
2024-05-12 02:00:00,2024-05-12 23:26:12,UTC-04:00,,,,,,7.7,1006,137,87,,,,,,,,,,,,,,
2024-05-11 14:00:00,2024-05-12 02:00:00,UTC-04:00,,,,,,4.1,379,117,86,,,,,,,,,,,,,,
2024-05-09 22:56:53,2024-05-10 22:56:53,UTC-04:00,51,65,89,34.10,97.82,7.1,1510,141,73,2024-05-09 22:56:53,2024-05-10 07:23:16,100,16.3,471,506,380,51,40,35,471,8,93,86
2024-05-08 23:29:45,2024-05-09 22:56:53,UTC-04:00,55,61,93,35.50,96.14,9.8,1577,147,74,2024-05-08 23:29:45,2024-05-09 08:04:56,97,15.7,468,512,295,70,103,44,482,22,91,80
2024-05-08 00:08:21,2024-05-08 23:29:45,UTC-04:00,51,62,88,34.20,96.93,9.0,1557,148,74,2024-05-08 00:08:21,2024-05-08 08:02:05,93,15.9,442,471,283,90,69,29,478,0,93,75
2024-05-06 22:43:43,2024-05-08 00:08:21,UTC-04:00,98,52,165,34.56,98.06,13.5,1834,162,70,2024-05-06 22:43:43,2024-05-07 08:14:29,100,15.9,514,568,424,50,40,54,486,0,90,64
2024-05-06 00:02:03,2024-05-06 22:43:43,UTC-04:00,98,54,155,34.40,98.30,13.4,1725,181,71,2024-05-06 00:02:03,2024-05-06 08:24:49,100,16.2,472,502,375,41,56,30,471,14,94,72
2024-05-05 02:05:32,2024-05-06 00:02:03,UTC-04:00,27,68,59,34.64,96.15,7.7,1411,147,72,2024-05-05 02:05:32,2024-05-05 10:29:44,95,16.7,463,499,287,99,77,36,486,0,92,59
2024-05-03 23:55:07,2024-05-05 02:05:32,UTC-04:00,41,63,77,33.92,95.81,14.8,2005,170,79,2024-05-03 23:55:07,2024-05-04 10:03:09,100,16.1,526,607,374,89,63,81,526,37,86,70
2024-05-02 23:50:28,2024-05-03 23:55:07,UTC-04:00,63,58,106,34.60,97.39,15.2,2016,186,75,2024-05-02 23:50:28,2024-05-03 08:27:56,89,15.3,478,516,336,49,93,38,536,75,93,81
2024-05-01 23:42:54,2024-05-02 23:50:28,UTC-04:00,20,66,57,33.80,96.57,9.4,1607,147,75,2024-05-01 23:42:54,2024-05-02 07:21:56,73,16.2,407,457,199,96,112,50,557,98,89,82
2024-05-01 01:02:54,2024-05-01 23:42:54,UTC-04:00,33,59,80,35.06,97.50,8.7,1474,135,76,2024-05-01 01:02:54,2024-05-01 07:09:39,63,15.6,336,366,182,75,79,30,533,52,94,71
2024-04-29 23:58:27,2024-05-01 01:02:54,UTC-04:00,75,56,121,34.40,97.56,13.9,1897,162,74,2024-04-29 23:58:27,2024-04-30 07:09:50,79,15.8,404,429,230,73,101,25,510,6,94,89
2024-04-28 23:47:33,2024-04-29 23:58:27,UTC-04:00,73,59,112,34.10,97.19,17.3,2200,184,75,2024-04-28 23:47:33,2024-04-29 08:13:12,98,16.0,471,505,281,66,124,34,481,0,93,88
2024-04-27 23:34:10,2024-04-28 23:47:33,UTC-04:00,93,56,138,34.10,94.42,14.1,1883,152,75,2024-04-27 23:34:10,2024-04-28 08:36:37,100,16.2,506,538,353,67,86,32,475,0,94,80
2024-04-27 00:15:27,2024-04-27 23:34:10,UTC-04:00,63,61,102,34.23,95.53,13.1,1703,158,74,2024-04-27 00:15:27,2024-04-27 09:20:25,100,15.9,511,542,262,109,140,31,507,10,94,76
2024-04-25 23:23:30,2024-04-27 00:15:27,UTC-04:00,66,57,110,35.50,96.94,16.3,2233,181,77,2024-04-25 23:23:30,2024-04-26 07:49:38,97,15.8,478,506,298,85,95,28,494,39,94,83
2024-04-25 00:40:11,2024-04-25 23:23:30,UTC-04:00,64,60,107,34.15,95.83,6.7,1391,148,69,2024-04-25 00:40:11,2024-04-25 08:23:03,85,15.4,432,462,242,79,111,30,510,32,93,69
2024-04-23 23:39:32,2024-04-25 00:40:11,UTC-04:00,33,63,69,34.20,96.45,13.5,1960,158,75,2024-04-23 23:39:32,2024-04-24 07:49:03,87,16.1,443,488,273,90,80,45,507,44,91,70
2024-04-22 23:38:03,2024-04-23 23:39:32,UTC-04:00,92,56,132,34.81,97.28,10.1,1632,139,74,2024-04-22 23:38:03,2024-04-23 07:09:52,82,15.5,419,450,314,56,49,31,508,17,94,61
2024-04-21 23:10:00,2024-04-22 23:38:03,UTC-04:00,97,55,158,34.20,97.18,15.5,2043,179,73,2024-04-21 23:10:00,2024-04-22 07:20:00,93,16.2,466,490,430,8,28,24,502,0,95,50
2024-04-20 00:29:52,2024-04-21 23:10:00,UTC-04:00,36,64,70,34.80,95.79,17.1,2629,168,80,2024-04-20 00:29:52,2024-04-20 09:37:50,100,16.5,507,547,315,110,82,40,504,3,93,65
2024-04-18 23:25:58,2024-04-20 00:29:52,UTC-04:00,85,56,135,34.40,96.40,16.9,2272,184,75,2024-04-18 23:25:58,2024-04-19 08:06:02,99,15.7,498,520,348,64,86,22,504,39,95,87
2024-04-17 23:29:11,2024-04-18 23:25:58,UTC-04:00,46,61,85,35.00,96.21,10.6,1663,137,74,2024-04-17 23:29:11,2024-04-18 07:06:47,84,15.9,422,457,227,83,112,35,501,19,92,82
2024-04-16 22:58:59,2024-04-17 23:29:11,UTC-04:00,82,56,127,34.65,95.46,14.1,1956,174,75,2024-04-16 22:58:59,2024-04-17 07:08:47,92,16.3,463,487,358,30,75,24,503,17,95,79
2024-04-15 23:21:32,2024-04-16 22:58:59,UTC-04:00,85,57,131,34.30,97.82,14.8,1855,166,74,2024-04-15 23:21:32,2024-04-16 07:51:02,93,16.2,472,509,342,77,53,37,508,11,92,74
2024-04-14 23:17:33,2024-04-15 23:21:32,UTC-04:00,85,57,124,34.90,97.44,16.3,2101,180,74,2024-04-14 23:17:33,2024-04-15 07:44:38,96,15.9,465,507,383,35,47,42,483,0,92,68
2024-04-13 23:40:21,2024-04-14 23:17:33,UTC-04:00,58,63,99,34.48,97.06,14.3,1977,176,77,2024-04-13 23:40:21,2024-04-14 08:49:53,100,16.5,506,545,422,47,37,39,493,14,93,55
2024-04-13 02:07:44,2024-04-13 23:40:21,UTC-04:00,12,71,33,34.30,94.22,13.6,1669,157,81,2024-04-13 02:07:44,2024-04-13 11:11:22,94,16.6,496,543,307,106,83,47,526,36,91,41
2024-04-11 23:59:48,2024-04-13 02:07:44,UTC-04:00,76,51,121,34.50,97.60,15.3,2208,175,79,2024-04-11 23:59:48,2024-04-12 07:31:55,85,15.4,406,451,211,82,113,45,480,20,91,87
2024-04-10 23:37:03,2024-04-11 23:59:48,UTC-04:00,57,56,101,34.12,96.41,8.9,1603,144,73,2024-04-10 23:37:03,2024-04-11 07:32:32,92,15.8,446,472,201,118,127,26,487,12,95,86
2024-04-09 23:22:35,2024-04-10 23:37:03,UTC-04:00,92,52,133,33.50,97.94,13.1,1824,185,75,2024-04-09 23:22:35,2024-04-10 07:49:41,95,15.9,465,507,226,111,128,42,489,0,91,83
2024-04-08 22:39:16,2024-04-09 23:22:35,UTC-04:00,96,51,139,34.36,97.72,15.3,1980,179,72,2024-04-08 22:39:16,2024-04-09 07:23:56,100,15.7,490,524,190,121,179,34,454,0,93,64
2024-04-07 22:57:56,2024-04-08 22:39:16,UTC-04:00,56,63,86,35.00,97.13,6.1,1432,136,70,2024-04-07 22:57:56,2024-04-08 07:21:11,100,16.6,483,503,374,45,64,20,468,0,96,51
2024-04-06 23:33:19,2024-04-07 22:57:56,UTC-04:00,93,58,134,34.83,96.63,11.6,1687,175,73,2024-04-06 23:33:19,2024-04-07 09:32:17,100,16.1,557,596,428,59,70,39,488,1,93,79
2024-04-05 23:23:54,2024-04-06 23:33:19,UTC-04:00,3,73,28,34.60,96.00,15.0,1627,166,84,2024-04-05 23:23:54,2024-04-06 09:23:35,29,16.9,142,167,41,42,59,25,494,1,86,87
2024-04-04 23:43:05,2024-04-05 23:23:54,UTC-04:00,55,61,83,34.90,97.05,15.8,2153,180,82,2024-04-04 23:43:05,2024-04-05 07:39:54,100,15.2,451,476,271,82,98,25,453,0,94,87
2024-04-03 23:20:41,2024-04-04 23:43:05,UTC-04:00,80,57,110,34.79,96.83,4.2,1412,121,69,2024-04-03 23:20:41,2024-04-04 08:15:39,100,15.1,505,534,310,96,99,29,472,1,94,84
2024-04-03 00:20:45,2024-04-03 23:20:41,UTC-04:00,46,64,72,34.74,96.59,12.1,1744,148,77,2024-04-03 00:20:45,2024-04-03 08:36:47,99,16.1,475,496,291,92,92,21,478,21,96,82
2024-04-01 23:02:21,2024-04-03 00:20:45,UTC-04:00,72,60,111,35.03,95.63,7.2,1570,147,73,2024-04-01 23:02:21,2024-04-02 07:24:29,91,15.5,438,502,267,82,89,64,482,0,88,79
2024-04-01 00:09:31,2024-04-01 23:02:21,UTC-04:00,40,63,67,34.70,94.92,14.2,1863,182,78,2024-04-01 00:09:31,2024-04-01 08:35:11,100,15.5,488,505,227,80,181,17,462,3,96,85
2024-03-31 00:00:20,2024-04-01 00:09:31,UTC-04:00,48,65,76,34.50,95.38,8.7,1568,139,76,2024-03-31 00:00:20,2024-03-31 09:17:54,99,16.3,513,557,385,67,61,44,518,40,93,81
2024-03-30 00:46:28,2024-03-31 00:00:20,UTC-04:00,18,69,46,34.80,96.41,13.6,1636,139,82,2024-03-30 00:46:28,2024-03-30 08:20:42,84,16.4,429,454,181,110,138,25,509,0,94,71
2024-03-28 23:23:06,2024-03-30 00:46:28,UTC-04:00,22,67,52,35.40,95.72,18.1,2499,188,84,2024-03-28 23:23:06,2024-03-29 09:20:34,100,16.6,552,593,317,102,133,41,516,41,94,73
2024-03-27 23:36:40,2024-03-28 23:23:06,UTC-04:00,21,63,61,34.20,95.75,12.8,1833,142,80,2024-03-27 23:36:40,2024-03-28 07:02:43,83,15.5,421,446,188,99,134,25,504,41,94,81
2024-03-27 00:00:40,2024-03-27 23:36:40,UTC-04:00,38,61,87,34.70,97.05,10.1,1618,144,74,2024-03-27 00:00:40,2024-03-27 07:31:55,84,15.5,432,448,250,71,111,16,515,21,96,
2024-03-26 00:40:02,2024-03-27 00:00:40,UTC-04:00,56,59,111,35.00,94.50,16.0,1980,167,78,2024-03-26 00:40:02,2024-03-26 08:43:35,91,15.5,429,483,279,67,83,54,472,1,89,
2024-03-25 00:00:00,2024-03-26 00:40:02,UTC-04:00,,,,,,12.0,920,164,88,,,,,,,,,,,,,,
2024-03-22 00:00:00,2024-03-23 00:00:00,UTC-04:00,,,,,,,,,,,,,,,,,,,,,,,
2024-03-19 00:34:30,2024-03-20 00:34:30,UTC-04:00,46,61,102,34.58,97.18,4.7,822,122,68,2024-03-19 00:34:30,2024-03-19 08:31:48,99,15.9,457,477,297,59,101,20,460,0,96,77
2024-03-17 22:18:55,2024-03-19 00:34:30,UTC-04:00,29,64,81,33.40,97.58,9.2,1717,140,73,2024-03-17 22:18:55,2024-03-18 08:17:20,100,16.6,550,597,379,66,105,47,457,0,92,72
2024-03-17 00:07:46,2024-03-17 22:18:55,UTC-04:00,43,60,105,35.10,95.79,7.8,1412,133,71,2024-03-17 00:07:46,2024-03-17 09:19:34,100,15.9,520,551,391,47,82,31,471,0,94,84
2024-03-15 23:55:13,2024-03-17 00:07:46,UTC-04:00,29,63,87,34.80,95.53,12.2,1762,168,73,2024-03-15 23:55:13,2024-03-16 09:24:19,100,16.5,523,558,342,72,109,35,471,3,93,78
2024-03-15 00:02:53,2024-03-15 23:55:13,UTC-04:00,48,58,119,34.80,93.95,11.6,1713,142,76,2024-03-15 00:02:53,2024-03-15 08:02:06,99,16.1,461,479,267,65,129,18,468,1,96,79
2024-03-13 23:08:31,2024-03-15 00:02:53,UTC-04:00,69,55,140,34.80,97.63,11.2,1754,137,73,2024-03-13 23:08:31,2024-03-14 07:26:34,100,16.1,473,498,348,57,68,25,475,5,95,77
2024-03-12 23:46:00,2024-03-13 23:08:31,UTC-04:00,66,57,133,34.96,95.13,11.9,1720,166,73,2024-03-12 23:46:00,2024-03-13 08:03:15,98,16.4,486,494,385,46,55,8,497,0,98,75
2024-03-11 22:45:52,2024-03-12 23:46:00,UTC-04:00,71,56,136,34.57,97.59,16.4,2187,170,73,2024-03-11 22:45:52,2024-03-12 09:13:37,100,16.2,601,627,408,77,116,26,490,0,95,73
2024-03-10 23:54:04,2024-03-11 22:45:52,UTC-04:00,90,49,170,35.45,95.69,15.5,1948,183,71,2024-03-10 23:54:04,2024-03-11 08:52:53,100,17.1,519,538,498,0,21,19,453,0,96,53
2024-03-09 23:31:58,2024-03-10 22:54:04,UTC-05:00,75,55,142,34.83,98.91,5.0,1365,120,66,2024-03-09 23:31:58,2024-03-10 09:29:54,100,16.7,591,597,504,27,60,6,451,0,98,81
2024-03-09 00:00:00,2024-03-09 23:31:58,UTC-05:00,,,,,,1.8,353,106,57,,,,,,,,,,,,,,
2024-03-07 23:31:53,2024-03-09 00:00:00,UTC-05:00,65,60,129,35.30,96.25,16.4,2150,183,75,2024-03-07 23:31:53,2024-03-08 08:04:16,100,16.9,488,512,416,27,45,24,456,0,95,87
2024-03-06 23:03:54,2024-03-07 23:31:53,UTC-05:00,39,61,97,35.08,96.95,6.9,1522,135,69,2024-03-06 23:03:54,2024-03-07 08:20:01,100,16.5,496,556,363,77,56,60,473,0,89,80
2024-03-05 23:57:40,2024-03-06 23:03:54,UTC-05:00,57,59,121,35.10,97.63,12.6,1722,176,73,2024-03-05 23:57:40,2024-03-06 08:07:07,100,16.1,474,489,363,32,79,15,466,0,97,72
2024-03-04 22:46:30,2024-03-05 23:57:40,UTC-05:00,64,56,126,34.40,96.36,11.0,1756,146,73,2024-03-04 22:46:30,2024-03-05 07:23:06,100,16.3,495,516,343,72,80,21,480,0,95,66
2024-03-03 23:16:29,2024-03-04 22:46:30,UTC-05:00,98,49,183,34.90,97.26,14.0,1873,177,71,2024-03-03 23:16:29,2024-03-04 08:04:20,100,17.1,501,523,472,9,20,22,397,0,95,64
2024-03-02 23:57:47,2024-03-03 23:16:29,UTC-05:00,58,59,116,34.50,95.65,8.3,1513,148,68,2024-03-02 23:57:47,2024-03-03 09:34:35,100,16.5,537,576,402,63,72,39,499,0,93,71
2024-03-02 01:18:07,2024-03-02 23:57:47,UTC-05:00,74,53,132,35.60,93.50,16.6,2132,181,76,2024-03-02 01:18:07,2024-03-02 10:35:40,100,15.6,525,555,389,75,61,30,467,4,94,57
2024-02-29 23:47:48,2024-03-02 01:18:07,UTC-05:00,65,57,123,34.17,95.42,10.1,1729,159,74,2024-02-29 23:47:48,2024-03-01 08:22:22,99,15.6,464,514,331,41,92,50,471,8,90,88
2024-02-28 23:32:09,2024-02-29 23:47:48,UTC-05:00,62,59,117,35.00,97.75,9.9,1638,133,74,2024-02-28 23:32:09,2024-02-29 07:29:39,96,16.0,459,477,366,39,54,18,476,0,96,76
2024-02-27 23:37:40,2024-02-28 23:32:09,UTC-05:00,60,58,118,34.90,98.05,13.2,1889,178,75,2024-02-27 23:37:40,2024-02-28 09:02:20,100,16.4,527,556,407,30,90,29,466,5,94,65
2024-02-26 23:37:10,2024-02-27 23:37:40,UTC-05:00,44,63,86,34.30,97.69,9.7,1617,142,74,2024-02-26 23:37:10,2024-02-27 08:10:31,98,16.6,484,513,318,73,93,29,494,0,94,56
2024-02-25 23:14:00,2024-02-26 23:37:10,UTC-05:00,76,53,139,34.28,96.76,16.0,2110,179,74,2024-02-25 23:14:00,2024-02-26 08:16:00,100,16.2,507,542,359,63,85,35,486,0,94,43
2024-02-24 01:08:12,2024-02-25 23:14:00,UTC-05:00,38,61,90,35.30,96.02,14.9,2628,163,78,2024-02-24 01:08:12,2024-02-24 11:19:50,100,15.7,577,611,373,79,125,34,491,0,94,54
2024-02-23 00:19:20,2024-02-24 01:08:12,UTC-05:00,74,54,134,35.10,97.14,15.6,2201,179,76,2024-02-23 00:19:20,2024-02-23 08:37:54,100,15.9,471,491,339,63,69,20,465,6,95,78
2024-02-21 23:54:37,2024-02-23 00:19:20,UTC-05:00,48,60,102,34.70,94.57,8.2,1580,134,71,2024-02-21 23:54:37,2024-02-22 07:54:07,97,15.7,446,479,307,43,96,33,459,3,93,74
2024-02-20 23:37:45,2024-02-21 23:54:37,UTC-05:00,72,56,134,34.19,97.35,6.9,1503,133,69,2024-02-20 23:37:45,2024-02-21 08:00:43,99,16.3,473,502,388,38,47,29,478,0,94,69
2024-02-19 23:17:28,2024-02-20 23:37:45,UTC-05:00,39,62,86,35.12,96.44,13.6,1813,156,73,2024-02-19 23:17:28,2024-02-20 08:15:24,100,16.1,501,537,391,61,49,36,426,0,93,67
2024-02-18 23:25:01,2024-02-19 23:17:28,UTC-05:00,92,46,185,34.70,95.95,16.9,2225,182,71,2024-02-18 23:25:01,2024-02-19 09:35:27,100,14.9,561,610,472,35,54,49,391,0,92,59
2024-02-18 00:33:40,2024-02-18 23:25:01,UTC-05:00,33,63,73,34.15,96.33,11.0,1624,143,73,2024-02-18 00:33:40,2024-02-18 08:59:48,100,16.5,459,506,236,104,119,47,341,10,90,61
2024-02-17 00:15:16,2024-02-18 00:33:40,UTC-05:00,70,55,135,34.40,97.65,11.1,1744,138,70,2024-02-17 00:15:16,2024-02-17 08:46:43,96,15.7,482,509,331,49,102,27,502,0,94,84
2024-02-15 23:28:28,2024-02-17 00:15:16,UTC-05:00,54,58,111,35.00,96.77,17.1,2388,179,75,2024-02-15 23:28:28,2024-02-16 07:53:44,100,15.8,486,505,332,52,102,19,470,0,96,84
2024-02-14 23:40:55,2024-02-15 23:28:28,UTC-05:00,59,57,119,35.50,97.43,12.1,1770,169,72,2024-02-14 23:40:55,2024-02-15 08:17:31,100,16.0,498,515,310,88,100,17,480,22,96,80
2024-02-14 00:53:56,2024-02-14 23:40:55,UTC-05:00,63,57,131,34.13,95.35,7.5,1451,144,68,2024-02-14 00:53:56,2024-02-14 08:54:36,91,16.4,441,480,295,66,80,39,487,0,92,68
2024-02-12 22:31:08,2024-02-14 00:53:56,UTC-05:00,88,42,180,34.80,97.38,15.0,2018,168,66,2024-02-12 22:31:08,2024-02-13 08:31:46,100,15.2,531,600,303,109,119,69,453,0,88,79
2024-02-11 22:39:42,2024-02-12 22:31:08,UTC-05:00,92,46,174,35.03,96.88,4.7,1406,133,58,2024-02-11 22:39:42,2024-02-12 08:32:43,100,15.7,563,593,471,39,53,30,453,0,94,69
2024-02-10 23:15:12,2024-02-11 22:39:42,UTC-05:00,95,48,167,34.40,96.80,4.4,1375,123,57,2024-02-10 23:15:12,2024-02-11 09:41:52,100,16.1,595,623,567,10,18,28,414,15,95,64
2024-02-09 23:52:10,2024-02-10 23:15:12,UTC-05:00,32,65,68,34.50,96.42,6.5,1439,129,64,2024-02-09 23:52:10,2024-02-10 08:00:29,94,16.9,467,486,347,77,43,19,499,7,96,83
2024-02-09 00:31:32,2024-02-09 23:52:10,UTC-05:00,14,69,35,34.50,97.11,15.7,2084,175,80,2024-02-09 00:31:32,2024-02-09 08:58:09,98,16.6,467,506,315,87,65,39,478,0,92,76
2024-02-08 00:00:40,2024-02-09 00:31:32,UTC-05:00,52,57,113,33.78,98.25,13.6,1890,169,75,2024-02-08 00:00:40,2024-02-08 08:17:40,100,15.5,463,497,304,73,86,34,461,0,93,82
2024-02-06 22:54:03,2024-02-08 00:00:40,UTC-05:00,77,52,146,35.40,97.81,9.5,1676,147,69,2024-02-06 22:54:03,2024-02-07 07:30:15,100,16.1,497,515,305,78,114,18,487,0,96,84
2024-02-05 23:42:59,2024-02-06 22:54:03,UTC-05:00,71,55,132,35.20,98.71,15.0,1739,154,72,2024-02-05 23:42:59,2024-02-06 08:22:21,100,16.0,491,518,364,66,61,27,484,0,96,81
2024-02-04 23:00:19,2024-02-05 23:42:59,UTC-05:00,75,56,139,34.50,98.64,14.5,2020,176,71,2024-02-04 23:00:19,2024-02-05 08:19:43,100,16.7,535,556,402,57,76,21,392,0,96,68
2024-02-03 23:32:57,2024-02-04 23:00:19,UTC-05:00,51,61,104,35.10,97.55,7.2,1474,137,67,2024-02-03 23:32:57,2024-02-04 08:30:49,100,16.5,513,536,448,27,38,23,513,53,95,82
2024-02-03 02:04:48,2024-02-03 23:32:57,UTC-05:00,16,68,51,35.00,97.11,8.9,1424,138,77,2024-02-03 02:04:48,2024-02-03 08:43:08,78,16.5,371,393,193,84,94,22,478,0,94,72
2024-02-01 23:44:15,2024-02-03 02:04:48,UTC-05:00,68,55,130,35.10,97.64,13.6,1952,178,73,2024-02-01 23:44:15,2024-02-02 08:30:38,100,15.9,491,524,337,85,69,33,483,12,94,85
2024-02-01 00:33:23,2024-02-01 23:44:15,UTC-05:00,22,64,61,35.20,97.50,12.1,1734,161,74,2024-02-01 00:33:23,2024-02-01 08:55:12,95,16.8,433,501,341,58,34,68,457,0,86,74
2024-01-30 23:33:14,2024-02-01 00:33:23,UTC-05:00,80,52,144,35.12,97.21,7.8,1591,137,68,2024-01-30 23:33:14,2024-01-31 08:53:44,100,16.4,529,560,455,40,34,31,475,0,94,73
2024-01-29 22:42:15,2024-01-30 23:33:14,UTC-05:00,67,58,120,34.81,96.61,13.0,1671,156,68,2024-01-29 22:42:15,2024-01-30 08:33:27,100,16.3,535,591,375,67,93,56,492,0,90,66
2024-01-28 21:47:03,2024-01-29 22:42:15,UTC-05:00,89,53,156,35.00,98.18,15.7,2019,182,68,2024-01-28 21:47:03,2024-01-29 08:01:37,100,16.5,586,612,458,52,76,26,455,0,95,59
2024-01-28 00:58:47,2024-01-28 21:47:03,UTC-05:00,58,55,106,34.50,97.13,6.5,1290,147,62,2024-01-28 00:58:47,2024-01-28 10:34:02,100,16.0,552,575,411,46,95,23,495,0,95,75
2024-01-27 00:35:30,2024-01-28 00:58:47,UTC-05:00,36,63,80,34.40,97.35,16.2,2100,172,77,2024-01-27 00:35:30,2024-01-27 10:00:00,100,16.6,502,564,324,71,107,62,477,0,89,76
2024-01-25 23:15:11,2024-01-27 00:35:30,UTC-05:00,61,56,115,34.80,98.93,13.4,1882,171,71,2024-01-25 23:15:11,2024-01-26 09:00:29,100,16.6,547,583,379,80,88,36,453,0,93,93
2024-01-24 23:58:30,2024-01-25 23:15:11,UTC-05:00,43,61,86,35.08,97.11,4.5,1355,121,66,2024-01-24 23:58:30,2024-01-25 08:57:07,100,16.4,510,538,391,49,70,28,482,0,95,88
2024-01-23 23:29:08,2024-01-24 23:58:30,UTC-05:00,75,58,131,34.40,99.00,14.2,1812,172,70,2024-01-23 23:29:08,2024-01-24 09:08:18,100,16.5,541,572,395,63,83,31,488,0,94,82
2024-01-22 23:41:13,2024-01-23 23:29:08,UTC-05:00,60,60,106,34.59,96.11,15.1,1838,171,72,2024-01-22 23:41:13,2024-01-23 08:55:42,100,16.3,511,554,364,91,56,43,479,0,92,74
2024-01-21 23:29:38,2024-01-22 23:41:13,UTC-05:00,78,58,135,35.40,97.88,13.7,1832,179,70,2024-01-21 23:29:38,2024-01-22 08:52:29,100,16.0,544,562,437,42,65,18,521,41,96,63
2024-01-20 23:44:39,2024-01-21 23:29:38,UTC-05:00,50,63,91,34.17,96.35,13.7,1910,169,76,2024-01-20 23:44:39,2024-01-21 07:28:01,84,16.3,424,463,320,40,64,39,508,25,91,52
2024-01-20 02:44:42,2024-01-20 23:44:39,UTC-05:00,10,71,32,35.15,97.00,14.2,1673,150,80,2024-01-20 02:44:42,2024-01-20 10:59:46,88,16.5,391,495,191,99,101,104,442,15,79,40
2024-01-19 01:04:34,2024-01-20 02:44:42,UTC-05:00,57,59,102,34.20,97.25,17.3,2498,180,81,2024-01-19 01:04:34,2024-01-19 08:30:37,93,16.3,424,444,271,63,90,20,455,0,95,71
2024-01-17 23:45:41,2024-01-19 01:04:34,UTC-05:00,38,65,65,35.00,96.77,6.1,1535,140,72,2024-01-17 23:45:41,2024-01-18 08:43:51,100,16.6,507,534,309,99,99,27,456,0,94,74
2024-01-16 22:56:07,2024-01-17 23:45:41,UTC-05:00,35,62,83,35.00,96.67,6.9,1542,145,68,2024-01-16 22:56:07,2024-01-17 07:35:02,100,16.5,478,518,367,54,57,40,469,12,92,67
2024-01-15 23:53:24,2024-01-16 22:56:07,UTC-05:00,36,62,90,34.10,97.95,7.1,1455,141,69,2024-01-15 23:53:24,2024-01-16 08:01:45,96,16.3,463,486,292,66,105,23,482,0,95,58
2024-01-14 22:55:39,2024-01-15 23:53:24,UTC-05:00,87,52,163,35.50,96.94,14.2,1856,161,71,2024-01-14 22:55:39,2024-01-15 06:41:57,100,16.6,443,464,337,39,67,21,433,40,95,53
2024-01-14 00:38:56,2024-01-14 22:55:39,UTC-05:00,37,61,95,34.27,96.52,8.4,1471,149,67,2024-01-14 00:38:56,2024-01-14 09:34:23,86,16.8,483,535,377,50,56,52,564,59,90,67
2024-01-13 03:03:34,2024-01-14 00:38:56,UTC-05:00,16,66,54,35.50,95.61,17.5,2108,176,84,2024-01-13 03:03:34,2024-01-13 10:33:57,77,15.9,401,450,224,95,82,49,519,10,89,50
2024-01-12 00:48:49,2024-01-13 03:03:34,UTC-05:00,82,49,175,34.63,97.60,18.0,2549,183,77,2024-01-12 00:48:49,2024-01-12 08:46:16,95,16.5,449,477,305,94,50,28,471,0,94,77
2024-01-11 00:24:44,2024-01-12 00:48:49,UTC-05:00,91,51,167,35.40,98.18,12.1,1576,145,65,2024-01-11 00:24:44,2024-01-11 08:58:42,100,16.1,495,513,376,72,47,18,397,0,96,65
2024-01-09 23:21:34,2024-01-11 00:24:44,UTC-05:00,97,51,182,34.90,97.54,13.4,1766,165,65,2024-01-09 23:21:34,2024-01-10 08:58:50,100,16.4,557,577,537,0,20,20,464,0,96,81
2024-01-08 22:50:00,2024-01-09 23:21:34,UTC-05:00,61,59,112,35.06,97.37,10.4,1617,157,69,2024-01-08 22:50:00,2024-01-09 09:10:00,100,16.6,531,620,301,75,155,89,487,0,85,76
2024-01-07 22:38:21,2024-01-08 22:50:00,UTC-05:00,56,60,107,34.60,98.10,15.0,1922,179,69,2024-01-07 22:38:21,2024-01-08 08:09:51,100,16.3,532,571,398,53,81,39,495,27,93,69
2024-01-07 00:07:14,2024-01-07 22:38:21,UTC-05:00,93,46,179,34.50,99.42,11.3,1638,154,69,2024-01-07 00:07:14,2024-01-07 07:40:00,88,15.9,425,452,340,43,42,27,481,5,94,77
2024-01-06 01:13:52,2024-01-07 00:07:14,UTC-05:00,66,58,115,34.35,95.72,13.0,1734,172,72,2024-01-06 01:13:52,2024-01-06 09:44:48,98,16.5,480,510,340,69,71,30,489,0,93,66
2024-01-04 23:23:43,2024-01-06 01:13:52,UTC-05:00,97,46,182,35.30,97.42,15.2,2090,173,69,2024-01-04 23:23:43,2024-01-05 08:41:46,100,15.5,529,558,300,114,115,29,471,0,95,78
2024-01-04 00:15:05,2024-01-04 23:23:43,UTC-05:00,54,62,94,34.20,95.67,12.2,1617,149,68,2024-01-04 00:15:05,2024-01-04 08:39:46,100,16.6,466,503,322,61,83,37,457,0,92,71
2024-01-02 23:12:31,2024-01-04 00:15:05,UTC-05:00,66,60,108,34.90,97.18,7.4,1567,137,69,2024-01-02 23:12:31,2024-01-03 08:09:54,100,16.4,498,537,375,54,69,39,477,0,92,59
2024-01-01 23:54:37,2024-01-02 23:12:31,UTC-05:00,98,52,162,34.50,97.69,13.4,1833,168,72,2024-01-01 23:54:37,2024-01-02 08:14:59,100,16.2,482,500,467,0,15,18,466,0,96,47
2024-01-01 02:02:54,2024-01-01 23:54:37,UTC-05:00,21,70,47,34.70,96.37,11.1,1569,163,75,2024-01-01 02:02:54,2024-01-01 12:43:37,100,16.9,554,640,295,116,143,86,526,48,86,48
2023-12-31 00:42:03,2024-01-01 02:02:54,UTC-05:00,67,61,111,33.40,97.31,13.5,1918,170,79,2023-12-31 00:42:03,2023-12-31 09:00:01,82,15.8,454,497,271,53,130,43,550,41,91,88
2023-12-30 01:12:10,2023-12-31 00:42:03,UTC-05:00,36,62,82,33.90,97.29,18.0,2333,170,84,2023-12-30 01:12:10,2023-12-30 08:59:22,83,16.2,413,466,223,94,96,53,497,16,89,74
2023-12-29 00:34:37,2023-12-30 01:12:10,UTC-05:00,48,61,98,34.79,97.88,13.9,1929,173,76,2023-12-29 00:34:37,2023-12-29 08:50:40,93,16.0,446,492,312,74,60,46,479,19,90,72
2023-12-27 23:30:26,2023-12-29 00:34:37,UTC-05:00,69,59,121,34.50,97.38,8.7,1626,154,72,2023-12-27 23:30:26,2023-12-28 08:00:26,92,16.0,450,509,372,51,27,59,489,0,88,68
2023-12-26 23:13:34,2023-12-27 23:30:26,UTC-05:00,55,60,104,34.05,97.71,15.3,1991,170,75,2023-12-26 23:13:34,2023-12-27 08:03:39,100,15.9,498,530,364,60,74,32,477,0,94,66
2023-12-26 00:44:43,2023-12-26 23:13:34,UTC-05:00,85,57,127,34.50,97.46,13.3,1744,176,74,2023-12-26 00:44:43,2023-12-26 09:04:36,100,16.0,473,499,381,29,63,26,254,0,94,46
2023-12-25 00:16:47,2023-12-26 00:44:43,UTC-05:00,52,63,90,34.20,95.33,6.8,1509,159,66,2023-12-25 00:16:47,2023-12-25 09:52:37,100,16.7,546,573,414,33,99,27,466,8,95,79
2023-12-23 23:10:32,2023-12-25 00:16:47,UTC-05:00,85,60,130,35.30,98.18,7.8,1579,155,71,2023-12-23 23:10:32,2023-12-24 08:17:31,97,16.1,484,546,393,34,57,62,498,0,88,79
2023-12-22 23:58:35,2023-12-23 23:10:32,UTC-05:00,84,59,124,34.97,97.85,16.5,1952,178,73,2023-12-22 23:58:35,2023-12-23 09:20:29,100,15.9,490,561,387,40,63,71,454,0,87,82
2023-12-22 00:13:15,2023-12-22 23:58:35,UTC-05:00,90,59,132,35.30,97.09,5.6,1416,132,71,2023-12-22 00:13:15,2023-12-22 08:24:58,100,16.7,457,491,388,28,41,34,454,0,92,82
2023-12-20 23:46:46,2023-12-22 00:13:15,UTC-05:00,48,64,74,35.34,96.64,5.0,1462,131,71,2023-12-20 23:46:46,2023-12-21 08:38:51,100,16.2,496,532,356,70,70,36,480,24,93,74
2023-12-20 01:07:57,2023-12-20 23:46:46,UTC-05:00,26,68,45,34.90,95.88,6.4,1386,135,74,2023-12-20 01:07:57,2023-12-20 08:34:29,92,16.7,417,444,227,118,72,27,456,0,94,61
2023-12-18 23:41:38,2023-12-20 01:07:57,UTC-05:00,52,63,85,35.10,98.32,7.0,1581,148,72,2023-12-18 23:41:38,2023-12-19 07:09:36,100,16.0,423,446,242,57,124,23,410,0,95,60
2023-12-17 22:22:16,2023-12-18 23:41:38,UTC-05:00,63,59,100,34.72,97.39,14.7,2058,171,74,2023-12-17 22:22:16,2023-12-18 07:56:29,100,16.2,532,574,318,111,103,42,489,24,92,58
2023-12-17 00:26:04,2023-12-17 22:22:16,UTC-05:00,91,56,145,34.79,98.42,10.6,1551,153,73,2023-12-17 00:26:04,2023-12-17 07:58:50,92,16.7,423,450,344,30,49,27,462,99,94,51
2023-12-16 02:54:03,2023-12-17 00:26:04,UTC-05:00,24,66,54,34.60,98.67,5.4,1298,140,68,2023-12-16 02:54:03,2023-12-16 09:13:18,63,16.3,344,377,173,85,86,33,542,33,91,52
2023-12-14 23:39:35,2023-12-16 02:54:03,UTC-05:00,28,68,59,34.00,97.25,18.0,2401,182,80,2023-12-14 23:39:35,2023-12-15 07:36:54,87,15.8,428,477,253,77,98,49,494,38,89,84
2023-12-13 23:26:47,2023-12-14 23:39:35,UTC-05:00,60,59,111,35.23,98.42,7.1,1512,147,70,2023-12-13 23:26:47,2023-12-14 07:05:49,85,16.1,433,459,277,58,98,26,510,52,94,84
2023-12-13 01:06:27,2023-12-13 23:26:47,UTC-05:00,18,69,43,34.90,96.61,7.7,1418,130,74,2023-12-13 01:06:27,2023-12-13 08:07:31,79,16.5,389,421,228,61,100,32,494,16,92,73
2023-12-11 23:09:07,2023-12-13 01:06:27,UTC-05:00,86,54,143,34.73,94.58,13.4,1925,167,72,2023-12-11 23:09:07,2023-12-12 07:59:46,95,16.0,481,530,363,63,55,49,507,0,90,83
2023-12-10 23:26:56,2023-12-11 23:09:07,UTC-05:00,82,54,131,35.18,96.11,17.8,2336,184,76,2023-12-10 23:26:56,2023-12-11 07:44:54,100,16.3,482,497,337,49,96,15,404,16,96,73
2023-12-09 23:04:47,2023-12-10 23:26:56,UTC-05:00,84,55,135,34.60,97.18,6.6,1496,128,64,2023-12-09 23:04:47,2023-12-10 07:42:11,95,16.6,502,517,383,31,88,15,527,29,97,78
2023-12-09 00:17:09,2023-12-09 23:04:47,UTC-05:00,90,55,144,34.90,96.11,16.4,2054,176,75,2023-12-09 00:17:09,2023-12-09 08:00:02,88,16.1,447,462,400,12,35,15,505,0,96,82
2023-12-07 23:49:58,2023-12-09 00:17:09,UTC-05:00,97,53,159,34.50,97.39,17.6,1984,189,69,2023-12-07 23:49:58,2023-12-08 07:29:57,100,16.1,437,459,345,61,31,22,436,17,95,72
2023-12-07 00:00:29,2023-12-07 23:49:58,UTC-05:00,34,64,68,34.46,97.17,17.0,2103,185,75,2023-12-07 00:00:29,2023-12-07 08:41:31,94,16.3,471,519,258,97,116,48,498,42,90,85
2023-12-05 23:53:14,2023-12-07 00:00:29,UTC-05:00,65,57,119,34.30,97.28,6.8,1474,138,72,2023-12-05 23:53:14,2023-12-06 07:51:38,84,16.1,443,478,299,70,74,35,528,45,93,83
2023-12-05 00:12:03,2023-12-05 23:53:14,UTC-05:00,66,58,122,34.50,98.54,14.3,1865,184,71,2023-12-05 00:12:03,2023-12-05 08:03:06,83,16.4,436,471,297,72,67,35,527,30,92,77
2023-12-03 23:59:02,2023-12-05 00:12:03,UTC-05:00,83,56,127,34.20,97.69,16.3,2051,183,75,2023-12-03 23:59:02,2023-12-04 07:57:16,90,16.3,448,476,263,75,110,28,496,11,94,81
2023-12-03 01:19:57,2023-12-03 23:59:02,UTC-05:00,64,58,117,34.60,97.09,14.5,1813,183,75,2023-12-03 01:19:57,2023-12-03 09:18:42,96,16.5,455,478,269,74,112,23,473,0,95,72
2023-12-01 23:57:43,2023-12-03 01:19:57,UTC-05:00,59,56,109,34.90,96.72,12.6,1753,165,71,2023-12-01 23:57:43,2023-12-02 10:13:55,100,16.1,570,616,344,94,132,46,544,58,92,72
2023-12-01 01:03:32,2023-12-01 23:57:43,UTC-05:00,70,58,122,34.40,97.36,14.8,1950,184,74,2023-12-01 01:03:32,2023-12-01 08:34:24,78,16.5,423,450,266,63,94,27,539,28,93,82
2023-11-29 23:37:03,2023-12-01 01:03:32,UTC-05:00,80,56,132,34.80,97.72,18.3,2185,190,73,2023-11-29 23:37:03,2023-11-30 08:53:39,92,16.2,525,556,369,59,97,31,569,62,94,79
2023-11-29 00:28:31,2023-11-29 23:37:03,UTC-05:00,68,56,114,34.00,97.45,17.7,2027,193,74,2023-11-29 00:28:31,2023-11-29 07:59:18,77,16.0,407,450,231,97,79,43,531,76,90,85
2023-11-28 00:42:53,2023-11-29 00:28:31,UTC-05:00,78,58,127,34.62,97.07,6.2,1453,132,69,2023-11-28 00:42:53,2023-11-28 08:29:36,79,15.5,435,466,327,49,59,31,554,47,93,81
2023-11-26 23:55:33,2023-11-28 00:42:53,UTC-05:00,65,60,105,35.30,98.86,17.7,2207,188,76,2023-11-26 23:55:33,2023-11-27 07:55:44,87,16.4,471,480,345,38,88,9,544,64,98,70
2023-11-26 02:02:53,2023-11-26 23:55:33,UTC-05:00,85,58,127,33.70,98.25,13.7,1752,173,76,2023-11-26 02:02:53,2023-11-26 09:20:46,77,15.7,429,437,383,11,35,8,558,99,98,75
2023-11-25 01:14:27,2023-11-26 02:02:53,UTC-05:00,61,61,90,34.50,98.38,8.4,1616,143,72,2023-11-25 01:14:27,2023-11-25 08:12:47,65,15.5,366,418,194,71,101,52,565,57,88,82
2023-11-23 23:09:55,2023-11-25 00:14:27,UTC-06:00,67,61,91,34.30,99.17,17.8,2391,185,81,2023-11-23 23:09:55,2023-11-24 07:00:00,79,16.2,426,470,238,98,90,44,540,85,90,70
2023-11-23 01:17:15,2023-11-23 23:09:55,UTC-06:00,16,74,26,34.22,95.24,6.1,1321,128,78,2023-11-23 01:17:15,2023-11-23 07:41:47,68,16.8,356,384,245,80,31,28,526,69,92,66
2023-11-22 00:20:06,2023-11-23 01:17:15,UTC-06:00,27,66,51,35.17,94.69,7.3,1550,138,78,2023-11-22 00:20:06,2023-11-22 06:53:45,71,16.6,349,393,231,69,49,44,489,31,88,65
2023-11-21 00:49:22,2023-11-22 00:20:06,UTC-06:00,19,73,34,34.38,96.21,8.2,1503,133,81,2023-11-21 00:49:22,2023-11-21 08:18:47,89,17.0,408,449,263,89,56,41,456,0,90,53
2023-11-19 22:55:18,2023-11-21 00:49:22,UTC-06:00,70,61,98,34.80,95.58,7.2,1614,143,75,2023-11-19 22:55:18,2023-11-20 08:02:17,100,16.2,499,546,381,56,62,47,458,121,91,31
2023-11-19 04:45:39,2023-11-19 22:55:18,UTC-06:00,5,79,19,34.94,95.17,4.8,1072,126,78,2023-11-19 04:45:39,2023-11-19 10:24:02,53,15.8,277,333,155,74,48,56,521,42,83,30
2023-11-18 00:20:23,2023-11-19 04:45:39,UTC-06:00,35,63,70,34.37,93.94,13.5,2168,149,81,2023-11-18 00:20:23,2023-11-18 07:54:37,82,16.0,404,454,315,67,22,50,490,11,89,69
2023-11-16 22:13:47,2023-11-18 00:20:23,UTC-06:00,56,63,89,34.15,95.38,13.6,2027,158,78,2023-11-16 22:13:47,2023-11-17 06:31:16,95,16.6,459,497,313,41,105,38,482,21,92,63
2023-11-16 00:44:11,2023-11-16 22:13:47,UTC-06:00,18,70,44,35.10,94.28,8.9,1450,142,76,2023-11-16 00:44:11,2023-11-16 09:29:28,91,16.1,461,525,281,90,90,64,505,18,87,61
2023-11-14 23:01:16,2023-11-16 00:44:11,UTC-06:00,33,64,71,34.90,94.71,15.0,2026,172,77,2023-11-14 23:01:16,2023-11-15 07:06:44,92,16.8,435,485,327,63,45,50,472,0,89,78
2023-11-13 23:03:38,2023-11-14 23:01:16,UTC-06:00,53,59,100,34.16,95.03,12.3,1796,154,74,2023-11-13 23:03:38,2023-11-14 08:02:13,100,16.4,502,538,283,97,122,36,487,0,93,71
2023-11-12 23:22:17,2023-11-13 23:03:38,UTC-06:00,54,59,106,35.10,93.75,15.0,1967,166,75,2023-11-12 23:22:17,2023-11-13 07:59:57,100,16.1,474,517,310,62,102,43,428,36,92,54
2023-11-12 02:35:41,2023-11-12 23:22:17,UTC-06:00,21,64,59,35.30,96.56,7.1,1317,139,73,2023-11-12 02:35:41,2023-11-12 09:31:56,84,16.0,391,416,243,65,83,25,463,4,94,45
2023-11-11 00:19:24,2023-11-12 03:35:41,UTC-05:00,38,59,88,35.00,97.47,8.4,1707,133,72,2023-11-11 00:19:24,2023-11-11 09:12:05,98,15.9,480,532,282,102,96,52,487,0,90,80
2023-11-09 23:55:30,2023-11-11 00:19:24,UTC-05:00,79,50,146,34.69,98.43,15.0,1972,180,69,2023-11-09 23:55:30,2023-11-10 08:09:38,100,15.8,459,494,264,86,109,35,455,0,94,76
2023-11-08 23:21:19,2023-11-09 23:55:30,UTC-05:00,80,54,138,34.50,97.42,5.8,1478,126,64,2023-11-08 23:21:19,2023-11-09 09:06:46,100,16.3,542,585,334,82,126,43,502,0,93,74
2023-11-08 00:14:11,2023-11-08 23:21:19,UTC-05:00,67,57,123,34.90,97.62,17.1,2018,188,70,2023-11-08 00:14:11,2023-11-08 08:04:36,100,16.1,455,470,301,82,72,15,426,5,97,70
2023-11-06 23:09:27,2023-11-08 00:14:11,UTC-05:00,90,54,153,34.50,96.95,14.9,2031,175,70,2023-11-06 23:09:27,2023-11-07 07:45:41,98,15.8,476,516,396,43,37,40,484,7,92,92
2023-11-05 22:58:21,2023-11-06 23:09:27,UTC-05:00,91,53,150,34.96,97.47,13.3,1791,173,70,2023-11-05 22:58:21,2023-11-06 07:44:08,98,16.1,493,525,407,39,47,32,505,0,94,88
2023-11-04 23:48:05,2023-11-05 23:58:21,UTC-04:00,83,54,138,34.28,97.00,17.4,2266,173,75,2023-11-04 23:48:05,2023-11-05 08:40:40,100,16.5,510,532,250,113,147,22,492,31,95,84
2023-11-04 00:33:13,2023-11-04 23:48:05,UTC-04:00,24,64,67,35.13,97.70,9.0,1527,154,73,2023-11-04 00:33:13,2023-11-04 08:38:01,88,16.5,451,484,271,75,105,33,514,0,93,77
2023-11-02 23:13:36,2023-11-04 00:33:13,UTC-04:00,49,61,103,34.91,98.25,18.8,2566,180,79,2023-11-02 23:13:36,2023-11-03 08:10:30,100,16.2,501,536,310,45,146,35,443,24,93,70
2023-11-02 00:07:15,2023-11-02 23:13:36,UTC-04:00,48,57,104,34.42,98.87,16.9,2070,182,74,2023-11-02 00:07:15,2023-11-02 08:10:48,90,15.7,449,483,194,106,149,34,498,37,93,83
2023-10-31 23:48:11,2023-11-02 00:07:15,UTC-04:00,64,58,123,34.54,96.06,9.0,1582,173,70,2023-10-31 23:48:11,2023-11-01 07:42:53,85,16.1,442,474,331,52,59,32,517,21,94,84
2023-10-31 00:27:56,2023-10-31 23:48:11,UTC-04:00,73,55,132,35.20,97.77,16.2,2025,174,75,2023-10-31 00:27:56,2023-10-31 08:39:43,91,16.1,454,491,237,82,135,37,497,0,92,75
2023-10-29 23:25:16,2023-10-31 00:27:56,UTC-04:00,59,59,115,34.80,98.00,16.3,2089,179,73,2023-10-29 23:25:16,2023-10-30 08:47:38,100,16.4,528,562,361,67,100,34,490,0,94,80
2023-10-28 22:12:42,2023-10-29 23:25:16,UTC-04:00,83,54,145,34.70,97.86,15.4,2174,168,76,2023-10-28 22:12:42,2023-10-29 08:21:42,100,16.5,541,608,396,56,89,67,461,0,88,63
2023-10-27 23:20:21,2023-10-28 22:12:42,UTC-04:00,40,61,89,34.70,96.62,9.2,1536,135,70,2023-10-27 23:20:21,2023-10-28 10:12:46,100,16.4,567,652,418,74,75,85,548,38,89,70
2023-10-26 23:48:10,2023-10-27 23:20:21,UTC-04:00,11,69,42,34.90,98.81,18.1,2352,175,86,2023-10-26 23:48:10,2023-10-27 07:29:36,85,17.1,433,461,206,98,129,28,509,0,93,91
2023-10-25 23:00:22,2023-10-26 23:48:10,UTC-04:00,66,59,128,34.30,97.28,18.1,2284,184,77,2023-10-25 23:00:22,2023-10-26 08:08:48,100,17.0,514,548,347,81,86,34,506,3,93,94
2023-10-24 23:09:07,2023-10-25 23:00:22,UTC-04:00,60,57,122,34.60,97.69,17.0,2103,186,76,2023-10-24 23:09:07,2023-10-25 08:06:01,99,16.8,505,536,339,74,92,31,511,20,94,91
2023-10-23 23:08:08,2023-10-24 23:09:07,UTC-04:00,73,54,137,33.84,96.38,15.4,1948,175,72,2023-10-23 23:08:08,2023-10-24 08:09:50,94,16.2,507,541,300,106,101,34,540,42,94,86
2023-10-22 23:31:20,2023-10-23 23:08:08,UTC-04:00,75,54,129,34.02,97.93,16.4,1913,184,70,2023-10-22 23:31:20,2023-10-23 08:03:33,85,16.2,465,512,241,66,158,47,549,55,90,85
2023-10-22 00:50:30,2023-10-22 23:31:20,UTC-04:00,50,58,103,34.28,98.18,15.9,2052,171,77,2023-10-22 00:50:30,2023-10-22 08:07:54,77,16.1,380,437,192,86,102,57,492,34,86,80
2023-10-21 00:18:43,2023-10-22 00:50:30,UTC-04:00,56,58,107,34.50,97.50,7.6,1548,137,69,2023-10-21 00:18:43,2023-10-21 08:33:19,87,15.8,459,494,187,119,153,35,528,21,92,81
2023-10-19 23:04:52,2023-10-21 00:18:43,UTC-04:00,96,55,166,34.75,97.72,17.6,2265,187,75,2023-10-19 23:04:52,2023-10-20 07:31:29,94,16.0,490,506,470,14,6,16,524,20,96,89
2023-10-18 23:22:20,2023-10-19 23:04:52,UTC-04:00,87,54,139,34.52,97.60,17.3,2035,185,73,2023-10-18 23:22:20,2023-10-19 08:11:32,94,16.2,493,529,268,89,136,36,524,30,93,87
2023-10-18 00:05:36,2023-10-18 23:22:20,UTC-04:00,47,62,88,34.10,97.93,15.8,1963,178,75,2023-10-18 00:05:36,2023-10-18 08:02:25,90,16.1,438,476,257,76,105,38,486,25,92,85
2023-10-16 23:16:27,2023-10-18 00:05:36,UTC-04:00,93,55,151,35.20,97.02,9.2,1647,144,70,2023-10-16 23:16:27,2023-10-17 08:12:31,93,16.1,505,536,465,12,28,31,545,41,94,79
2023-10-16 00:25:58,2023-10-16 23:16:27,UTC-04:00,46,58,98,34.90,99.14,17.4,2048,183,77,2023-10-16 00:25:58,2023-10-16 08:30:46,85,15.6,452,484,223,89,140,32,534,40,94,76
2023-10-15 00:24:43,2023-10-16 00:25:58,UTC-04:00,29,65,71,34.14,97.72,15.9,2015,173,79,2023-10-15 00:24:43,2023-10-15 09:14:24,86,16.0,485,529,243,111,131,44,566,84,91,69
2023-10-13 23:14:23,2023-10-15 00:24:43,UTC-04:00,31,64,79,34.11,96.14,14.2,1893,172,80,2023-10-13 23:14:23,2023-10-14 05:59:35,68,16.7,358,405,174,77,107,47,526,12,88,90
2023-10-12 23:52:36,2023-10-13 23:14:23,UTC-04:00,79,50,138,34.40,99.23,18.7,2332,184,78,2023-10-12 23:52:36,2023-10-13 08:08:33,96,15.7,467,495,224,94,149,28,486,31,96,94
2023-10-12 00:06:00,2023-10-12 23:52:36,UTC-04:00,42,60,91,34.30,96.67,5.5,1417,128,69,2023-10-12 00:06:00,2023-10-12 08:14:50,88,16.1,445,488,312,56,77,43,508,0,91,90
2023-10-10 23:22:13,2023-10-12 00:06:00,UTC-04:00,92,50,159,35.00,95.14,17.9,2340,182,73,2023-10-10 23:22:13,2023-10-11 08:18:09,100,15.5,512,535,418,25,69,23,476,17,95,85
2023-10-09 23:50:07,2023-10-10 23:22:13,UTC-04:00,71,54,128,34.40,98.21,8.3,1524,146,69,2023-10-09 23:50:07,2023-10-10 08:29:42,95,15.5,476,517,257,99,120,41,503,19,92,84
2023-10-09 00:07:51,2023-10-09 23:50:07,UTC-04:00,93,52,156,34.10,97.32,14.4,1914,162,76,2023-10-09 00:07:51,2023-10-09 08:29:32,92,15.6,481,501,373,57,51,20,520,33,96,78
2023-10-08 00:46:44,2023-10-09 00:07:51,UTC-04:00,95,50,165,35.20,98.46,14.9,1988,165,75,2023-10-08 00:46:44,2023-10-08 07:26:54,85,15.9,391,400,337,3,51,9,457,0,97,68
2023-10-06 23:45:19,2023-10-08 00:46:44,UTC-04:00,73,60,117,34.56,97.24,7.6,1575,145,67,2023-10-06 23:45:19,2023-10-07 09:49:59,100,16.4,546,604,505,33,8,58,539,35,90,70
2023-10-05 23:45:16,2023-10-06 23:45:19,UTC-04:00,73,59,119,34.90,98.00,17.2,2205,183,78,2023-10-05 23:45:16,2023-10-06 07:43:33,86,16.1,429,478,289,74,66,49,501,0,91,72
2023-10-05 00:31:22,2023-10-05 23:45:16,UTC-04:00,49,62,85,34.62,99.22,16.9,2074,180,78,2023-10-05 00:31:22,2023-10-05 09:00:23,100,16.1,476,509,309,75,92,33,424,34,94,58
2023-10-04 00:29:53,2023-10-05 00:31:22,UTC-04:00,40,63,79,34.50,98.20,15.9,2040,176,75,2023-10-04 00:29:53,2023-10-04 07:23:45,85,16.2,389,413,260,50,79,24,457,0,94,69
2023-10-02 23:26:38,2023-10-04 00:29:53,UTC-04:00,56,59,106,34.52,97.25,7.4,1583,144,71,2023-10-02 23:26:38,2023-10-03 08:53:20,100,16.3,511,558,378,53,80,47,501,0,91,69
2023-10-01 22:45:35,2023-10-02 23:26:38,UTC-04:00,91,53,141,34.60,97.89,16.9,2036,182,70,2023-10-01 22:45:35,2023-10-02 08:36:43,100,16.5,548,591,418,74,56,43,379,0,92,54
2023-09-30 23:27:50,2023-10-01 22:45:35,UTC-04:00,94,54,144,34.60,98.20,14.5,1895,172,72,2023-09-30 23:27:50,2023-10-01 07:33:18,100,16.3,461,485,306,70,85,24,357,40,95,53
2023-09-30 01:20:45,2023-09-30 23:27:50,UTC-04:00,34,63,70,34.50,97.66,7.5,1404,163,70,2023-09-30 01:20:45,2023-09-30 08:49:41,84,16.3,423,448,289,66,68,25,504,8,94,68
2023-09-29 00:32:38,2023-09-30 01:20:45,UTC-04:00,61,58,98,34.90,97.93,16.2,2136,177,78,2023-09-29 00:32:38,2023-09-29 08:34:44,96,15.6,446,477,231,116,99,31,463,5,95,67
2023-09-27 23:00:35,2023-09-29 00:32:38,UTC-04:00,38,62,83,34.20,98.05,8.1,1612,134,74,2023-09-27 23:00:35,2023-09-28 07:16:53,98,15.8,455,496,261,72,122,41,465,0,91,71
2023-09-26 22:37:39,2023-09-27 23:00:35,UTC-04:00,87,57,136,34.51,97.19,10.8,1697,163,70,2023-09-26 22:37:39,2023-09-27 06:35:51,100,16.5,465,478,424,22,19,13,455,0,97,82
2023-09-25 22:56:40,2023-09-26 22:37:39,UTC-04:00,80,58,135,34.90,96.07,6.0,1440,135,68,2023-09-25 22:56:40,2023-09-26 09:00:24,100,16.8,576,603,476,27,73,27,493,0,96,79
2023-09-24 23:45:11,2023-09-25 22:56:40,UTC-04:00,46,61,94,34.35,97.82,15.8,1920,184,76,2023-09-24 23:45:11,2023-09-25 08:40:34,100,16.6,497,535,340,62,95,38,459,0,94,86
2023-09-24 00:13:59,2023-09-24 23:45:11,UTC-04:00,42,60,88,34.50,97.32,8.6,1530,135,71,2023-09-24 00:13:59,2023-09-24 09:50:18,100,16.3,536,574,297,95,144,38,492,0,94,85
2023-09-23 00:26:30,2023-09-24 00:13:59,UTC-04:00,39,61,80,35.16,98.00,15.7,2010,177,78,2023-09-23 00:26:30,2023-09-23 09:41:01,100,16.5,514,554,378,74,62,40,506,0,92,76
2023-09-21 23:40:32,2023-09-23 00:26:30,UTC-04:00,70,57,126,35.00,98.29,17.6,2263,187,76,2023-09-21 23:40:32,2023-09-22 08:32:38,100,16.4,507,532,357,87,63,25,496,0,95,86
2023-09-20 23:36:39,2023-09-21 23:40:32,UTC-04:00,80,56,129,34.70,98.00,16.3,2057,184,73,2023-09-20 23:36:39,2023-09-21 09:07:12,100,16.9,527,569,378,79,70,42,471,0,93,82
2023-09-19 22:31:39,2023-09-20 23:36:39,UTC-04:00,87,50,138,34.50,98.36,12.1,1737,168,68,2023-09-19 22:31:39,2023-09-20 08:39:15,100,16.3,519,606,327,81,111,87,486,0,85,89
2023-09-18 22:36:54,2023-09-19 22:31:39,UTC-04:00,81,52,126,34.86,98.68,14.8,1903,180,70,2023-09-18 22:36:54,2023-09-19 08:42:03,100,15.8,552,605,312,128,112,53,454,0,91,84
2023-09-17 23:16:25,2023-09-18 22:36:54,UTC-04:00,71,55,108,34.90,97.64,5.0,1394,128,64,2023-09-17 23:16:25,2023-09-18 08:35:25,100,16.2,496,558,292,86,118,62,458,0,89,84
2023-09-16 22:36:26,2023-09-17 23:16:25,UTC-04:00,45,61,76,34.99,97.73,7.8,1567,144,70,2023-09-16 22:36:26,2023-09-17 09:40:28,100,17.1,609,659,432,105,72,50,454,0,92,84
2023-09-15 22:24:50,2023-09-16 22:36:26,UTC-04:00,19,70,36,35.61,98.00,4.7,1426,137,72,2023-09-15 22:24:50,2023-09-16 09:18:32,100,18.4,582,653,390,130,62,71,454,0,89,76
2023-09-14 23:18:37,2023-09-15 22:24:50,UTC-04:00,7,70,40,36.10,97.55,5.1,1363,118,76,2023-09-14 23:18:37,2023-09-15 10:06:04,100,19.2,567,647,411,107,49,80,313,88,87,72
2023-09-13 22:20:43,2023-09-14 23:18:37,UTC-04:00,6,76,24,35.10,97.29,6.9,1527,127,81,2023-09-13 22:20:43,2023-09-14 03:28:31,61,18.4,279,306,205,58,16,27,455,0,91,72
2023-09-12 23:15:59,2023-09-13 22:20:43,UTC-04:00,87,53,148,34.30,97.44,5.9,1403,127,68,2023-09-12 23:15:59,2023-09-13 08:50:52,100,16.9,537,574,437,27,73,37,486,0,93,61
2023-09-12 00:48:38,2023-09-12 23:15:59,UTC-04:00,74,58,119,34.40,97.08,14.8,1840,175,73,2023-09-12 00:48:38,2023-09-12 10:28:47,100,17.2,521,580,397,64,60,59,505,0,89,54
2023-09-10 22:21:59,2023-09-12 00:48:38,UTC-04:00,93,51,155,35.20,97.35,17.4,2231,184,69,2023-09-10 22:21:59,2023-09-11 08:35:18,100,16.8,575,613,400,89,86,38,476,0,93,66
2023-09-09 23:54:42,2023-09-10 22:21:59,UTC-04:00,98,50,164,35.10,98.75,13.1,1723,163,70,2023-09-09 23:54:42,2023-09-10 08:30:56,100,17.4,480,516,340,59,81,36,327,36,93,54
2023-09-09 00:48:19,2023-09-09 23:54:42,UTC-04:00,60,67,67,34.49,96.37,13.9,1742,173,74,2023-09-09 00:48:19,2023-09-09 08:31:41,84,17.5,426,461,289,83,54,35,509,8,92,75
2023-09-07 22:56:44,2023-09-09 00:48:19,UTC-04:00,92,61,104,34.65,97.33,16.8,2163,181,77,2023-09-07 22:56:44,2023-09-08 08:11:53,97,17.3,515,553,373,69,73,38,530,38,93,91
2023-09-06 23:15:26,2023-09-07 22:56:44,UTC-04:00,84,60,97,35.26,96.61,15.7,1967,176,77,2023-09-06 23:15:26,2023-09-07 07:49:44,83,17.0,431,514,322,57,52,83,523,22,83,
2023-09-05 23:24:47,2023-09-06 23:15:26,UTC-04:00,96,55,111,34.90,95.55,16.8,2089,187,76,2023-09-05 23:24:47,2023-09-06 08:01:05,90,16.6,442,515,313,53,76,73,491,0,85,
2023-09-05 00:00:00,2023-09-05 23:24:47,UTC-04:00,,,,,,6.6,309,135,92,,,,,,,,,,,,,,
