Cycle start time,Cycle end time,Cycle timezone,Sleep onset,Wake onset,Sleep performance %,Respiratory rate (rpm),Asleep duration (min),In bed duration (min),Light sleep duration (min),Deep (SWS) duration (min),REM duration (min),Awake duration (min),Sleep need (min),Sleep debt (min),Sleep efficiency %,Sleep consistency %,Nap
2026-09-16 22:48:09,,UTC-04:00,2026-09-16 22:48:09,2026-09-17 08:29:58,95,15.4,557,581,351,77,129,24,451,0,95,84,false
2026-09-15 23:36:25,2026-09-16 22:48:09,UTC-04:00,2026-09-15 23:36:25,2026-09-16 08:10:00,92,15.4,488,513,282,75,131,25,451,0,95,80,false
2026-09-14 22:57:46,2026-09-15 23:36:25,UTC-04:00,2026-09-14 22:57:46,2026-09-15 08:51:08,86,15.6,585,593,406,89,90,8,475,0,98,70,false
2026-09-13 22:26:28,2026-09-14 22:57:46,UTC-04:00,2026-09-13 22:26:28,2026-09-14 07:30:00,85,15.9,514,543,328,55,131,29,460,0,96,68,false
2026-09-13 00:02:22,2026-09-13 22:26:28,UTC-04:00,2026-09-13 00:02:22,2026-09-13 08:15:18,83,16.1,461,492,207,104,150,31,362,0,94,58,false
2026-09-11 22:09:19,2026-09-13 00:02:22,UTC-04:00,2026-09-12 16:46:22,2026-09-12 18:24:16,20,16.8,92,97,44,32,16,5,454,0,98,,true
2026-09-10 22:09:19,2026-09-11 22:09:19,UTC-04:00,2026-09-10 22:09:19,2026-09-11 08:57:11,84,15.8,615,647,392,73,150,32,460,0,95,65,false
2026-09-09 22:39:22,2026-09-10 22:09:19,UTC-04:00,2026-09-09 22:39:22,2026-09-10 07:54:38,83,15.6,540,555,332,72,136,15,451,0,97,60,false
2026-09-08 22:34:25,2026-09-09 22:39:22,UTC-04:00,2026-09-08 22:34:25,2026-09-09 08:29:42,78,16.7,547,595,347,74,126,48,405,16,92,42,false
2026-09-08 00:45:33,2026-09-08 22:34:25,UTC-04:00,2026-09-08 13:20:00,2026-09-08 14:35:00,22,15.7,62,75,10,31,21,13,467,16,92,,true
2026-09-08 00:45:33,2026-09-08 22:34:25,UTC-04:00,2026-09-08 00:45:33,2026-09-08 08:13:02,80,16.3,417,447,254,68,95,30,451,0,94,53,false
2026-09-05 23:04:47,2026-09-07 00:00:00,UTC-04:00,2026-09-06 14:30:00,2026-09-06 16:03:00,26,16.5,74,93,24,50,0,19,452,0,91,,true
2026-09-05 23:04:47,2026-09-07 00:00:00,UTC-04:00,2026-09-05 23:04:47,2026-09-06 07:57:38,90,15.5,509,532,308,81,120,23,472,0,95,78,false
2026-09-04 23:44:37,2026-09-05 23:04:47,UTC-04:00,2026-09-04 23:44:37,2026-09-05 08:35:05,97,15.6,496,530,315,61,120,34,465,14,95,89,false
2026-09-04 00:43:04,2026-09-04 23:44:37,UTC-04:00,2026-09-04 00:43:04,2026-09-04 08:59:59,82,16.2,460,496,302,53,105,36,490,0,92,85,false
2026-09-02 23:39:52,2026-09-04 00:43:04,UTC-04:00,2026-09-02 23:39:52,2026-09-03 08:59:24,100,15.5,545,559,280,89,176,14,451,0,97,90,false
2026-09-01 23:43:01,2026-09-02 23:39:52,UTC-04:00,2026-09-01 23:43:01,2026-09-02 08:59:44,96,16.1,502,556,288,79,135,54,475,0,90,86,false
2026-08-31 23:22:19,2026-09-01 23:43:01,UTC-04:00,2026-08-31 23:22:19,2026-09-01 09:00:02,87,16.1,542,577,322,84,136,35,468,17,94,77,false
2026-08-31 00:59:16,2026-08-31 23:22:19,UTC-04:00,2026-08-31 00:59:16,2026-08-31 08:22:26,93,15.9,424,443,282,73,69,19,451,0,97,86,false
2026-08-30 00:36:33,2026-08-31 00:59:16,UTC-04:00,2026-08-30 00:36:33,2026-08-30 09:32:10,92,16.1,515,535,294,57,164,20,460,4,97,81,false
2026-08-29 00:25:58,2026-08-30 00:36:33,UTC-04:00,2026-08-29 00:25:58,2026-08-29 08:31:29,89,16.2,445,485,255,84,106,40,452,0,91,87,false
2026-08-28 00:21:56,2026-08-29 00:25:58,UTC-04:00,2026-08-28 00:21:56,2026-08-28 08:46:14,63,16.4,474,504,275,103,96,30,457,0,94,79,false
2026-08-26 23:21:25,2026-08-28 00:21:56,UTC-04:00,2026-08-26 23:21:25,2026-08-27 08:19:07,91,16.4,492,537,289,78,125,45,451,0,92,79,false
2026-08-25 22:45:47,2026-08-26 23:21:25,UTC-04:00,2026-08-25 22:45:47,2026-08-26 08:29:42,85,15.3,560,583,341,113,106,23,505,54,96,67,false
2026-08-25 00:21:16,2026-08-25 22:45:47,UTC-04:00,2026-08-25 00:21:16,2026-08-25 06:41:46,78,16.0,347,380,242,49,56,33,455,0,91,59,false
2026-08-23 23:38:10,2026-08-25 00:21:16,UTC-04:00,2026-08-23 23:38:10,2026-08-24 08:49:40,84,15.7,538,551,264,89,185,13,451,0,97,64,false
2026-08-23 01:46:01,2026-08-23 23:38:10,UTC-04:00,2026-08-23 01:46:01,2026-08-23 09:53:43,60,17.1,455,487,261,91,103,32,455,0,94,47,false
2026-08-21 23:28:01,2026-08-23 01:46:01,UTC-04:00,2026-08-22 15:10:00,2026-08-22 16:00:00,24,15.3,35,50,2,33,0,15,480,0,92,,true
2026-08-21 23:28:01,2026-08-23 01:46:01,UTC-04:00,2026-08-21 23:28:01,2026-08-22 08:28:46,86,16.0,513,540,333,69,111,27,450,0,94,69,false
2026-08-20 23:58:27,2026-08-21 23:28:01,UTC-04:00,2026-08-20 23:58:27,2026-08-21 08:29:43,82,16.2,494,511,277,77,140,17,349,0,97,57,false
2026-08-20 00:09:40,2026-08-20 23:58:27,UTC-04:00,2026-08-20 14:14:00,2026-08-20 16:14:00,25,16.9,101,120,25,66,10,19,451,0,93,,true
2026-08-20 00:09:40,2026-08-20 23:58:27,UTC-04:00,2026-08-20 00:09:40,2026-08-20 07:41:26,82,16.0,437,451,239,107,91,14,388,0,97,59,false
2026-08-18 23:03:51,2026-08-20 00:09:40,UTC-04:00,2026-08-19 16:00:00,2026-08-19 17:39:00,23,16.8,62,99,20,38,4,37,449,0,93,,true
2026-08-18 23:03:51,2026-08-20 00:09:40,UTC-04:00,2026-08-18 23:03:51,2026-08-19 07:39:04,80,16.2,487,515,304,79,104,28,354,0,95,47,false
2026-08-18 00:04:38,2026-08-18 23:03:51,UTC-04:00,2026-08-18 13:00:00,2026-08-18 15:00:00,25,16.1,96,120,26,57,13,24,449,0,89,,true
2026-08-18 00:04:38,2026-08-18 23:03:51,UTC-04:00,2026-08-18 00:04:38,2026-08-18 08:55:56,85,15.6,504,531,259,87,158,27,503,31,95,70,false
2026-08-17 00:11:26,2026-08-18 00:04:38,UTC-04:00,2026-08-17 00:11:26,2026-08-17 06:59:39,80,15.7,387,408,222,94,71,21,451,0,94,59,false
2026-08-16 00:44:12,2026-08-17 00:11:26,UTC-04:00,2026-08-16 00:44:12,2026-08-16 10:35:25,72,16.4,535,591,267,82,186,56,389,35,90,47,false
2026-08-15 00:50:41,2026-08-16 00:44:12,UTC-04:00,2026-08-15 16:13:00,2026-08-15 18:30:00,19,16.1,103,137,43,48,12,34,489,35,82,,true
2026-08-15 00:50:41,2026-08-16 00:44:12,UTC-04:00,2026-08-15 00:50:41,2026-08-15 08:15:50,74,16.2,428,445,231,46,151,17,499,0,96,73,false
2026-08-13 23:46:05,2026-08-15 00:50:41,UTC-04:00,2026-08-13 23:46:05,2026-08-14 09:04:38,88,15.1,540,558,250,108,182,18,460,7,97,75,false
2026-08-12 23:25:51,2026-08-13 23:46:05,UTC-04:00,2026-08-12 23:25:51,2026-08-13 07:09:51,90,15.9,438,463,216,97,125,25,452,0,95,80,false
2026-08-11 22:55:37,2026-08-12 23:25:51,UTC-04:00,2026-08-11 22:55:37,2026-08-12 08:49:03,90,15.8,555,593,336,77,142,38,481,27,94,77,false
2026-08-10 23:09:08,2026-08-11 22:55:37,UTC-04:00,2026-08-10 23:09:08,2026-08-11 06:44:35,84,15.6,448,455,313,52,83,7,504,0,98,76,false
2026-08-10 00:08:34,2026-08-10 23:09:08,UTC-04:00,2026-08-10 00:08:34,2026-08-10 08:19:38,96,16.3,476,491,298,59,119,15,471,15,97,92,false
2026-08-09 00:08:28,2026-08-10 00:08:34,UTC-04:00,2026-08-09 00:08:28,2026-08-09 08:29:38,91,15.6,474,501,284,79,111,27,505,12,94,84,false
2026-08-07 23:51:53,2026-08-09 00:08:28,UTC-04:00,2026-08-07 23:51:53,2026-08-08 07:59:47,96,15.2,469,487,231,80,158,18,489,38,96,89,false
2026-08-07 00:48:04,2026-08-07 23:51:53,UTC-04:00,2026-08-07 00:48:04,2026-08-07 07:41:26,85,15.3,399,413,207,73,119,14,476,0,97,78,false
2026-08-05 23:46:27,2026-08-07 00:48:04,UTC-04:00,2026-08-05 23:46:27,2026-08-06 07:59:40,95,15.9,478,493,225,101,152,15,453,0,97,84,false
2026-08-04 22:58:48,2026-08-05 23:46:27,UTC-04:00,2026-08-04 22:58:48,2026-08-05 07:37:14,94,15.4,498,518,349,59,90,20,452,0,96,83,false
2026-08-03 23:16:19,2026-08-04 22:58:48,UTC-04:00,2026-08-03 23:16:19,2026-08-04 08:10:40,100,15.5,495,534,282,93,120,39,451,0,93,,false
2026-08-02 22:42:17,2026-08-03 23:16:19,UTC-04:00,2026-08-02 22:42:17,2026-08-03 09:24:25,100,16.6,579,642,392,80,107,63,451,0,90,,false
2026-07-30 22:39:41,2026-08-01 01:37:59,UTC-04:00,2026-07-30 22:39:41,2026-07-31 08:37:06,97,15.5,581,597,248,121,212,16,463,11,97,87,false
2026-07-29 22:53:02,2026-07-30 22:39:41,UTC-04:00,2026-07-29 22:53:02,2026-07-30 06:59:41,92,15.6,466,486,268,80,118,20,485,0,97,83,false
2026-07-28 22:37:29,2026-07-29 22:53:02,UTC-04:00,2026-07-28 22:37:29,2026-07-29 08:32:44,100,15.9,565,595,274,92,199,30,453,0,95,90,false
2026-07-27 22:39:36,2026-07-28 22:37:29,UTC-04:00,2026-07-27 22:39:36,2026-07-28 07:45:22,98,16.4,518,545,300,103,115,27,451,0,95,93,false
2026-07-26 22:40:49,2026-07-27 22:39:36,UTC-04:00,2026-07-26 22:40:49,2026-07-27 08:14:44,91,16.4,560,573,363,81,116,13,476,0,97,82,false
2026-07-24 22:10:34,2026-07-25 21:59:32,UTC-04:00,2026-07-24 22:10:34,2026-07-25 07:44:35,88,16.6,545,574,332,86,127,29,453,0,95,77,false
2026-07-23 21:59:32,2026-07-24 22:10:34,UTC-04:00,2026-07-23 21:59:32,2026-07-24 07:45:02,85,16.1,566,585,315,94,157,19,466,0,97,66,false
2026-07-23 00:34:54,2026-07-23 21:59:32,UTC-04:00,2026-07-23 00:34:54,2026-07-23 07:43:11,83,16.7,422,428,204,93,125,6,400,0,98,60,false
2026-07-21 21:52:59,2026-07-23 00:34:54,UTC-04:00,2026-07-22 12:22:59,2026-07-22 13:38:16,23,15.8,73,75,33,25,15,2,451,0,97,,true
2026-07-21 21:52:59,2026-07-23 00:34:54,UTC-04:00,2026-07-21 21:52:59,2026-07-22 07:57:00,82,16.5,595,604,275,127,193,9,563,108,98,58,false
2026-07-21 02:50:44,2026-07-21 21:52:59,UTC-04:00,2026-07-21 02:50:44,2026-07-21 06:58:20,58,15.5,235,247,105,90,40,12,452,0,96,54,false
2026-07-19 23:27:27,2026-07-21 02:50:44,UTC-04:00,2026-07-19 23:27:27,2026-07-20 08:20:11,83,16.0,514,532,290,72,152,18,508,52,96,84,false
2026-07-19 00:33:53,2026-07-19 23:27:27,UTC-04:00,2026-07-19 00:33:53,2026-07-19 07:42:42,82,16.3,396,428,221,80,95,32,501,0,92,72,false
2026-07-17 22:56:08,2026-07-19 00:33:53,UTC-04:00,2026-07-17 22:56:08,2026-07-18 08:44:47,97,16.5,553,588,308,110,135,35,451,0,94,88,false
2026-07-16 22:56:46,2026-07-17 22:56:08,UTC-04:00,2026-07-16 22:56:46,2026-07-17 09:10:04,82,16.5,588,613,336,93,159,25,452,0,95,78,false
2026-07-15 23:24:28,2026-07-16 22:56:46,UTC-04:00,2026-07-15 23:24:28,2026-07-16 08:40:24,92,16.0,541,555,276,76,189,14,499,47,97,80,false
2026-07-15 01:02:27,2026-07-15 23:24:28,UTC-04:00,2026-07-15 01:02:27,2026-07-15 08:02:26,85,15.6,402,419,220,70,112,17,476,0,96,80,false
2026-07-13 23:14:51,2026-07-15 01:02:27,UTC-04:00,2026-07-13 23:14:51,2026-07-14 08:50:09,88,16.3,565,575,361,75,129,10,520,65,98,75,false
2026-07-13 00:44:50,2026-07-13 23:14:51,UTC-04:00,2026-07-13 00:44:50,2026-07-13 07:25:57,85,16.3,376,401,218,52,106,25,478,2,93,84,false
2026-07-12 00:32:04,2026-07-13 00:44:50,UTC-04:00,2026-07-12 00:32:04,2026-07-12 08:48:35,77,16.3,480,496,247,96,137,16,484,21,97,87,false
2026-07-11 00:30:00,2026-07-12 00:32:04,UTC-04:00,2026-07-11 00:30:00,2026-07-11 08:40:09,68,16.5,436,490,243,73,120,54,479,24,89,81,false
2026-07-10 00:59:11,2026-07-11 00:30:00,UTC-04:00,2026-07-10 00:59:11,2026-07-10 07:55:54,85,15.1,401,416,194,87,120,15,451,0,96,78,false
2026-07-08 23:25:09,2026-07-10 00:59:11,UTC-04:00,2026-07-08 23:25:09,2026-07-09 08:14:19,90,15.9,509,529,273,87,149,20,494,42,96,79,false
2026-07-07 23:50:07,2026-07-08 23:25:09,UTC-04:00,2026-07-07 23:50:07,2026-07-08 07:05:10,86,15.7,406,435,238,72,96,29,491,0,93,82,false
2026-07-06 23:43:13,2026-07-07 23:50:07,UTC-04:00,2026-07-06 23:43:13,2026-07-07 08:08:37,95,15.5,472,505,221,88,163,33,452,0,93,84,false
2026-07-05 23:11:30,2026-07-06 23:43:13,UTC-04:00,2026-07-05 23:11:30,2026-07-06 08:10:07,79,16.0,523,538,296,73,154,15,451,0,97,44,false
2026-07-05 00:37:10,2026-07-05 23:11:30,UTC-04:00,2026-07-05 00:37:10,2026-07-05 09:48:46,21,17.2,183,191,87,69,27,8,501,0,95,79,false
2026-07-03 23:44:45,2026-07-05 00:37:10,UTC-04:00,2026-07-03 23:44:45,2026-07-04 09:09:15,89,15.9,545,564,262,104,179,19,452,0,96,76,false
2026-07-03 00:53:43,2026-07-03 23:44:45,UTC-04:00,2026-07-03 00:53:43,2026-07-03 09:52:44,89,15.9,527,539,283,101,143,12,448,0,97,75,false
2026-07-02 00:19:56,2026-07-03 00:53:43,UTC-04:00,2026-07-02 15:40:00,2026-07-02 16:35:00,26,16.8,33,55,5,28,0,22,451,0,91,,true
2026-07-02 00:19:56,2026-07-03 00:53:43,UTC-04:00,2026-07-02 00:19:56,2026-07-02 10:01:29,90,16.2,549,581,294,97,158,32,386,0,94,77,false
2026-07-01 00:01:52,2026-07-02 00:19:56,UTC-04:00,2026-07-01 17:04:24,2026-07-01 18:17:18,27,17.1,66,72,20,42,4,6,452,0,91,,true
2026-07-01 00:01:52,2026-07-02 00:19:56,UTC-04:00,2026-07-01 00:01:52,2026-07-01 09:37:26,94,16.2,546,575,355,50,141,29,480,0,94,,false
2026-06-30 01:05:02,2026-07-01 00:01:52,UTC-04:00,2026-06-30 01:05:02,2026-06-30 09:59:56,100,16.1,516,534,332,67,117,18,451,0,96,,false
2026-06-25 23:41:55,2026-06-26 22:59:32,UTC-04:00,2026-06-25 23:41:55,2026-06-26 07:41:12,91,16.0,459,479,259,101,99,20,453,0,96,81,false
2026-06-24 22:59:32,2026-06-25 23:41:55,UTC-04:00,2026-06-24 22:59:32,2026-06-25 08:25:15,89,15.8,524,565,271,107,146,41,466,12,93,78,false
2026-06-23 22:39:44,2026-06-24 22:59:32,UTC-04:00,2026-06-23 22:39:44,2026-06-24 06:59:09,83,16.3,447,499,259,68,120,52,472,0,89,65,false
2026-06-22 23:32:09,2026-06-23 22:39:44,UTC-04:00,2026-06-22 23:32:09,2026-06-23 08:41:37,87,15.5,526,549,332,89,105,23,479,0,95,72,false
2026-06-21 23:14:23,2026-06-22 23:32:09,UTC-04:00,2026-06-21 23:14:23,2026-06-22 08:19:54,82,15.7,526,545,287,70,169,19,360,0,96,54,false
2026-06-21 00:26:22,2026-06-21 23:14:23,UTC-04:00,2026-06-21 12:34:22,2026-06-21 14:10:42,23,17.3,92,96,50,42,0,4,449,0,97,,true
2026-06-21 00:26:22,2026-06-21 23:14:23,UTC-04:00,2026-06-21 00:26:22,2026-06-21 08:54:41,83,15.8,485,508,273,80,132,23,372,30,96,60,false
2026-06-20 01:24:16,2026-06-21 00:26:22,UTC-04:00,2026-06-20 16:30:48,2026-06-20 18:34:18,25,16.6,110,123,35,44,31,13,482,30,91,,true
2026-06-20 01:24:16,2026-06-21 00:26:22,UTC-04:00,2026-06-20 01:24:16,2026-06-20 08:29:46,82,15.9,414,425,235,94,85,11,475,20,97,71,false
2026-06-18 23:51:20,2026-06-20 01:24:16,UTC-04:00,2026-06-18 23:51:20,2026-06-19 08:27:25,87,16.0,474,516,272,89,113,42,506,27,92,77,false
2026-06-17 23:44:35,2026-06-18 23:51:20,UTC-04:00,2026-06-17 23:44:35,2026-06-18 06:37:22,83,15.9,395,412,230,64,101,17,449,0,95,69,false
2026-06-16 23:30:03,2026-06-17 23:44:35,UTC-04:00,2026-06-16 23:30:03,2026-06-17 08:29:13,84,15.7,529,539,269,112,148,10,453,0,98,66,false
2026-06-15 22:07:40,2026-06-16 23:30:03,UTC-04:00,2026-06-15 22:07:40,2026-06-16 06:44:39,82,16.1,482,516,315,83,84,34,477,0,93,54,false
2026-06-14 22:24:54,2026-06-15 22:07:40,UTC-04:00,2026-06-14 22:24:54,2026-06-15 08:50:00,81,15.9,576,625,355,73,148,49,387,0,92,50,false
2026-06-14 01:30:30,2026-06-14 22:24:54,UTC-04:00,2026-06-14 17:26:24,2026-06-14 18:34:24,24,15.8,64,68,6,53,5,4,451,0,100,,true
2026-06-14 01:30:30,2026-06-14 22:24:54,UTC-04:00,2026-06-14 01:30:30,2026-06-14 09:59:44,83,16.1,487,509,263,96,128,22,470,0,96,62,false
2026-06-11 23:28:55,2026-06-13 02:00:00,UTC-04:00,2026-06-11 23:28:55,2026-06-12 07:56:44,95,15.9,500,507,267,88,145,7,488,0,98,85,false
2026-06-11 00:08:17,2026-06-11 23:28:55,UTC-04:00,2026-06-11 00:08:17,2026-06-11 08:51:01,93,15.0,508,522,303,87,118,14,451,0,97,82,false
2026-06-09 23:30:16,2026-06-11 00:08:17,UTC-04:00,2026-06-09 23:30:16,2026-06-10 08:39:13,92,15.6,528,548,289,97,142,20,471,0,96,80,false
2026-06-08 23:14:05,2026-06-09 23:30:16,UTC-04:00,2026-06-08 23:14:05,2026-06-09 08:06:39,90,15.9,506,532,278,95,133,26,496,40,95,77,false
2026-06-08 00:52:22,2026-06-08 23:14:05,UTC-04:00,2026-06-08 00:52:22,2026-06-08 07:20:55,84,15.6,373,388,212,73,88,15,455,4,96,77,false
2026-06-05 23:52:59,2026-06-06 23:54:59,UTC-04:00,2026-06-05 23:52:59,2026-06-06 07:38:00,90,15.6,445,465,200,91,154,20,453,0,96,80,false
2026-06-04 22:28:42,2026-06-05 23:52:59,UTC-04:00,2026-06-04 22:28:42,2026-06-05 07:00:48,97,16.1,461,512,261,78,122,51,452,0,90,87,false
2026-06-03 22:38:05,2026-06-04 22:28:42,UTC-04:00,2026-06-03 22:38:05,2026-06-04 07:53:22,91,15.6,523,555,315,89,119,32,494,3,94,87,false
2026-06-02 23:13:49,2026-06-03 22:38:05,UTC-04:00,2026-06-02 23:13:49,2026-06-03 07:00:07,90,15.8,444,466,204,84,156,22,451,0,95,78,false
2026-06-01 22:18:47,2026-06-02 23:13:49,UTC-04:00,2026-06-01 22:18:47,2026-06-02 08:00:01,94,15.8,557,581,339,96,122,24,451,0,95,86,false
2026-05-31 22:27:04,2026-06-01 22:18:47,UTC-04:00,2026-05-31 22:27:04,2026-06-01 08:14:59,77,16.8,541,587,321,96,124,46,493,0,92,77,false
2026-05-30 23:39:42,2026-05-31 22:27:04,UTC-04:00,2026-05-30 23:39:42,2026-05-31 09:00:33,92,15.7,509,560,328,77,104,51,451,0,90,81,false
2026-05-28 23:17:45,2026-05-30 00:00:00,UTC-04:00,2026-05-28 23:17:45,2026-05-29 08:07:46,95,15.2,513,530,266,94,153,17,498,0,97,85,false
2026-05-27 23:20:43,2026-05-28 23:17:45,UTC-04:00,2026-05-27 23:20:43,2026-05-28 07:10:04,90,15.3,455,469,228,85,142,14,453,0,97,77,false
2026-05-26 23:36:05,2026-05-27 23:20:43,UTC-04:00,2026-05-26 23:36:05,2026-05-27 08:55:34,100,15.7,538,559,307,64,167,21,455,0,96,,false
2026-05-25 23:51:08,2026-05-26 23:36:05,UTC-04:00,2026-05-25 23:51:08,2026-05-26 09:07:45,100,15.3,536,556,282,128,126,20,449,0,96,,false
2026-05-21 23:25:43,2026-05-23 00:00:00,UTC-04:00,2026-05-21 23:25:43,2026-05-22 08:58:50,96,15.6,535,573,339,98,98,38,451,0,93,91,false
2026-05-20 22:44:41,2026-05-21 23:25:43,UTC-04:00,2026-05-20 22:44:41,2026-05-21 08:41:46,87,15.6,580,597,331,92,157,17,495,0,97,86,false
2026-05-19 23:43:28,2026-05-20 22:44:41,UTC-04:00,2026-05-19 23:43:28,2026-05-20 08:33:53,100,15.5,506,530,282,80,144,24,498,46,95,,false
2026-05-18 23:19:26,2026-05-19 23:43:28,UTC-04:00,2026-05-18 23:19:26,2026-05-19 09:09:52,81,16.5,504,590,344,59,101,86,577,127,85,,false
2026-05-16 01:09:07,2026-05-18 00:00:00,UTC-04:00,2026-05-16 01:09:07,2026-05-16 02:26:07,16,16.1,58,76,29,11,18,18,373,0,76,62,false
2026-05-14 22:25:03,2026-05-16 01:09:07,UTC-04:00,2026-05-15 13:34:38,2026-05-15 15:01:33,25,16.4,80,86,22,32,26,6,451,0,92,,true
2026-05-14 22:25:03,2026-05-16 01:09:07,UTC-04:00,2026-05-14 22:25:03,2026-05-15 07:38:45,86,14.8,513,553,288,106,119,40,506,47,92,73,false
2026-05-14 01:19:49,2026-05-14 22:25:03,UTC-04:00,2026-05-14 01:19:49,2026-05-14 07:29:40,81,14.9,358,369,151,125,82,11,453,0,97,69,false
2026-05-12 23:35:01,2026-05-14 01:19:49,UTC-04:00,2026-05-12 23:35:01,2026-05-13 08:11:32,86,15.1,503,516,239,103,161,13,471,0,97,79,false
2026-05-11 23:02:59,2026-05-12 23:35:01,UTC-04:00,2026-05-11 23:02:59,2026-05-12 06:47:36,85,15.1,458,464,213,95,150,6,459,6,98,67,false
2026-05-10 23:45:57,2026-05-11 23:02:59,UTC-04:00,2026-05-10 23:45:57,2026-05-11 07:28:37,85,15.4,440,462,250,85,105,22,451,0,95,71,false
2026-05-09 23:37:54,2026-05-10 23:45:57,UTC-04:00,2026-05-09 23:37:54,2026-05-10 11:02:51,82,16.0,665,684,374,89,202,19,457,0,97,60,false
2026-05-08 23:56:44,2026-05-09 23:37:54,UTC-04:00,2026-05-08 23:56:44,2026-05-09 08:54:37,84,15.8,520,537,260,95,165,17,451,0,96,64,false
2026-05-06 22:47:08,2026-05-08 00:00:00,UTC-04:00,2026-05-06 22:47:08,2026-05-07 06:49:23,92,15.6,476,482,257,87,132,6,452,0,98,81,false
2026-05-05 21:34:55,2026-05-06 22:47:08,UTC-04:00,2026-05-05 21:34:55,2026-05-06 07:51:32,81,15.4,596,616,324,98,174,20,472,0,96,62,false
2026-05-04 22:44:45,2026-05-05 21:34:55,UTC-04:00,2026-05-04 22:44:45,2026-05-05 07:30:01,83,15.5,505,525,273,95,137,20,451,0,96,61,false
2026-05-03 22:28:38,2026-05-04 22:44:45,UTC-04:00,2026-05-03 22:28:38,2026-05-04 08:10:11,81,15.3,542,581,320,87,135,39,470,0,94,50,false
2026-05-01 23:45:34,2026-05-03 00:00:00,UTC-04:00,2026-05-01 23:45:34,2026-05-02 08:55:47,79,15.8,532,550,271,104,157,18,455,0,96,67,false
2026-04-30 22:43:43,2026-05-01 23:45:34,UTC-04:00,2026-04-30 22:43:43,2026-05-01 07:49:06,90,15.2,539,545,263,79,197,6,458,0,98,79,false
2026-04-29 22:22:46,2026-04-30 22:43:43,UTC-04:00,2026-04-29 22:22:46,2026-04-30 06:52:40,88,15.2,490,509,214,104,172,19,483,30,96,73,false
2026-04-28 23:09:12,2026-04-29 22:22:46,UTC-04:00,2026-04-28 23:09:12,2026-04-29 06:58:27,83,15.4,456,469,208,79,169,13,517,54,97,70,false
2026-04-27 22:31:05,2026-04-28 23:09:12,UTC-04:00,2026-04-27 22:31:05,2026-04-28 04:59:35,78,15.3,368,388,227,63,78,20,477,0,94,59,false
2026-04-26 22:32:49,2026-04-27 22:31:05,UTC-04:00,2026-04-26 22:32:49,2026-04-27 07:59:52,89,15.9,534,567,274,106,154,33,385,0,94,76,false
2026-04-25 22:30:24,2026-04-26 22:32:49,UTC-04:00,2026-04-26 15:41:50,2026-04-26 16:53:19,19,16.0,69,71,35,34,0,2,454,0,97,,true
2026-04-24 22:30:24,2026-04-25 22:30:24,UTC-04:00,2026-04-24 22:30:24,2026-04-25 08:45:53,90,15.2,601,615,316,87,198,14,451,0,97,78,false
2026-04-23 22:35:21,2026-04-24 22:30:24,UTC-04:00,2026-04-23 22:35:21,2026-04-24 07:24:47,100,15.4,501,529,270,82,149,28,457,0,94,90,false
2026-04-22 22:26:49,2026-04-23 22:35:21,UTC-04:00,2026-04-22 22:26:49,2026-04-23 06:45:07,98,15.6,491,498,306,110,75,7,455,0,98,93,false
2026-04-21 22:47:16,2026-04-22 22:26:49,UTC-04:00,2026-04-21 22:47:16,2026-04-22 06:54:58,100,15.2,473,487,240,83,150,14,472,0,97,93,false
2026-04-20 22:36:44,2026-04-21 22:47:16,UTC-04:00,2026-04-20 22:36:44,2026-04-21 06:59:50,99,15.5,494,503,229,100,165,9,453,0,98,89,false
2026-04-19 22:41:12,2026-04-20 22:36:44,UTC-04:00,2026-04-19 22:41:12,2026-04-20 06:43:14,91,15.5,479,482,287,77,115,3,451,0,99,83,false
2026-04-18 22:47:44,2026-04-19 22:41:12,UTC-04:00,2026-04-18 22:47:44,2026-04-19 08:27:23,90,15.6,565,579,300,97,168,14,452,0,97,77,false
2026-04-16 22:48:26,2026-04-18 00:00:00,UTC-04:00,2026-04-16 22:48:26,2026-04-17 06:55:16,91,15.3,477,486,316,64,97,9,452,0,98,79,false
2026-04-15 21:14:16,2026-04-16 22:48:26,UTC-04:00,2026-04-15 21:14:16,2026-04-16 07:41:03,91,15.9,579,626,345,76,158,47,453,0,92,80,false
2026-04-14 22:14:23,2026-04-15 21:14:16,UTC-04:00,2026-04-14 22:14:23,2026-04-15 07:30:24,93,15.8,535,556,286,85,164,21,462,0,96,84,false
2026-04-13 21:58:51,2026-04-14 22:14:23,UTC-04:00,2026-04-13 21:58:51,2026-04-14 08:00:20,89,15.3,577,601,273,99,205,24,459,0,96,75,false
2026-04-12 22:08:45,2026-04-13 21:58:51,UTC-04:00,2026-04-12 22:08:45,2026-04-13 06:39:31,83,15.4,503,510,295,90,118,7,475,0,98,62,false
2026-04-11 23:06:00,2026-04-12 22:08:45,UTC-04:00,2026-04-11 23:06:00,2026-04-12 09:06:00,82,15.6,526,600,355,94,77,74,490,30,90,66,false
2026-04-10 00:32:37,2026-04-11 23:06:00,UTC-04:00,2026-04-10 00:32:37,2026-04-10 07:09:53,83,14.7,393,397,211,80,102,4,454,0,98,72,false
2026-04-08 23:28:36,2026-04-10 00:32:37,UTC-04:00,2026-04-08 23:28:36,2026-04-09 06:56:15,88,15.4,444,447,182,99,163,3,393,0,99,73,false
2026-04-07 22:36:57,2026-04-08 23:28:36,UTC-04:00,2026-04-08 16:10:00,2026-04-08 17:10:00,26,15.6,58,60,15,37,6,2,451,0,97,,true
2026-04-07 22:36:57,2026-04-08 23:28:36,UTC-04:00,2026-04-07 22:36:57,2026-04-08 08:26:14,89,14.9,578,589,313,87,178,11,471,2,98,76,false
2026-04-06 23:10:19,2026-04-07 22:36:57,UTC-04:00,2026-04-06 23:10:19,2026-04-07 07:00:09,91,15.0,451,469,232,103,116,18,455,0,96,80,false
2026-04-05 22:34:47,2026-04-06 23:10:19,UTC-04:00,2026-04-05 22:34:47,2026-04-06 06:59:51,85,15.6,496,505,249,89,158,9,457,5,98,67,false
2026-04-05 00:12:45,2026-04-05 22:34:47,UTC-04:00,2026-04-05 00:12:45,2026-04-05 07:59:45,90,15.5,452,467,250,65,137,15,461,0,96,78,false
2026-04-03 23:27:55,2026-04-05 00:12:45,UTC-04:00,2026-04-03 23:27:55,2026-04-04 09:17:28,89,15.3,580,589,293,95,192,9,451,0,98,76,false
2026-04-03 00:24:34,2026-04-03 23:27:55,UTC-04:00,2026-04-03 00:24:34,2026-04-03 09:09:17,84,15.7,479,524,265,73,141,45,454,0,91,64,false
2026-04-01 22:47:26,2026-04-03 00:24:34,UTC-04:00,2026-04-01 22:47:26,2026-04-02 07:19:57,95,15.2,502,512,266,101,135,10,456,0,98,84,false
2026-03-31 22:39:10,2026-04-01 22:47:26,UTC-04:00,2026-03-31 22:39:10,2026-04-01 06:58:23,86,14.8,482,499,264,79,139,17,453,0,96,72,false
2026-03-30 22:30:09,2026-03-31 22:39:10,UTC-04:00,2026-03-30 22:30:09,2026-03-31 08:38:26,84,15.0,591,608,318,89,184,17,490,23,97,70,false
2026-03-29 23:44:50,2026-03-30 22:30:09,UTC-04:00,2026-03-29 23:44:50,2026-03-30 07:56:48,88,15.2,474,491,238,109,127,17,510,55,97,83,false
2026-03-29 01:45:00,2026-03-29 23:44:50,UTC-04:00,2026-03-29 01:45:00,2026-03-29 07:50:59,75,15.8,359,365,216,66,77,6,470,17,98,69,false
2026-03-28 00:14:57,2026-03-29 01:45:00,UTC-04:00,2026-03-28 00:14:57,2026-03-28 08:05:22,79,16.0,449,470,287,87,75,21,483,24,96,74,false
2026-03-26 23:20:19,2026-03-28 00:14:57,UTC-04:00,2026-03-26 23:20:19,2026-03-27 07:12:13,91,15.2,426,471,228,87,111,45,465,6,90,86,false
2026-03-25 23:06:07,2026-03-26 23:20:19,UTC-04:00,2026-03-25 23:06:07,2026-03-26 06:59:58,79,15.4,451,473,271,63,117,22,464,0,95,76,false
2026-03-24 22:41:53,2026-03-25 23:06:07,UTC-04:00,2026-03-24 22:41:53,2026-03-25 06:57:11,84,15.5,482,495,304,77,101,13,452,0,97,64,false
2026-03-23 23:28:38,2026-03-24 22:41:53,UTC-04:00,2026-03-23 23:28:38,2026-03-24 08:17:41,87,15.6,475,529,248,97,130,54,451,0,89,73,false
2026-03-22 23:35:13,2026-03-23 23:28:38,UTC-04:00,2026-03-22 23:35:13,2026-03-23 08:36:41,82,15.3,518,541,265,101,152,23,451,0,95,54,false
2026-03-22 01:45:29,2026-03-22 23:35:13,UTC-04:00,2026-03-22 01:45:29,2026-03-22 10:54:20,53,15.5,528,548,260,96,172,20,507,0,96,36,false
2026-03-19 23:05:33,2026-03-21 00:00:00,UTC-04:00,2026-03-19 23:05:33,2026-03-20 07:36:33,91,14.9,491,510,269,116,106,19,453,0,96,79,false
2026-03-18 21:50:12,2026-03-19 23:05:33,UTC-04:00,2026-03-18 21:50:12,2026-03-19 06:32:21,85,15.2,491,522,262,101,128,31,464,8,94,66,false
2026-03-17 23:29:04,2026-03-18 21:50:12,UTC-04:00,2026-03-17 23:29:04,2026-03-18 07:02:44,88,15.4,436,453,246,74,116,17,452,0,96,77,false
2026-03-16 23:37:52,2026-03-17 23:29:04,UTC-04:00,2026-03-16 23:37:52,2026-03-17 08:15:16,86,15.0,495,517,291,80,124,22,465,0,96,70,false
2026-03-15 22:51:31,2026-03-16 23:37:52,UTC-04:00,2026-03-15 22:51:31,2026-03-16 06:54:25,82,15.0,462,482,299,77,86,20,451,0,95,57,false
2026-03-15 00:15:05,2026-03-15 22:51:31,UTC-04:00,2026-03-15 00:15:05,2026-03-15 09:24:18,80,15.4,535,549,308,84,143,14,350,0,97,48,false
2026-03-13 22:25:47,2026-03-15 00:15:05,UTC-04:00,2026-03-14 16:26:05,2026-03-14 18:07:07,20,16.2,101,101,46,42,13,0,451,0,100,,true
2026-03-12 22:25:47,2026-03-13 22:25:47,UTC-04:00,2026-03-12 22:25:47,2026-03-13 07:36:24,100,15.5,529,550,314,91,124,21,451,0,96,93,false
2026-03-11 22:39:46,2026-03-12 22:25:47,UTC-04:00,2026-03-11 22:39:46,2026-03-12 07:54:04,100,15.2,530,554,252,81,197,24,465,0,95,92,false
2026-03-10 22:17:06,2026-03-11 22:39:46,UTC-04:00,2026-03-10 22:17:06,2026-03-11 07:52:54,96,15.4,555,575,319,72,164,20,453,0,96,86,false
2026-03-09 22:34:02,2026-03-10 22:17:06,UTC-04:00,2026-03-09 22:34:02,2026-03-10 07:09:12,82,15.6,495,515,297,89,109,20,452,0,96,59,false
2026-03-08 22:57:52,2026-03-09 22:34:02,UTC-04:00,2026-03-08 22:57:52,2026-03-09 08:09:29,97,15.1,532,551,275,97,160,19,457,0,96,87,false
2026-03-06 22:39:20,2026-03-07 23:00:00,UTC-05:00,2026-03-06 22:39:20,2026-03-07 06:55:41,88,14.8,479,496,237,100,142,17,454,0,96,74,false
2026-03-05 22:36:40,2026-03-06 22:39:20,UTC-05:00,2026-03-05 22:36:40,2026-03-06 07:15:11,82,14.8,499,518,273,99,127,19,468,0,96,55,false
2026-03-04 22:58:07,2026-03-05 22:36:40,UTC-05:00,2026-03-04 22:58:07,2026-03-05 07:43:00,78,15.3,507,524,249,110,148,17,453,0,96,37,false
2026-03-02 23:00:00,2026-03-04 00:00:00,UTC-05:00,2026-03-02 23:00:00,2026-03-03 07:47:00,76,16.5,503,527,302,65,136,24,462,0,95,29,false
2026-03-01 02:06:17,2026-03-02 23:00:00,UTC-05:00,2026-03-01 02:06:17,2026-03-01 10:50:35,72,15.8,512,524,225,105,182,12,462,6,98,40,false
2026-02-28 03:58:14,2026-03-01 02:06:17,UTC-05:00,2026-02-28 03:58:14,2026-02-28 12:30:15,56,15.1,492,512,320,88,84,20,505,0,96,17,false
2026-02-26 22:29:11,2026-02-28 03:58:14,UTC-05:00,2026-02-26 22:29:11,2026-02-27 07:04:34,96,15.1,505,515,292,92,121,10,451,0,98,86,false
2026-02-25 22:16:08,2026-02-26 22:29:11,UTC-05:00,2026-02-25 22:16:08,2026-02-26 07:45:02,90,15.2,552,568,281,108,163,16,453,0,97,77,false
2026-02-24 22:50:28,2026-02-25 22:16:08,UTC-05:00,2026-02-24 22:50:28,2026-02-25 06:51:51,86,15.4,471,481,290,63,118,10,452,0,98,69,false
2026-02-23 22:53:27,2026-02-24 22:50:28,UTC-05:00,2026-02-23 22:53:27,2026-02-24 07:59:48,89,15.5,531,546,283,68,180,15,452,0,97,75,false
2026-02-22 23:16:21,2026-02-23 22:53:27,UTC-05:00,2026-02-22 23:16:21,2026-02-23 08:14:34,88,15.4,505,538,251,109,145,33,451,0,93,73,false
2026-02-22 00:35:49,2026-02-22 23:16:21,UTC-05:00,2026-02-22 00:35:49,2026-02-22 08:55:02,81,15.8,480,499,232,99,149,19,312,0,96,54,false
2026-02-20 23:33:27,2026-02-22 00:35:49,UTC-05:00,2026-02-21 19:38:49,2026-02-21 21:05:19,12,17.5,80,86,21,43,16,6,392,0,100,,true
2026-02-20 23:33:27,2026-02-22 00:35:49,UTC-05:00,2026-02-21 15:37:00,2026-02-21 16:44:00,26,15.4,59,67,24,31,4,8,451,0,89,,true
2026-02-20 23:33:27,2026-02-22 00:35:49,UTC-05:00,2026-02-20 23:33:27,2026-02-21 08:43:23,92,14.9,541,549,341,67,133,8,489,0,98,81,false
2026-02-19 23:29:04,2026-02-20 23:33:27,UTC-05:00,2026-02-19 23:29:04,2026-02-20 08:47:46,87,14.8,536,558,243,105,188,22,453,0,96,72,false
2026-02-18 23:00:03,2026-02-19 23:29:04,UTC-05:00,2026-02-18 23:00:03,2026-02-19 07:26:34,83,15.1,499,506,209,135,155,7,478,127,98,59,false
2026-02-18 01:15:00,2026-02-18 23:00:03,UTC-05:00,2026-02-18 07:56:30,2026-02-18 09:39:30,21,14.1,101,103,27,43,31,2,451,0,98,,true
2026-02-18 01:15:00,2026-02-18 23:00:03,UTC-05:00,2026-02-18 01:15:00,2026-02-18 06:15:00,11,15.9,141,300,93,38,10,159,452,0,49,56,false
2026-02-16 22:52:45,2026-02-18 00:15:00,UTC-06:00,2026-02-16 22:52:45,2026-02-17 06:56:41,86,16.2,458,483,242,89,127,25,454,0,94,69,false
2026-02-15 22:12:08,2026-02-16 22:52:45,UTC-06:00,2026-02-15 22:12:08,2026-02-16 08:46:33,80,15.9,596,634,337,100,159,38,459,0,94,45,false
2026-02-14 00:47:37,2026-02-14 21:51:04,UTC-06:00,2026-02-14 00:47:37,2026-02-14 08:56:33,79,16.2,460,488,262,81,117,28,452,0,94,59,false
2026-02-12 21:51:04,2026-02-14 00:47:37,UTC-06:00,2026-02-12 21:51:04,2026-02-13 07:20:17,90,16.6,547,569,321,79,147,22,471,16,96,80,false
2026-02-11 22:23:07,2026-02-12 21:51:04,UTC-06:00,2026-02-11 22:23:07,2026-02-12 07:24:01,82,16.3,497,540,281,69,147,43,522,69,92,73,false
2026-02-11 00:36:35,2026-02-11 22:23:07,UTC-06:00,2026-02-11 00:36:35,2026-02-11 07:14:54,82,16.1,384,398,177,81,126,14,492,37,96,74,false
2026-02-09 23:56:07,2026-02-11 00:36:35,UTC-06:00,2026-02-09 23:56:07,2026-02-10 06:49:11,84,16.3,410,413,179,81,150,3,469,16,99,74,false
2026-02-08 21:29:41,2026-02-09 23:56:07,UTC-06:00,2026-02-08 21:29:41,2026-02-09 06:52:49,84,16.0,535,563,347,72,116,28,561,108,95,66,false
2026-02-08 01:44:37,2026-02-08 21:29:41,UTC-06:00,2026-02-08 01:44:37,2026-02-08 05:48:28,30,16.3,237,243,87,95,55,6,453,0,97,53,false
2026-02-06 23:11:59,2026-02-08 01:44:37,UTC-06:00,2026-02-06 23:11:59,2026-02-07 07:10:55,94,16.4,465,478,239,101,125,13,452,0,97,85,false
2026-02-05 22:32:55,2026-02-06 23:11:59,UTC-06:00,2026-02-05 22:32:55,2026-02-06 06:59:13,85,16.3,481,506,283,67,131,25,452,0,95,87,false
2026-02-04 21:48:22,2026-02-05 22:32:55,UTC-06:00,2026-02-04 21:48:22,2026-02-05 07:26:12,95,16.1,543,577,283,98,162,34,451,0,94,86,false
2026-02-03 21:51:52,2026-02-04 21:48:22,UTC-06:00,2026-02-03 21:51:52,2026-02-04 06:58:11,91,16.0,531,546,293,91,147,15,452,0,97,80,false
2026-02-02 23:35:48,2026-02-03 21:51:52,UTC-06:00,2026-02-02 23:35:48,2026-02-03 07:29:52,87,16.5,453,474,219,116,118,21,453,0,96,73,false
2026-02-01 22:14:50,2026-02-02 23:35:48,UTC-06:00,2026-02-01 22:14:50,2026-02-02 06:56:24,92,16.3,485,521,230,96,159,36,478,19,93,86,false
2026-01-31 23:02:27,2026-02-01 23:14:50,UTC-05:00,2026-01-31 23:02:27,2026-02-01 06:44:57,88,16.7,432,462,271,74,87,30,462,0,93,79,false
2026-01-30 23:20:33,2026-01-31 23:02:27,UTC-05:00,2026-01-30 23:20:33,2026-01-31 07:38:34,79,17.0,467,498,207,96,164,31,465,0,93,83,false
2026-01-29 23:44:02,2026-01-30 23:20:33,UTC-05:00,2026-01-29 23:44:02,2026-01-30 08:10:07,88,16.1,487,506,253,89,145,19,459,0,96,75,false
2026-01-28 21:10:43,2026-01-29 23:44:02,UTC-05:00,2026-01-28 21:10:43,2026-01-29 07:35:16,82,17.1,558,624,363,78,117,66,456,0,89,58,false
2026-01-27 23:19:28,2026-01-28 21:10:43,UTC-05:00,2026-01-27 23:19:28,2026-01-28 07:52:51,85,16.9,490,513,307,72,111,23,456,0,95,67,false
2026-01-26 23:55:21,2026-01-27 23:19:28,UTC-05:00,2026-01-26 23:55:21,2026-01-27 07:57:10,84,16.8,464,481,334,58,72,17,346,0,96,65,false
2026-01-25 23:15:50,2026-01-26 23:55:21,UTC-05:00,2026-01-26 15:40:52,2026-01-26 17:36:24,27,16.9,107,115,49,55,3,8,451,0,92,,true
2026-01-25 23:15:50,2026-01-26 23:55:21,UTC-05:00,2026-01-25 23:15:50,2026-01-26 07:32:51,81,16.9,468,497,301,73,94,29,441,57,94,56,false
2026-01-25 03:17:27,2026-01-25 23:15:50,UTC-05:00,2026-01-25 16:16:27,2026-01-25 17:25:10,21,17.1,68,68,19,40,9,0,509,57,100,,true
2026-01-25 03:17:27,2026-01-25 23:15:50,UTC-05:00,2026-01-25 03:17:27,2026-01-25 08:40:21,66,17.5,307,322,115,94,98,15,422,37,97,45,false
2026-01-24 01:07:35,2026-01-25 03:17:27,UTC-05:00,2026-01-24 15:56:58,2026-01-24 17:06:02,25,17.1,69,69,15,41,13,0,489,37,100,,true
2026-01-24 01:07:35,2026-01-25 03:17:27,UTC-05:00,2026-01-24 01:07:35,2026-01-24 07:45:01,83,16.5,381,397,199,74,108,16,456,0,96,73,false
2026-01-22 23:15:49,2026-01-24 01:07:35,UTC-05:00,2026-01-22 23:15:49,2026-01-23 07:55:39,95,16.3,506,519,256,108,142,13,455,0,97,88,false
2026-01-21 22:50:14,2026-01-22 23:15:49,UTC-05:00,2026-01-21 22:50:14,2026-01-22 07:39:47,90,15.6,514,529,276,104,134,15,453,0,98,78,false
2026-01-20 23:10:13,2026-01-21 22:50:14,UTC-05:00,2026-01-20 23:10:13,2026-01-21 07:07:31,85,15.6,461,477,183,133,145,16,455,0,96,69,false
2026-01-19 23:19:05,2026-01-20 23:10:13,UTC-05:00,2026-01-19 23:19:05,2026-01-20 07:09:36,83,15.8,461,470,236,103,122,9,455,0,98,58,false
2026-01-18 23:33:03,2026-01-19 23:19:05,UTC-05:00,2026-01-18 23:33:03,2026-01-19 08:45:06,85,16.0,524,552,322,93,109,28,470,0,95,67,false
2026-01-18 00:52:55,2026-01-18 23:33:03,UTC-05:00,2026-01-18 00:52:55,2026-01-18 09:29:23,84,15.5,511,516,302,71,138,5,506,55,99,63,false
2026-01-17 04:11:22,2026-01-18 00:52:55,UTC-05:00,2026-01-17 04:11:22,2026-01-17 10:51:25,54,16.1,376,400,208,95,73,24,486,0,93,39,false
2026-01-15 23:28:46,2026-01-17 04:11:22,UTC-05:00,2026-01-15 23:28:46,2026-01-16 08:22:58,93,16.0,514,534,262,105,147,20,458,0,96,82,false
2026-01-15 00:54:41,2026-01-15 23:28:46,UTC-05:00,2026-01-15 00:54:41,2026-01-15 09:22:35,89,16.0,453,507,228,102,123,54,455,0,89,78,false
2026-01-13 23:29:39,2026-01-15 00:54:41,UTC-05:00,2026-01-13 23:29:39,2026-01-14 08:35:34,95,16.1,507,545,294,92,121,38,477,0,92,85,false
2026-01-12 23:42:50,2026-01-13 23:29:39,UTC-05:00,2026-01-12 23:42:50,2026-01-13 08:52:09,93,16.7,528,549,287,82,159,21,451,0,96,82,false
2026-01-12 00:15:42,2026-01-12 23:42:50,UTC-05:00,2026-01-12 00:15:42,2026-01-12 08:31:59,92,16.3,482,496,242,92,148,14,452,0,97,81,false
2026-01-11 00:39:26,2026-01-12 00:15:42,UTC-05:00,2026-01-11 00:39:26,2026-01-11 09:04:46,88,16.9,452,505,214,85,153,53,389,20,89,73,false
2026-01-10 01:09:08,2026-01-11 00:39:26,UTC-05:00,2026-01-10 16:06:41,2026-01-10 17:31:31,24,16.8,84,84,21,47,16,0,474,20,100,,true
2026-01-10 01:09:08,2026-01-11 00:39:26,UTC-05:00,2026-01-10 01:09:08,2026-01-10 08:45:04,76,16.8,438,455,181,92,165,17,479,0,96,78,false
2026-01-09 00:08:24,2026-01-10 01:09:08,UTC-05:00,2026-01-09 00:08:24,2026-01-09 09:01:37,93,16.5,483,533,288,117,78,50,453,0,90,82,false
2026-01-07 23:09:53,2026-01-09 00:08:24,UTC-05:00,2026-01-07 23:09:53,2026-01-08 09:11:58,86,16.6,549,602,322,105,122,53,461,9,91,70,false
2026-01-07 00:23:57,2026-01-07 23:09:53,UTC-05:00,2026-01-07 00:23:57,2026-01-07 08:38:04,85,16.2,476,494,235,87,154,18,495,41,97,69,false
2026-01-05 23:23:44,2026-01-07 00:23:57,UTC-05:00,2026-01-05 23:23:44,2026-01-06 05:59:44,76,16.5,370,396,227,66,77,26,452,0,93,45,false
2026-01-05 00:43:42,2026-01-05 23:23:44,UTC-05:00,2026-01-05 00:43:42,2026-01-05 09:08:12,83,16.2,484,504,314,84,86,20,451,0,95,68,false
2026-01-04 01:04:38,2026-01-05 00:43:42,UTC-05:00,2026-01-04 01:04:38,2026-01-04 10:28:21,84,15.8,518,563,284,75,159,45,453,0,92,62,false
2026-01-03 01:48:45,2026-01-04 01:04:38,UTC-05:00,2026-01-03 01:48:45,2026-01-03 09:56:45,100,15.6,474,488,265,88,121,14,363,0,97,,false
2026-01-02 01:23:47,2026-01-03 01:48:45,UTC-05:00,2026-01-02 13:05:19,2026-01-02 14:43:19,28,16.1,90,97,33,51,6,7,450,0,92,,true
2026-01-02 01:23:47,2026-01-03 01:48:45,UTC-05:00,2026-01-02 01:23:47,2026-01-02 08:19:47,100,15.8,377,416,233,54,90,39,350,0,90,,false
2026-01-01 00:00:00,2026-01-02 01:23:47,UTC-05:00,2026-01-01 17:00:46,2026-01-01 18:45:46,18,16.8,100,105,46,24,30,5,450,0,95,,true
2025-12-29 23:22:51,2025-12-30 23:22:51,UTC-05:00,2025-12-29 23:22:51,2025-12-30 09:18:25,87,16.0,578,595,314,100,164,17,452,0,97,72,false
2025-12-29 00:24:41,2025-12-29 23:22:51,UTC-05:00,2025-12-29 00:24:41,2025-12-29 09:02:26,88,16.4,482,517,282,78,122,35,454,2,93,74,false
2025-12-28 01:53:06,2025-12-29 00:24:41,UTC-05:00,2025-12-28 01:53:06,2025-12-28 09:55:55,86,16.3,448,482,225,94,129,34,452,0,92,70,false
2025-12-27 00:40:34,2025-12-28 01:53:06,UTC-05:00,2025-12-27 00:40:34,2025-12-27 08:58:59,89,16.9,467,498,265,67,135,31,380,10,93,75,false
2025-12-26 01:28:03,2025-12-27 00:40:34,UTC-05:00,2025-12-26 16:29:00,2025-12-26 18:03:00,27,17.7,81,94,32,42,7,13,461,10,89,,true
2025-12-26 01:28:03,2025-12-27 00:40:34,UTC-05:00,2025-12-26 01:28:03,2025-12-26 09:16:27,88,16.8,437,468,247,90,100,31,452,0,93,76,false
2025-12-25 01:12:09,2025-12-26 01:28:03,UTC-05:00,2025-12-25 01:12:09,2025-12-25 09:35:31,85,16.4,450,503,229,94,127,53,395,0,89,68,false
2025-12-24 01:10:33,2025-12-25 01:12:09,UTC-05:00,2025-12-24 15:50:00,2025-12-24 17:00:00,26,16.8,61,70,14,32,15,9,456,0,97,,true
2025-12-24 01:10:33,2025-12-25 01:12:09,UTC-05:00,2025-12-24 01:10:33,2025-12-24 08:48:53,88,16.6,430,458,225,91,114,28,364,0,93,73,false
2025-12-23 00:43:51,2025-12-24 01:10:33,UTC-05:00,2025-12-23 16:46:53,2025-12-23 18:14:51,27,17.3,86,87,25,38,23,1,451,0,98,,true
2025-12-23 00:43:51,2025-12-24 01:10:33,UTC-05:00,2025-12-23 00:43:51,2025-12-23 09:03:29,83,16.6,476,499,238,85,153,23,352,7,95,60,false
2025-12-22 00:53:19,2025-12-23 00:43:51,UTC-05:00,2025-12-22 16:35:22,2025-12-22 18:23:53,25,17.3,107,108,43,37,27,1,459,7,98,,true
2025-12-22 00:53:19,2025-12-23 00:43:51,UTC-05:00,2025-12-22 00:53:19,2025-12-22 08:52:58,84,16.8,461,479,266,103,92,18,473,19,96,67,false
2025-12-21 00:42:23,2025-12-22 00:53:19,UTC-05:00,2025-12-21 00:42:23,2025-12-21 09:47:55,80,16.8,494,545,306,87,101,51,525,73,90,55,false
2025-12-20 04:40:21,2025-12-21 00:42:23,UTC-05:00,2025-12-20 04:40:21,2025-12-20 11:25:21,38,16.1,366,405,230,77,59,39,512,25,91,28,false
2025-12-19 00:30:40,2025-12-20 04:40:21,UTC-05:00,2025-12-19 00:30:40,2025-12-19 08:24:53,77,16.5,448,474,265,83,100,26,498,32,94,70,false
2025-12-17 23:33:07,2025-12-19 00:30:40,UTC-05:00,2025-12-17 23:33:07,2025-12-18 06:44:52,84,16.6,411,431,191,84,136,20,477,0,95,74,false
2025-12-16 23:43:58,2025-12-17 23:33:07,UTC-05:00,2025-12-16 23:43:58,2025-12-17 09:14:28,84,16.5,535,570,257,114,164,35,455,0,93,68,false
2025-12-15 21:50:57,2025-12-16 23:43:58,UTC-05:00,2025-12-15 21:50:57,2025-12-16 07:37:44,83,16.6,553,586,291,97,165,33,503,46,94,61,false
2025-12-14 23:08:02,2025-12-15 21:50:57,UTC-05:00,2025-12-14 23:08:02,2025-12-15 05:45:19,78,16.7,380,397,192,101,87,17,474,0,95,59,false
2025-12-13 23:58:18,2025-12-14 23:08:02,UTC-05:00,2025-12-13 23:58:18,2025-12-14 08:19:14,96,16.8,481,500,249,106,126,19,453,0,96,86,false
2025-12-12 23:31:08,2025-12-13 23:58:18,UTC-05:00,2025-12-12 23:31:08,2025-12-13 09:15:40,90,17.3,539,584,285,83,171,45,452,0,92,80,false
2025-12-12 00:34:06,2025-12-12 23:31:08,UTC-05:00,2025-12-12 00:34:06,2025-12-12 08:52:01,92,16.6,485,497,200,114,171,12,469,16,97,81,false
2025-12-11 01:01:39,2025-12-12 00:34:06,UTC-05:00,2025-12-11 01:01:39,2025-12-11 08:25:06,87,16.9,419,443,237,88,94,24,452,0,94,78,false
2025-12-09 23:13:28,2025-12-11 01:01:39,UTC-05:00,2025-12-09 23:13:28,2025-12-10 08:15:44,86,16.6,465,542,252,63,150,77,452,0,85,81,false
2025-12-09 00:10:55,2025-12-09 23:13:28,UTC-05:00,2025-12-09 00:10:55,2025-12-09 08:49:10,92,16.5,485,518,262,101,122,33,459,0,93,80,false
2025-12-07 23:27:50,2025-12-09 00:10:55,UTC-05:00,2025-12-07 23:27:50,2025-12-08 08:05:40,86,16.2,491,517,278,116,97,26,422,22,95,69,false
2025-12-07 00:33:18,2025-12-07 23:27:50,UTC-05:00,2025-12-07 13:20:18,2025-12-07 14:16:54,26,16.7,52,56,15,37,0,4,474,22,92,,true
2025-12-07 00:33:18,2025-12-07 23:27:50,UTC-05:00,2025-12-07 00:33:18,2025-12-07 08:57:53,85,16.6,453,504,229,85,139,51,498,22,89,74,false
2025-12-04 23:41:31,2025-12-06 00:00:00,UTC-05:00,2025-12-04 23:41:31,2025-12-05 07:19:47,90,16.1,450,458,195,97,158,8,486,29,98,83,false
2025-12-03 23:42:41,2025-12-04 23:41:31,UTC-05:00,2025-12-03 23:42:41,2025-12-04 07:18:41,81,16.5,394,456,195,103,96,62,454,0,86,72,false
2025-12-03 00:28:10,2025-12-03 23:42:41,UTC-05:00,2025-12-03 00:28:10,2025-12-03 08:39:40,95,15.9,472,491,255,105,112,19,464,12,96,86,false
2025-12-02 00:54:38,2025-12-03 00:28:10,UTC-05:00,2025-12-02 00:54:38,2025-12-02 09:08:38,86,16.5,435,494,228,81,126,59,455,0,88,78,false
2025-11-30 23:26:06,2025-12-02 00:54:38,UTC-05:00,2025-11-30 23:26:06,2025-12-01 08:31:42,86,16.2,526,545,286,87,153,19,454,0,96,71,false
2025-11-30 00:12:34,2025-11-30 23:26:06,UTC-05:00,2025-11-30 00:12:34,2025-11-30 10:02:05,86,16.5,563,589,293,97,173,26,455,0,95,72,false
2025-11-29 00:27:04,2025-11-30 00:12:34,UTC-05:00,2025-11-29 00:27:04,2025-11-29 08:48:55,88,16.5,471,501,264,85,122,30,440,48,94,74,false
2025-11-28 00:07:04,2025-11-29 00:27:04,UTC-05:00,2025-11-28 13:57:03,2025-11-28 15:00:27,26,16.7,61,63,14,39,8,2,500,48,96,,true
2025-11-28 00:07:04,2025-11-29 00:27:04,UTC-05:00,2025-11-28 00:07:04,2025-11-28 07:49:46,85,16.2,439,462,243,72,124,23,515,26,94,79,false
2025-11-27 01:35:22,2025-11-28 00:07:04,UTC-05:00,2025-11-27 01:35:22,2025-11-27 08:38:56,86,15.0,410,423,200,93,117,13,452,0,96,76,false
2025-11-25 23:48:13,2025-11-27 01:35:22,UTC-05:00,2025-11-25 23:48:13,2025-11-26 08:56:10,86,16.0,524,547,337,88,99,23,453,0,95,69,false
2025-11-25 00:10:09,2025-11-25 23:48:13,UTC-05:00,2025-11-25 00:10:09,2025-11-25 09:05:57,83,16.0,511,535,259,100,152,24,505,52,95,60,false
2025-11-24 00:42:04,2025-11-25 00:10:09,UTC-05:00,2025-11-24 00:42:04,2025-11-24 08:14:34,76,16.3,410,452,211,89,110,42,492,39,90,55,false
2025-11-23 03:10:12,2025-11-24 00:42:04,UTC-05:00,2025-11-23 03:10:12,2025-11-23 10:28:39,60,16.6,406,438,186,97,123,32,486,33,92,56,false
2025-11-22 04:33:46,2025-11-23 03:10:12,UTC-05:00,2025-11-22 04:33:46,2025-11-22 11:29:33,44,16.1,399,415,180,122,97,16,466,8,96,31,false
2025-11-21 00:35:44,2025-11-22 04:33:46,UTC-05:00,2025-11-21 00:35:44,2025-11-21 08:39:03,89,15.5,438,483,238,81,119,45,451,0,90,78,false
2025-11-19 23:27:20,2025-11-21 00:35:44,UTC-05:00,2025-11-19 23:27:20,2025-11-20 07:42:22,85,14.9,475,495,297,88,90,20,452,0,96,70,false
2025-11-18 23:32:47,2025-11-19 23:27:20,UTC-05:00,2025-11-18 23:32:47,2025-11-19 08:33:26,84,15.5,519,540,296,91,132,21,477,20,96,65,false
2025-11-18 00:14:05,2025-11-18 23:32:47,UTC-05:00,2025-11-18 00:14:05,2025-11-18 08:56:29,80,15.5,459,522,251,91,117,63,500,42,88,60,false
2025-11-17 00:23:01,2025-11-18 00:14:05,UTC-05:00,2025-11-17 00:23:01,2025-11-17 06:47:42,75,15.4,366,384,183,92,91,18,451,0,95,37,false
2025-11-16 03:31:01,2025-11-17 00:23:01,UTC-05:00,2025-11-16 03:31:01,2025-11-16 12:29:28,76,15.6,528,538,217,106,205,10,507,11,98,28,false
2025-11-15 00:27:49,2025-11-16 03:31:01,UTC-05:00,2025-11-15 00:27:49,2025-11-15 09:01:19,83,15.3,452,513,295,48,109,61,475,6,88,70,false
2025-11-13 22:30:08,2025-11-15 00:27:49,UTC-05:00,2025-11-13 22:30:08,2025-11-14 07:09:36,88,15.7,504,519,272,88,144,15,514,61,97,75,false
2025-11-13 00:03:37,2025-11-13 22:30:08,UTC-05:00,2025-11-13 00:03:37,2025-11-13 07:28:37,86,15.8,434,445,223,94,117,11,530,42,97,85,false
2025-11-12 00:13:57,2025-11-13 00:03:37,UTC-05:00,2025-11-12 00:13:57,2025-11-12 07:14:44,79,15.4,399,420,211,81,107,21,483,28,95,73,false
2025-11-11 00:27:54,2025-11-12 00:13:57,UTC-05:00,2025-11-11 00:27:54,2025-11-11 08:15:45,84,16.1,422,467,257,76,89,45,467,0,90,74,false
2025-11-09 23:45:17,2025-11-11 00:27:54,UTC-05:00,2025-11-09 23:45:17,2025-11-10 08:47:47,89,15.8,524,542,248,95,181,18,452,0,96,75,false
2025-11-08 22:50:14,2025-11-09 23:45:17,UTC-05:00,2025-11-08 22:50:14,2025-11-09 10:07:53,85,15.9,667,677,365,84,218,10,480,12,98,66,false
2025-11-08 01:50:53,2025-11-08 22:50:14,UTC-05:00,2025-11-08 01:50:53,2025-11-08 09:35:20,82,15.9,439,464,233,82,124,25,458,0,94,59,false
2025-11-06 23:18:42,2025-11-08 01:50:53,UTC-05:00,2025-11-06 23:18:42,2025-11-07 07:41:42,91,15.9,473,503,260,87,126,30,452,0,94,81,false
2025-11-05 23:09:10,2025-11-06 23:18:42,UTC-05:00,2025-11-05 23:09:10,2025-11-06 08:25:33,83,16.1,487,556,280,80,127,69,457,4,87,67,false
2025-11-05 00:15:37,2025-11-05 23:09:10,UTC-05:00,2025-11-05 00:15:37,2025-11-05 08:39:37,83,15.2,488,504,300,91,97,16,496,43,97,61,false
2025-11-04 00:39:36,2025-11-05 00:15:37,UTC-05:00,2025-11-04 00:39:36,2025-11-04 07:42:36,78,15.8,404,423,254,77,73,19,472,0,95,50,false
2025-11-02 23:52:57,2025-11-04 00:39:36,UTC-05:00,2025-11-02 23:52:57,2025-11-03 08:44:48,77,16.0,512,531,348,62,102,19,411,69,96,28,false
2025-11-02 00:38:59,2025-11-02 23:52:57,UTC-05:00,2025-11-02 15:42:28,2025-11-02 17:36:28,20,16.5,110,114,35,38,37,4,522,69,97,,true
2025-11-01 04:11:04,2025-11-02 01:38:59,UTC-04:00,2025-11-01 04:11:04,2025-11-01 11:48:05,59,15.6,393,457,211,65,117,64,533,79,86,31,false
2025-10-31 01:24:32,2025-11-01 04:11:04,UTC-04:00,2025-10-31 01:24:32,2025-10-31 08:15:21,81,15.5,388,410,207,59,122,22,512,8,94,70,false
2025-10-29 22:50:49,2025-10-31 01:24:32,UTC-04:00,2025-10-29 22:50:49,2025-10-30 07:18:37,87,15.1,489,507,289,73,127,18,503,26,96,73,false
2025-10-29 00:32:19,2025-10-29 22:50:49,UTC-04:00,2025-10-29 00:32:19,2025-10-29 08:34:10,83,15.4,419,481,287,67,65,62,460,0,87,76,false
2025-10-27 22:51:07,2025-10-29 00:32:19,UTC-04:00,2025-10-27 22:51:07,2025-10-28 08:48:25,85,15.4,582,597,350,86,146,15,511,58,97,67,false
2025-10-26 23:09:19,2025-10-27 22:51:07,UTC-04:00,2025-10-26 23:09:19,2025-10-27 08:20:11,77,15.6,478,550,254,83,141,72,569,117,86,61,false
2025-10-26 02:59:01,2025-10-26 23:09:19,UTC-04:00,2025-10-26 02:59:01,2025-10-26 08:04:03,51,15.7,291,305,161,88,42,14,527,73,95,66,false
2025-10-25 01:39:26,2025-10-26 02:59:01,UTC-04:00,2025-10-25 01:39:26,2025-10-25 07:09:55,79,15.4,320,330,180,62,78,10,467,12,96,71,false
2025-10-24 01:02:54,2025-10-25 01:39:26,UTC-04:00,2025-10-24 01:02:54,2025-10-24 09:09:52,84,14.8,470,486,207,110,153,16,490,35,96,67,false
2025-10-23 00:02:39,2025-10-24 01:02:54,UTC-04:00,2025-10-23 00:02:39,2025-10-23 07:09:59,84,16.0,401,427,246,73,82,26,456,0,94,72,false
2025-10-21 23:22:06,2025-10-23 00:02:39,UTC-04:00,2025-10-21 23:22:06,2025-10-22 08:51:11,87,15.5,543,569,310,105,128,26,454,0,95,71,false
2025-10-20 23:28:46,2025-10-21 23:22:06,UTC-04:00,2025-10-20 23:28:46,2025-10-21 07:16:49,82,15.5,451,468,307,81,63,17,452,0,96,59,false
2025-10-19 23:17:49,2025-10-20 23:28:46,UTC-04:00,2025-10-19 23:17:49,2025-10-20 08:09:53,75,16.1,506,532,298,99,109,26,402,21,95,43,false
2025-10-19 01:59:42,2025-10-19 23:17:49,UTC-04:00,2025-10-19 14:09:45,2025-10-19 15:26:04,14,16.0,72,76,23,46,3,4,473,21,94,,true
2025-10-19 01:59:42,2025-10-19 23:17:49,UTC-04:00,2025-10-19 01:59:42,2025-10-19 10:47:39,68,16.0,440,527,226,98,116,87,483,0,83,40,false
2025-10-17 23:09:52,2025-10-19 01:59:42,UTC-04:00,2025-10-17 23:09:52,2025-10-18 08:38:55,82,16.0,554,569,304,77,173,15,455,61,97,57,false
2025-10-16 23:03:13,2025-10-17 23:09:52,UTC-04:00,2025-10-17 16:43:22,2025-10-17 17:45:51,19,16.6,58,62,21,30,7,4,514,61,93,,true
2025-10-15 23:03:13,2025-10-16 23:03:13,UTC-04:00,2025-10-15 23:03:13,2025-10-16 06:13:08,77,16.2,410,427,266,59,85,17,534,36,96,56,false
2025-10-15 01:43:24,2025-10-15 23:03:13,UTC-04:00,2025-10-15 01:43:24,2025-10-15 07:23:54,78,16.5,327,336,179,92,56,9,401,0,97,52,false
2025-10-13 23:31:20,2025-10-15 01:43:24,UTC-04:00,2025-10-14 13:49:00,2025-10-14 14:49:00,21,17.2,51,60,24,19,8,9,450,0,85,,true
2025-10-13 23:31:20,2025-10-15 01:43:24,UTC-04:00,2025-10-13 23:31:20,2025-10-14 08:17:51,85,16.2,495,526,273,94,128,31,416,6,94,66,false
2025-10-12 23:09:58,2025-10-13 23:31:20,UTC-04:00,2025-10-13 16:05:48,2025-10-13 17:20:48,24,16.5,67,71,17,46,4,4,483,6,93,,true
2025-10-12 23:09:58,2025-10-13 23:31:20,UTC-04:00,2025-10-12 23:09:58,2025-10-13 08:24:27,83,16.1,510,545,313,98,99,35,520,67,93,61,false
2025-10-12 01:57:56,2025-10-12 23:09:58,UTC-04:00,2025-10-12 01:57:56,2025-10-12 07:49:57,71,17.5,324,352,135,88,101,28,459,0,92,55,false
2025-10-11 00:14:55,2025-10-12 01:57:56,UTC-04:00,2025-10-11 00:14:55,2025-10-11 10:04:06,80,17.1,541,584,267,82,192,43,386,39,92,49,false
2025-10-10 00:39:52,2025-10-11 00:14:55,UTC-04:00,2025-10-10 15:35:00,2025-10-10 18:00:00,11,16.6,104,145,48,24,32,41,489,39,72,,true
2025-10-10 00:39:52,2025-10-11 00:14:55,UTC-04:00,2025-10-10 00:39:52,2025-10-10 08:04:22,79,16.3,385,442,209,76,100,57,464,11,87,70,false
2025-10-08 22:52:25,2025-10-10 00:39:52,UTC-04:00,2025-10-08 22:52:25,2025-10-09 06:55:06,81,16.2,473,482,316,67,90,9,496,0,98,57,false
2025-10-08 00:26:53,2025-10-08 22:52:25,UTC-04:00,2025-10-08 00:26:53,2025-10-08 09:19:24,84,16.7,520,532,331,105,84,12,429,19,98,67,false
2025-10-06 22:54:31,2025-10-08 00:26:53,UTC-04:00,2025-10-07 15:55:00,2025-10-07 17:00:00,1,17.4,42,65,10,31,1,23,471,19,68,,true
2025-10-06 22:54:31,2025-10-08 00:26:53,UTC-04:00,2025-10-06 22:54:31,2025-10-07 08:44:20,85,16.9,514,589,311,86,117,75,545,92,87,,false
2025-10-06 01:36:59,2025-10-06 22:54:31,UTC-04:00,2025-10-06 01:36:59,2025-10-06 08:52:40,82,16.0,415,431,183,94,138,16,559,78,96,,false
2025-10-02 02:19:31,2025-10-02 22:43:59,UTC-04:00,2025-10-02 02:19:31,2025-10-02 07:38:02,75,15.8,297,313,151,85,61,16,454,0,95,60,false
2025-09-30 22:43:59,2025-10-02 02:19:31,UTC-04:00,2025-09-30 22:43:59,2025-10-01 07:31:30,83,14.7,503,526,254,113,136,23,452,0,95,58,false
2025-09-30 00:07:23,2025-09-30 22:43:59,UTC-04:00,2025-09-30 00:07:23,2025-09-30 08:33:16,84,14.7,475,502,286,68,121,27,457,0,94,63,false
2025-09-28 23:30:22,2025-09-30 00:07:23,UTC-04:00,2025-09-28 23:30:22,2025-09-29 07:59:32,79,15.4,488,509,249,78,161,21,462,127,95,43,false
2025-09-28 02:59:21,2025-09-28 23:30:22,UTC-04:00,2025-09-28 17:17:00,2025-09-28 19:30:00,23,16.0,120,133,59,45,16,13,581,127,90,,true
2025-09-28 02:59:21,2025-09-28 23:30:22,UTC-04:00,2025-09-28 02:59:21,2025-09-28 09:26:51,73,15.5,352,387,154,60,138,35,576,112,91,66,false
2025-09-26 00:44:11,2025-09-28 02:59:21,UTC-04:00,2025-09-26 00:44:11,2025-09-26 07:51:11,74,16.6,374,424,231,57,86,50,549,82,88,66,false
2025-09-25 00:28:40,2025-09-26 00:44:11,UTC-04:00,2025-09-25 00:28:40,2025-09-25 09:02:23,79,16.0,501,512,257,96,148,11,630,118,97,61,false
2025-09-24 03:10:16,2025-09-25 00:28:40,UTC-04:00,2025-09-24 03:10:16,2025-09-24 08:59:16,76,16.7,343,349,154,70,119,6,527,69,98,66,false
2025-09-23 02:16:30,2025-09-24 03:10:16,UTC-04:00,2025-09-23 02:16:30,2025-09-23 10:03:31,77,16.1,412,467,218,96,98,55,519,67,88,57,false
2025-09-22 01:57:09,2025-09-23 02:16:30,UTC-04:00,2025-09-22 01:57:09,2025-09-22 09:18:32,68,16.6,374,441,210,58,106,67,508,113,84,38,false
2025-09-21 06:03:56,2025-09-22 01:57:09,UTC-04:00,2025-09-21 14:50:07,2025-09-21 16:02:37,12,18.1,57,69,30,18,9,12,564,113,82,,true
2025-09-21 06:03:56,2025-09-22 01:57:09,UTC-04:00,2025-09-21 06:03:56,2025-09-21 11:03:56,55,15.6,279,296,142,93,44,17,506,127,94,24,false
2025-09-20 00:33:39,2025-09-21 06:03:56,UTC-04:00,2025-09-20 06:32:09,2025-09-20 08:53:39,25,16.1,131,141,70,38,23,10,577,127,92,,true
2025-09-20 00:33:39,2025-09-21 06:03:56,UTC-04:00,2025-09-20 00:33:39,2025-09-20 04:31:09,53,16.2,227,237,109,76,42,10,490,3,95,76,false
2025-09-18 23:00:02,2025-09-20 00:33:39,UTC-04:00,2025-09-18 23:00:02,2025-09-19 07:14:33,88,16.1,480,494,308,61,111,14,485,32,97,75,false
2025-09-17 23:40:04,2025-09-18 23:00:02,UTC-04:00,2025-09-17 23:40:04,2025-09-18 07:49:21,82,16.4,475,486,223,88,164,11,526,73,97,65,false
2025-09-16 23:16:03,2025-09-17 23:40:04,UTC-04:00,2025-09-16 23:16:03,2025-09-17 07:00:02,76,15.8,450,463,205,109,136,13,565,112,97,47,false
2025-09-16 02:49:18,2025-09-16 23:16:03,UTC-04:00,2025-09-16 02:49:18,2025-09-16 08:18:08,65,15.9,298,323,154,73,71,25,523,70,92,49,false
2025-09-14 23:15:22,2025-09-16 02:49:18,UTC-04:00,2025-09-14 23:15:22,2025-09-15 05:54:23,71,17.1,382,398,235,83,64,16,524,127,95,27,false
2025-09-14 04:02:23,2025-09-14 23:15:22,UTC-04:00,2025-09-14 14:44:04,2025-09-14 15:45:34,23,16.7,56,61,16,40,0,5,579,127,92,,true
2025-09-14 04:02:23,2025-09-14 23:15:22,UTC-04:00,2025-09-14 04:02:23,2025-09-14 09:50:53,55,16.5,295,346,170,59,66,51,565,73,85,58,false
2025-09-12 02:53:50,2025-09-14 04:02:23,UTC-04:00,2025-09-12 02:53:50,2025-09-12 10:28:49,71,15.5,425,448,227,105,93,23,572,108,94,46,false
2025-09-11 00:11:54,2025-09-12 02:53:50,UTC-04:00,2025-09-11 00:11:54,2025-09-11 06:07:24,71,16.6,334,352,118,120,96,18,552,84,95,62,false
2025-09-10 02:04:26,2025-09-11 00:11:54,UTC-04:00,2025-09-10 02:04:26,2025-09-10 08:31:26,77,15.5,366,385,186,76,104,19,535,69,95,69,false
2025-09-08 23:10:30,2025-09-10 02:04:26,UTC-04:00,2025-09-08 23:10:30,2025-09-09 07:04:58,77,15.6,429,469,217,103,109,40,568,74,92,56,false
2025-09-08 01:43:30,2025-09-08 23:10:30,UTC-04:00,2025-09-08 01:43:30,2025-09-08 08:05:13,78,15.8,349,376,171,75,103,27,498,35,92,62,false
2025-09-07 01:46:08,2025-09-08 01:43:30,UTC-04:00,2025-09-07 01:46:08,2025-09-07 08:48:20,76,16.0,391,411,195,104,92,20,462,0,95,44,false
2025-09-05 23:10:44,2025-09-07 01:46:08,UTC-04:00,2025-09-05 23:10:44,2025-09-06 10:40:07,79,15.9,664,688,334,81,249,24,368,16,96,43,false
2025-09-04 22:53:12,2025-09-05 23:10:44,UTC-04:00,2025-09-05 17:43:12,2025-09-05 19:30:12,16,15.9,101,104,31,41,29,3,470,16,96,,true
2025-09-03 22:53:32,2025-09-04 22:53:12,UTC-04:00,2025-09-03 22:53:32,2025-09-04 06:45:44,84,15.6,428,471,276,60,92,43,453,0,90,75,false
2025-09-02 22:53:12,2025-09-03 22:53:32,UTC-04:00,2025-09-02 22:53:12,2025-09-03 06:59:42,84,16.2,466,486,300,84,82,20,457,0,95,63,false
2025-09-01 22:47:50,2025-09-02 22:53:12,UTC-04:00,2025-09-01 22:47:50,2025-09-02 07:45:45,81,16.5,528,532,282,89,157,4,452,0,99,55,false
2025-09-01 00:09:47,2025-09-01 22:47:50,UTC-04:00,2025-09-01 00:09:47,2025-09-01 10:31:17,86,16.3,588,619,417,62,109,31,489,0,94,74,false
2025-08-31 00:11:28,2025-09-01 00:09:47,UTC-04:00,2025-08-31 00:11:28,2025-08-31 09:25:55,65,16.9,507,539,301,95,111,32,395,0,94,68,false
2025-08-30 00:57:56,2025-08-31 00:11:28,UTC-04:00,2025-08-30 14:30:28,2025-08-30 15:34:28,22,15.8,60,63,24,31,5,3,452,0,95,,true
2025-08-30 00:57:56,2025-08-31 00:11:28,UTC-04:00,2025-08-30 00:57:56,2025-08-30 09:36:33,71,16.3,466,513,248,88,130,47,463,0,92,63,false
2025-08-28 23:40:01,2025-08-30 00:57:56,UTC-04:00,2025-08-28 23:40:01,2025-08-29 08:44:32,89,15.6,538,544,290,83,165,6,507,0,98,76,false
2025-08-27 22:50:39,2025-08-28 23:40:01,UTC-04:00,2025-08-27 22:50:39,2025-08-28 07:52:12,93,15.4,514,536,326,85,103,22,474,19,95,82,false
2025-08-26 23:08:07,2025-08-27 22:50:39,UTC-04:00,2025-08-26 23:08:07,2025-08-27 06:59:38,91,15.2,465,471,281,96,88,6,496,0,99,84,false
2025-08-25 23:15:08,2025-08-26 23:08:07,UTC-04:00,2025-08-25 23:15:08,2025-08-26 07:06:56,91,15.9,457,471,240,83,134,14,454,0,97,79,false
2025-08-24 23:51:20,2025-08-25 23:15:08,UTC-04:00,2025-08-24 23:51:20,2025-08-25 07:33:20,88,15.9,453,461,265,70,118,8,408,18,99,73,false
2025-08-23 23:35:49,2025-08-24 23:51:20,UTC-04:00,2025-08-24 15:46:48,2025-08-24 16:57:48,21,16.4,65,68,25,40,0,3,473,18,98,,true
2025-08-23 23:35:49,2025-08-24 23:51:20,UTC-04:00,2025-08-23 23:35:49,2025-08-24 08:12:03,86,15.8,500,511,275,84,141,11,528,74,97,75,false
2025-08-21 23:11:19,2025-08-23 00:00:00,UTC-04:00,2025-08-21 23:11:19,2025-08-22 06:36:45,81,15.8,418,442,263,57,98,24,568,58,98,77,false
2025-08-20 23:58:37,2025-08-21 23:11:19,UTC-04:00,2025-08-20 23:58:37,2025-08-21 06:30:38,80,15.5,352,389,191,70,91,37,468,8,90,69,false
2025-08-19 22:20:53,2025-08-20 23:58:37,UTC-04:00,2025-08-19 22:20:53,2025-08-20 07:10:25,83,15.7,509,529,347,71,91,20,526,33,96,61,false
2025-08-19 01:59:30,2025-08-19 22:20:53,UTC-04:00,2025-08-19 01:59:30,2025-08-19 08:41:23,82,15.6,396,400,192,87,117,4,462,9,99,68,false
2025-08-17 23:35:30,2025-08-19 01:59:30,UTC-04:00,2025-08-17 23:35:30,2025-08-18 07:50:32,94,15.9,476,494,244,98,134,18,491,23,96,86,false
2025-08-17 00:28:08,2025-08-17 23:35:30,UTC-04:00,2025-08-17 00:28:08,2025-08-17 07:52:42,86,15.9,423,443,216,91,116,20,461,0,95,77,false
2025-08-15 23:41:04,2025-08-17 00:28:08,UTC-04:00,2025-08-15 23:41:04,2025-08-16 08:48:35,91,15.6,535,547,309,72,154,12,468,0,97,80,false
2025-08-14 22:58:33,2025-08-15 23:41:04,UTC-04:00,2025-08-14 22:58:33,2025-08-15 08:24:11,88,15.6,554,563,286,76,192,9,511,54,98,75,false
2025-08-13 23:22:14,2025-08-14 22:58:33,UTC-04:00,2025-08-13 23:22:14,2025-08-14 06:18:00,80,15.8,398,415,223,75,100,17,482,29,95,63,false
2025-08-12 23:30:40,2025-08-13 23:22:14,UTC-04:00,2025-08-12 23:30:40,2025-08-13 07:39:41,80,16.2,471,489,252,99,120,18,516,0,96,63,false
2025-08-11 22:50:04,2025-08-12 23:30:40,UTC-04:00,2025-08-11 22:50:04,2025-08-12 08:14:29,78,16.5,513,561,313,65,135,48,511,42,92,51,false
2025-08-11 01:44:47,2025-08-11 22:50:04,UTC-04:00,2025-08-11 01:44:47,2025-08-11 08:01:05,77,16.8,366,371,208,85,73,5,452,0,99,55,false
2025-08-10 02:41:40,2025-08-11 01:44:47,UTC-04:00,2025-08-10 02:41:40,2025-08-10 12:12:41,57,16.5,550,567,355,97,98,17,521,0,96,37,false
2025-08-08 23:40:57,2025-08-10 02:41:40,UTC-04:00,2025-08-08 23:40:57,2025-08-09 10:25:53,68,15.2,581,640,372,77,132,59,540,35,90,64,false
2025-08-08 00:01:24,2025-08-08 23:40:57,UTC-04:00,2025-08-08 00:01:24,2025-08-08 07:19:54,84,15.5,422,438,188,100,134,16,494,31,96,76,false
2025-08-06 23:37:46,2025-08-08 00:01:24,UTC-04:00,2025-08-06 23:37:46,2025-08-07 06:29:45,80,15.2,394,411,225,78,91,17,458,0,95,59,false
2025-08-05 22:59:54,2025-08-06 23:37:46,UTC-04:00,2025-08-05 22:59:54,2025-08-06 08:42:15,83,15.5,550,577,328,110,112,27,453,0,95,58,false
2025-08-04 23:16:15,2025-08-05 22:59:54,UTC-04:00,2025-08-04 23:16:15,2025-08-05 08:26:43,79,16.2,531,550,319,92,120,19,451,0,96,44,false
2025-08-04 01:23:16,2025-08-04 23:16:15,UTC-04:00,2025-08-04 01:23:16,2025-08-04 10:08:48,100,15.8,502,524,282,103,117,22,465,0,95,,false
2025-08-02 00:44:08,2025-08-03 00:00:00,UTC-04:00,2025-08-02 00:44:08,2025-08-02 10:37:04,81,15.5,578,592,308,90,180,14,465,13,97,53,false
2025-07-30 23:08:09,2025-08-01 00:00:00,UTC-04:00,2025-07-30 23:08:09,2025-07-31 07:03:17,88,15.3,445,471,271,83,91,26,472,3,94,79,false
2025-07-29 23:40:17,2025-07-30 23:08:09,UTC-04:00,2025-07-29 23:40:17,2025-07-30 07:49:47,93,15.3,463,485,250,93,120,22,467,0,95,84,false
2025-07-28 23:30:09,2025-07-29 23:40:17,UTC-04:00,2025-07-28 23:30:09,2025-07-29 07:37:39,88,15.1,466,482,259,83,124,16,452,0,96,74,false
2025-07-27 23:18:06,2025-07-28 23:30:09,UTC-04:00,2025-07-27 23:18:06,2025-07-28 08:39:18,91,15.4,522,561,344,74,104,39,457,0,93,79,false
2025-07-27 00:19:42,2025-07-27 23:18:06,UTC-04:00,2025-07-27 00:19:42,2025-07-27 09:41:43,93,15.3,546,561,270,88,188,15,456,0,97,82,false
2025-07-26 00:24:52,2025-07-27 00:19:42,UTC-04:00,2025-07-26 00:24:52,2025-07-26 09:37:54,87,15.3,538,551,287,103,148,13,455,0,98,72,false
2025-07-24 22:20:34,2025-07-26 00:24:52,UTC-04:00,2025-07-24 22:20:34,2025-07-25 09:00:34,84,16.3,607,637,347,107,153,30,508,0,95,75,false
2025-07-23 23:35:19,2025-07-24 22:20:34,UTC-04:00,2025-07-23 23:35:19,2025-07-24 08:09:51,91,15.4,502,514,291,88,123,12,467,0,97,81,false
2025-07-22 23:26:14,2025-07-23 23:35:19,UTC-04:00,2025-07-22 23:26:14,2025-07-23 08:59:33,86,15.6,557,573,304,100,153,16,493,34,97,70,false
2025-07-21 23:54:34,2025-07-22 23:26:14,UTC-04:00,2025-07-21 23:54:34,2025-07-22 06:39:17,79,15.8,384,404,186,87,111,20,453,0,96,58,false
2025-07-20 22:58:04,2025-07-21 23:54:34,UTC-04:00,2025-07-20 22:58:04,2025-07-21 08:15:05,83,15.9,528,557,257,95,176,29,453,0,94,60,false
2025-07-20 00:06:31,2025-07-20 22:58:04,UTC-04:00,2025-07-20 00:06:31,2025-07-20 10:00:28,84,15.8,583,593,385,61,137,10,456,0,98,63,false
2025-07-19 02:45:59,2025-07-20 00:06:31,UTC-04:00,2025-07-19 02:45:59,2025-07-19 11:19:19,79,15.1,507,513,259,84,164,6,463,2,98,45,false
2025-07-18 00:08:25,2025-07-19 02:45:59,UTC-04:00,2025-07-18 00:08:25,2025-07-18 08:04:45,97,15.6,464,476,225,105,134,12,469,10,97,90,false
2025-07-17 00:09:08,2025-07-18 00:08:25,UTC-04:00,2025-07-17 00:09:08,2025-07-17 08:40:12,89,16.0,493,509,287,71,135,16,508,7,96,78,false
2025-07-15 23:53:11,2025-07-17 00:09:08,UTC-04:00,2025-07-15 23:53:11,2025-07-16 08:16:25,82,16.1,479,503,228,85,166,24,491,0,95,61,false
2025-07-15 00:36:36,2025-07-15 23:53:11,UTC-04:00,2025-07-15 00:36:36,2025-07-15 08:44:36,82,16.1,476,487,218,100,158,11,462,9,97,54,false
2025-07-14 01:03:43,2025-07-15 00:36:36,UTC-04:00,2025-07-14 01:03:43,2025-07-14 08:53:43,79,16.3,460,470,244,84,132,10,480,91,97,44,false
2025-07-12 04:11:51,2025-07-14 01:03:43,UTC-04:00,2025-07-12 15:14:21,2025-07-12 16:45:51,14,16.4,85,91,24,34,27,6,546,91,93,,true
2025-07-12 04:11:51,2025-07-14 01:03:43,UTC-04:00,2025-07-12 04:11:51,2025-07-12 10:07:22,60,15.8,337,353,157,104,76,16,520,9,96,36,false
2025-07-11 00:13:24,2025-07-12 04:11:51,UTC-04:00,2025-07-11 00:13:24,2025-07-11 08:04:11,92,15.9,451,466,224,93,134,15,465,13,96,82,false
2025-07-09 23:40:23,2025-07-11 00:13:24,UTC-04:00,2025-07-09 23:40:23,2025-07-10 07:46:53,89,15.7,463,483,257,88,118,20,483,0,95,79,false
2025-07-08 22:36:52,2025-07-09 23:40:23,UTC-04:00,2025-07-08 22:36:52,2025-07-09 08:14:11,84,15.6,556,577,265,113,178,21,481,6,96,73,false
2025-07-07 22:37:54,2025-07-08 22:36:52,UTC-04:00,2025-07-07 22:37:54,2025-07-08 06:44:55,82,15.4,470,486,229,115,126,16,483,24,96,60,false
2025-07-07 00:18:18,2025-07-07 22:37:54,UTC-04:00,2025-07-07 00:18:18,2025-07-07 07:35:00,85,14.8,402,428,223,104,75,26,451,0,93,75,false
2025-07-06 00:54:47,2025-07-07 00:18:18,UTC-04:00,2025-07-06 00:54:47,2025-07-06 09:37:48,85,15.7,514,521,294,72,148,7,486,0,98,67,false
2025-07-04 23:18:55,2025-07-06 00:54:47,UTC-04:00,2025-07-04 23:18:55,2025-07-05 08:14:56,94,15.7,502,535,289,82,131,33,464,0,93,83,false
2025-07-03 23:54:25,2025-07-04 23:18:55,UTC-04:00,2025-07-03 23:54:25,2025-07-04 08:42:25,90,15.4,503,525,265,92,146,22,470,15,95,77,false
2025-07-02 23:03:22,2025-07-03 23:54:25,UTC-04:00,2025-07-02 23:03:22,2025-07-03 06:51:20,78,16.1,455,466,317,73,65,11,487,0,97,56,false
2025-07-01 23:30:37,2025-07-02 23:03:22,UTC-04:00,2025-07-01 23:30:37,2025-07-02 08:36:50,84,16.2,528,545,316,104,108,17,477,0,96,70,false
2025-06-30 23:44:19,2025-07-01 23:30:37,UTC-04:00,2025-06-30 23:44:19,2025-07-01 09:33:37,86,17.0,546,585,335,94,117,39,470,0,93,69,false
2025-06-30 01:03:16,2025-06-30 23:44:19,UTC-04:00,2025-06-30 01:03:16,2025-06-30 11:23:48,82,15.3,582,620,376,68,138,38,502,0,93,57,false
2025-06-28 00:09:59,2025-06-30 01:03:16,UTC-04:00,2025-06-28 00:09:59,2025-06-28 09:27:32,88,15.4,536,556,299,120,117,20,464,4,96,73,false
2025-06-26 23:52:10,2025-06-28 00:09:59,UTC-04:00,2025-06-26 23:52:10,2025-06-27 07:59:41,95,15.1,476,484,262,72,142,8,483,27,98,85,false
2025-06-25 23:16:38,2025-06-26 23:52:10,UTC-04:00,2025-06-25 23:16:38,2025-06-26 06:33:38,85,15.1,421,430,247,82,92,9,477,0,97,76,false
2025-06-24 23:31:24,2025-06-25 23:16:38,UTC-04:00,2025-06-24 23:31:24,2025-06-25 08:23:00,100,15.4,510,528,275,104,131,18,463,0,96,91,false
2025-06-23 23:36:19,2025-06-24 23:31:24,UTC-04:00,2025-06-23 23:36:19,2025-06-24 08:22:51,94,15.0,504,520,249,98,157,16,477,0,97,85,false
2025-06-22 23:28:55,2025-06-23 23:36:19,UTC-04:00,2025-06-22 23:28:55,2025-06-23 07:32:05,90,14.6,454,480,283,78,93,26,452,0,94,77,false
2025-06-21 23:09:56,2025-06-22 23:28:55,UTC-04:00,2025-06-21 23:09:56,2025-06-22 09:34:14,93,15.8,599,621,342,90,167,22,492,0,96,82,false
2025-06-20 23:32:19,2025-06-21 23:09:56,UTC-04:00,2025-06-20 23:32:19,2025-06-21 09:31:35,88,15.2,574,593,352,80,142,19,464,3,96,73,false
2025-06-20 00:32:37,2025-06-20 23:32:19,UTC-04:00,2025-06-20 00:32:37,2025-06-20 08:18:52,86,15.0,444,466,215,104,125,22,452,0,95,71,false
2025-06-18 23:21:18,2025-06-20 00:32:37,UTC-04:00,2025-06-18 23:21:18,2025-06-19 08:01:43,91,14.6,498,518,254,87,157,20,467,0,96,79,false
2025-06-17 22:39:42,2025-06-18 23:21:18,UTC-04:00,2025-06-17 22:39:42,2025-06-18 07:58:58,91,15.5,535,555,280,104,151,20,475,18,96,79,false
2025-06-16 22:35:40,2025-06-17 22:39:42,UTC-04:00,2025-06-16 22:35:40,2025-06-17 05:59:41,87,14.9,429,443,203,81,145,14,467,0,96,78,false
2025-06-15 22:25:12,2025-06-16 22:35:40,UTC-04:00,2025-06-15 22:25:12,2025-06-16 06:15:50,87,15.2,460,469,254,99,107,9,453,0,98,72,false
2025-06-14 23:46:23,2025-06-15 22:25:12,UTC-04:00,2025-06-14 23:46:23,2025-06-15 08:16:25,92,15.6,493,508,228,94,171,15,483,0,97,80,false
2025-06-13 22:13:24,2025-06-14 23:46:23,UTC-04:00,2025-06-13 22:13:24,2025-06-14 08:18:42,92,14.6,574,601,333,92,149,27,464,0,95,81,false
2025-06-12 22:35:50,2025-06-13 22:13:24,UTC-04:00,2025-06-12 22:35:50,2025-06-13 06:59:00,95,14.9,480,503,317,69,94,23,476,0,95,85,false
2025-06-11 23:05:49,2025-06-12 22:35:50,UTC-04:00,2025-06-11 23:05:49,2025-06-12 07:52:00,98,14.8,511,526,276,123,112,15,452,0,97,90,false
2025-06-10 23:10:49,2025-06-11 23:05:49,UTC-04:00,2025-06-10 23:10:49,2025-06-11 07:50:50,95,15.4,501,518,267,98,136,17,461,4,96,84,false
2025-06-09 22:29:32,2025-06-10 23:10:49,UTC-04:00,2025-06-09 22:29:32,2025-06-10 06:40:41,87,15.1,460,489,317,76,67,29,468,0,94,73,false
2025-06-08 22:42:20,2025-06-09 22:29:32,UTC-04:00,2025-06-08 22:42:20,2025-06-09 07:52:24,92,14.8,523,548,344,58,121,25,454,0,95,81,false
2025-06-07 23:02:56,2025-06-08 22:42:20,UTC-04:00,2025-06-07 23:02:56,2025-06-08 08:56:02,95,15.0,557,592,330,74,153,35,457,0,94,84,false
2025-06-06 22:50:08,2025-06-07 23:02:56,UTC-04:00,2025-06-06 22:50:08,2025-06-07 09:31:22,85,15.3,623,641,342,101,180,18,462,9,97,73,false
2025-06-04 22:36:33,2025-06-06 00:00:00,UTC-04:00,2025-06-04 22:36:33,2025-06-05 06:32:43,87,15.2,452,474,302,82,68,22,467,0,95,75,false
2025-06-03 22:55:23,2025-06-04 22:36:33,UTC-04:00,2025-06-03 22:55:23,2025-06-04 08:29:50,87,15.5,541,571,288,74,179,30,469,16,94,76,false
2025-06-02 23:21:24,2025-06-03 22:55:23,UTC-04:00,2025-06-02 23:21:24,2025-06-03 07:34:18,69,16.0,454,491,236,97,121,37,486,32,92,72,false
2025-06-01 22:48:24,2025-06-02 23:21:24,UTC-04:00,2025-06-01 22:48:24,2025-06-02 05:40:23,80,14.8,403,409,238,80,85,6,467,0,98,58,false
2025-05-31 23:05:02,2025-06-01 22:48:24,UTC-04:00,2025-05-31 23:05:02,2025-06-01 09:25:35,87,14.8,606,618,384,75,147,12,461,0,98,72,false
2025-05-31 00:35:20,2025-05-31 23:05:02,UTC-04:00,2025-05-31 00:35:20,2025-05-31 09:54:52,74,15.7,557,559,288,117,152,2,468,11,99,56,false
2025-05-29 23:01:12,2025-05-31 00:35:20,UTC-04:00,2025-05-29 23:01:12,2025-05-30 07:14:41,97,15.1,469,481,184,119,166,12,487,28,97,91,false
2025-05-28 22:48:42,2025-05-29 23:01:12,UTC-04:00,2025-05-28 22:48:42,2025-05-29 07:13:32,90,15.4,459,497,279,96,84,38,503,0,95,84,false
2025-05-27 22:34:19,2025-05-28 22:48:42,UTC-04:00,2025-05-27 22:34:19,2025-05-28 07:59:19,90,15.0,549,561,289,98,162,12,467,0,97,78,false
2025-05-26 23:08:59,2025-05-27 22:34:19,UTC-04:00,2025-05-26 23:08:59,2025-05-27 07:32:19,90,14.8,482,496,265,74,143,14,468,11,97,77,false
2025-05-25 23:40:29,2025-05-26 23:08:59,UTC-04:00,2025-05-25 23:40:29,2025-05-26 07:18:36,83,15.7,434,453,222,103,109,19,457,0,95,69,false
2025-05-25 00:45:26,2025-05-25 23:40:29,UTC-04:00,2025-05-25 00:45:26,2025-05-25 09:27:28,77,15.6,508,517,259,96,153,9,482,0,98,49,false
2025-05-23 22:08:39,2025-05-25 00:45:26,UTC-04:00,2025-05-23 22:08:39,2025-05-24 07:59:20,91,14.9,563,590,340,106,117,27,485,11,95,79,false
2025-05-22 22:02:31,2025-05-23 22:08:39,UTC-04:00,2025-05-22 22:02:31,2025-05-23 06:01:53,93,15.1,464,477,304,66,94,13,481,0,97,87,false
2025-05-21 22:20:06,2025-05-22 22:02:31,UTC-04:00,2025-05-21 22:20:06,2025-05-22 07:02:13,89,15.3,498,519,290,117,91,21,473,16,96,80,false
2025-05-20 22:01:48,2025-05-21 22:20:06,UTC-04:00,2025-05-20 22:01:48,2025-05-21 06:10:47,84,15.3,467,483,289,91,87,16,492,14,96,67,false
2025-05-19 22:20:36,2025-05-20 22:01:48,UTC-04:00,2025-05-19 22:20:36,2025-05-20 05:59:38,81,14.8,449,459,284,71,94,10,472,0,97,55,false
2025-05-18 22:34:19,2025-05-19 22:20:36,UTC-04:00,2025-05-18 22:34:19,2025-05-19 08:08:43,86,14.5,545,570,286,80,179,25,480,0,95,69,false
2025-05-17 23:23:46,2025-05-18 22:34:19,UTC-04:00,2025-05-17 23:23:46,2025-05-18 09:10:21,83,15.4,559,582,324,66,169,23,394,0,96,61,false
2025-05-16 23:14:51,2025-05-17 23:23:46,UTC-04:00,2025-05-17 14:05:00,2025-05-17 15:33:00,24,16.7,82,88,11,48,23,6,468,0,97,,true
2025-05-16 23:14:51,2025-05-17 23:23:46,UTC-04:00,2025-05-16 23:14:51,2025-05-17 08:28:10,83,15.2,536,546,304,113,119,10,477,3,98,62,false
2025-05-16 01:34:41,2025-05-16 23:14:51,UTC-04:00,2025-05-16 01:34:41,2025-05-16 09:45:29,71,15.6,482,490,256,96,130,8,490,26,98,47,false
2025-05-14 22:10:42,2025-05-16 01:34:41,UTC-04:00,2025-05-14 22:10:42,2025-05-15 06:18:25,79,15.2,443,483,261,98,84,40,497,0,91,57,false
2025-05-13 23:52:41,2025-05-14 22:10:42,UTC-04:00,2025-05-13 23:52:41,2025-05-14 08:49:55,76,15.5,516,531,296,87,133,15,510,39,97,60,false
2025-05-12 22:45:07,2025-05-13 23:52:41,UTC-04:00,2025-05-12 22:45:07,2025-05-13 05:59:38,75,15.5,417,434,243,94,80,17,497,22,96,43,false
2025-05-11 23:39:14,2025-05-12 22:45:07,UTC-04:00,2025-05-11 23:39:14,2025-05-12 07:53:55,78,15.6,455,492,247,82,126,37,501,34,92,46,false
2025-05-11 04:31:13,2025-05-11 23:39:14,UTC-04:00,2025-05-11 04:31:13,2025-05-11 11:34:12,69,15.1,418,422,191,105,122,4,487,0,98,25,false
2025-05-09 22:12:32,2025-05-11 04:31:13,UTC-04:00,2025-05-09 22:12:32,2025-05-10 08:52:18,85,14.6,615,636,389,89,137,21,506,32,96,69,false
2025-05-09 00:40:21,2025-05-09 22:12:32,UTC-04:00,2025-05-09 00:40:21,2025-05-09 08:11:54,66,15.2,431,451,243,71,117,20,497,25,95,65,false
2025-05-07 22:31:27,2025-05-09 00:40:21,UTC-04:00,2025-05-07 22:31:27,2025-05-08 06:31:20,86,14.8,460,478,249,85,126,18,511,0,96,77,false
2025-05-06 23:23:19,2025-05-07 22:31:27,UTC-04:00,2025-05-06 23:23:19,2025-05-07 07:44:11,88,14.5,477,495,289,82,106,18,472,0,96,73,false
2025-05-05 22:22:41,2025-05-06 23:23:19,UTC-04:00,2025-05-05 22:22:41,2025-05-06 06:46:19,100,14.6,478,496,235,101,142,18,468,4,96,76,false
2025-05-04 22:07:56,2025-05-05 22:22:41,UTC-04:00,2025-05-04 22:07:56,2025-05-05 06:45:40,98,14.9,492,517,273,93,126,25,500,25,95,58,false
2025-05-04 01:25:34,2025-05-04 22:07:56,UTC-04:00,2025-05-04 01:25:34,2025-05-04 09:06:32,90,14.9,454,460,194,109,151,6,505,13,98,47,false
2025-05-02 23:00:07,2025-05-04 01:25:34,UTC-04:00,2025-05-02 23:00:07,2025-05-03 06:48:42,96,15.1,460,466,257,82,121,6,482,0,98,90,false
2025-05-01 21:44:51,2025-05-02 23:00:07,UTC-04:00,2025-05-01 21:44:51,2025-05-02 06:42:59,100,14.7,520,535,352,97,71,15,499,22,97,86,false
2025-04-30 22:44:12,2025-05-01 21:44:51,UTC-04:00,2025-04-30 22:44:12,2025-05-01 06:42:23,91,14.9,466,475,296,80,90,9,511,8,98,91,false
2025-04-29 22:40:39,2025-04-30 22:44:12,UTC-04:00,2025-04-29 22:40:39,2025-04-30 06:40:33,97,15.1,455,479,241,94,120,24,468,0,95,78,false
2025-04-28 22:34:03,2025-04-29 22:40:39,UTC-04:00,2025-04-28 22:34:03,2025-04-29 06:40:00,100,14.8,467,485,274,97,96,18,464,6,96,59,false
2025-04-27 22:38:13,2025-04-28 22:34:03,UTC-04:00,2025-04-27 22:38:13,2025-04-28 06:45:33,98,14.7,474,486,219,90,165,12,484,0,97,56,false
2025-04-26 23:30:32,2025-04-27 22:38:13,UTC-04:00,2025-04-26 23:30:32,2025-04-27 10:22:21,100,14.4,622,650,328,113,181,28,552,71,95,55,false
2025-04-26 03:36:34,2025-04-26 23:30:32,UTC-04:00,2025-04-26 03:36:34,2025-04-26 09:47:41,71,15.8,343,364,158,141,44,21,485,17,94,31,false
2025-04-24 22:34:13,2025-04-26 03:36:34,UTC-04:00,2025-04-24 22:34:13,2025-04-25 07:12:55,93,15.0,481,510,211,104,166,29,515,43,94,78,false
2025-04-23 23:41:37,2025-04-24 22:34:13,UTC-04:00,2025-04-23 23:41:37,2025-04-24 06:44:36,83,15.1,412,422,264,83,65,10,500,0,97,72,false
2025-04-22 21:48:45,2025-04-23 23:41:37,UTC-04:00,2025-04-22 21:48:45,2025-04-23 07:41:11,100,14.9,574,588,332,88,154,14,486,25,97,65,false
2025-04-21 22:20:39,2025-04-22 21:48:45,UTC-04:00,2025-04-21 22:20:39,2025-04-22 06:20:49,90,14.8,456,479,295,95,66,23,507,42,95,64,false
2025-04-21 00:35:19,2025-04-21 22:20:39,UTC-04:00,2025-04-21 00:35:19,2025-04-21 07:35:24,82,16.0,399,420,205,81,113,21,484,0,95,70,false
2025-04-20 00:54:07,2025-04-21 00:35:19,UTC-04:00,2025-04-20 00:54:07,2025-04-20 09:56:39,100,15.8,518,542,286,95,137,24,454,0,95,65,false
2025-04-18 23:14:47,2025-04-20 00:54:07,UTC-04:00,2025-04-18 23:14:47,2025-04-19 08:02:05,100,14.4,499,525,250,94,155,26,480,19,95,83,false
2025-04-18 00:51:46,2025-04-18 23:14:47,UTC-04:00,2025-04-18 00:51:46,2025-04-18 08:01:21,92,14.8,417,426,247,85,85,9,455,0,97,73,false
2025-04-17 00:00:16,2025-04-18 00:51:46,UTC-04:00,2025-04-17 00:00:16,2025-04-17 07:59:34,100,14.9,469,474,231,93,145,5,468,2,98,66,false
2025-04-15 22:37:05,2025-04-17 00:00:16,UTC-04:00,2025-04-15 22:37:05,2025-04-16 06:42:11,99,14.7,465,482,248,110,107,17,468,0,96,66,false
2025-04-14 22:26:50,2025-04-15 22:37:05,UTC-04:00,2025-04-14 22:26:50,2025-04-15 08:05:35,100,14.6,553,575,355,83,115,22,499,22,96,57,false
2025-04-13 22:31:16,2025-04-14 22:26:50,UTC-04:00,2025-04-13 22:31:16,2025-04-14 06:12:52,91,14.5,431,458,249,83,99,27,476,0,94,50,false
2025-04-11 22:43:25,2025-04-12 23:22:35,UTC-04:00,2025-04-11 22:43:25,2025-04-12 08:23:17,100,15.1,545,579,256,101,188,34,500,37,94,74,false
2025-04-10 23:54:30,2025-04-11 22:43:25,UTC-04:00,2025-04-10 23:54:30,2025-04-11 07:00:51,85,14.5,413,425,205,92,116,12,488,32,97,84,false
2025-04-09 23:24:04,2025-04-10 23:54:30,UTC-04:00,2025-04-09 23:24:04,2025-04-10 07:09:21,87,14.9,438,459,231,91,116,21,503,31,95,80,false
2025-04-08 23:27:28,2025-04-09 23:24:04,UTC-04:00,2025-04-08 23:27:28,2025-04-09 06:56:28,87,15.0,423,447,228,117,78,24,486,28,94,70,false
2025-04-07 23:03:21,2025-04-08 23:27:28,UTC-04:00,2025-04-07 23:03:21,2025-04-08 06:31:18,89,14.7,437,446,253,66,118,9,493,0,97,76,false
2025-04-06 22:44:41,2025-04-07 23:03:21,UTC-04:00,2025-04-06 22:44:41,2025-04-07 07:59:58,100,14.9,521,548,306,76,139,27,454,0,95,63,false
2025-04-06 01:00:53,2025-04-06 22:44:41,UTC-04:00,2025-04-06 01:00:53,2025-04-06 10:08:16,100,15.4,532,546,280,102,150,14,472,0,97,55,false
2025-04-04 22:59:21,2025-04-06 01:00:53,UTC-04:00,2025-04-04 22:59:21,2025-04-05 08:37:07,100,15.3,558,575,326,93,139,17,511,16,96,76,false
2025-04-03 23:48:09,2025-04-04 22:59:21,UTC-04:00,2025-04-03 23:48:09,2025-04-04 07:32:06,93,15.8,437,460,255,84,98,23,470,11,95,76,false
2025-04-02 22:07:01,2025-04-03 23:48:09,UTC-04:00,2025-04-02 22:07:01,2025-04-03 06:33:22,95,15.4,472,501,295,83,94,29,495,0,96,69,false
2025-04-01 23:08:21,2025-04-02 22:07:01,UTC-04:00,2025-04-01 23:08:21,2025-04-02 07:46:12,100,14.9,479,513,327,97,55,34,478,6,93,68,false
2025-03-31 23:15:36,2025-04-01 23:08:21,UTC-04:00,2025-03-31 23:15:36,2025-04-01 07:13:52,97,15.8,460,476,304,63,93,16,473,1,96,61,false
2025-03-30 23:14:25,2025-03-31 23:15:36,UTC-04:00,2025-03-30 23:14:25,2025-03-31 07:48:26,99,15.7,484,503,285,106,93,19,486,10,96,41,false
2025-03-30 04:16:49,2025-03-30 23:14:25,UTC-04:00,2025-03-30 04:16:49,2025-03-30 12:03:57,96,15.6,455,462,249,92,114,7,476,0,98,25,false
2025-03-28 23:43:29,2025-03-30 04:16:49,UTC-04:00,2025-03-28 23:43:29,2025-03-29 08:34:30,100,15.6,509,525,277,113,119,16,482,0,96,86,false
2025-03-27 23:32:09,2025-03-28 23:43:29,UTC-04:00,2025-03-27 23:32:09,2025-03-28 08:04:05,100,15.2,503,511,309,98,96,8,487,0,98,87,false
2025-03-26 23:03:20,2025-03-27 23:32:09,UTC-04:00,2025-03-26 23:03:20,2025-03-27 07:45:45,100,15.1,502,520,338,70,94,18,482,0,96,83,false
2025-03-25 23:03:16,2025-03-26 23:03:20,UTC-04:00,2025-03-25 23:03:16,2025-03-26 07:55:51,100,15.6,517,531,271,125,121,14,454,0,97,69,false
2025-03-24 23:07:02,2025-03-25 23:03:16,UTC-04:00,2025-03-24 23:07:02,2025-03-25 07:44:56,100,15.1,490,517,266,99,125,21,469,0,94,57,false
2025-03-24 00:15:46,2025-03-24 23:07:02,UTC-04:00,2025-03-24 00:15:46,2025-03-24 07:34:09,100,15.1,424,438,226,81,117,14,375,7,96,49,false
2025-03-23 00:37:23,2025-03-24 00:15:46,UTC-04:00,2025-03-23 14:48:09,2025-03-23 16:31:01,20,16.4,90,102,33,38,19,12,465,7,88,,true
2025-03-23 00:37:23,2025-03-24 00:15:46,UTC-04:00,2025-03-23 00:37:23,2025-03-23 08:59:41,98,16.2,491,500,265,94,132,9,503,49,98,47,false
2025-03-22 03:42:23,2025-03-23 00:37:23,UTC-04:00,2025-03-22 03:42:23,2025-03-22 10:46:20,80,14.9,406,422,205,94,107,16,505,0,97,25,false
2025-03-20 22:36:56,2025-03-22 03:42:23,UTC-04:00,2025-03-20 22:36:56,2025-03-21 07:45:31,100,15.3,527,547,274,117,136,20,524,63,96,,false
2025-03-19 22:59:31,2025-03-20 22:36:56,UTC-04:00,2025-03-19 22:59:31,2025-03-20 05:49:48,75,15.7,390,405,240,66,84,15,517,0,96,,false
2025-01-23 22:40:42,2025-01-24 22:40:42,UTC-05:00,2025-01-23 22:40:42,2025-01-24 07:37:03,100,15.8,490,529,266,99,125,39,461,0,95,89,false
2025-01-22 22:46:56,2025-01-23 22:40:42,UTC-05:00,2025-01-22 22:46:56,2025-01-23 08:40:50,100,16.4,557,593,298,134,125,36,482,4,93,87,false
2025-01-21 23:53:31,2025-01-22 22:46:56,UTC-05:00,2025-01-21 23:53:31,2025-01-22 08:51:48,99,16.2,495,538,307,79,109,43,502,0,92,87,false
2025-01-20 23:30:14,2025-01-21 23:53:31,UTC-05:00,2025-01-20 23:30:14,2025-01-21 08:27:09,100,16.6,519,536,388,52,79,17,488,0,97,63,false
2025-01-19 22:38:19,2025-01-20 23:30:14,UTC-05:00,2025-01-19 22:38:19,2025-01-20 08:39:09,100,16.2,581,600,368,65,148,19,472,2,96,,false
2025-01-18 00:21:51,2025-01-19 22:38:19,UTC-05:00,2025-01-18 00:21:51,2025-01-18 10:00:03,43,17.3,219,229,121,68,30,10,509,2,100,82,false
2025-01-17 00:24:37,2025-01-18 00:21:51,UTC-05:00,2025-01-17 00:24:37,2025-01-17 08:35:29,99,16.2,471,488,231,108,132,17,475,7,96,76,false
2025-01-15 22:52:46,2025-01-17 00:24:37,UTC-05:00,2025-01-15 22:52:46,2025-01-16 07:29:58,98,16.3,487,517,302,109,76,30,499,23,94,86,false
2025-01-14 23:54:01,2025-01-15 22:52:46,UTC-05:00,2025-01-14 23:54:01,2025-01-15 07:55:45,93,16.7,455,473,252,78,125,18,491,0,96,76,false
2025-01-13 22:21:58,2025-01-14 23:54:01,UTC-05:00,2025-01-13 22:21:58,2025-01-14 08:16:04,100,16.8,559,592,366,53,140,33,540,39,96,59,false
2025-01-12 23:28:21,2025-01-13 22:21:58,UTC-05:00,2025-01-12 23:28:21,2025-01-13 08:05:04,86,17.0,479,512,285,104,90,33,558,73,93,58,false
2025-01-12 01:11:10,2025-01-12 23:28:21,UTC-05:00,2025-01-12 01:11:10,2025-01-12 07:58:17,73,17.3,392,407,167,84,141,15,540,31,97,59,false
2025-01-10 01:33:19,2025-01-12 01:11:10,UTC-05:00,2025-01-10 01:33:19,2025-01-10 08:34:12,86,16.3,393,420,186,87,120,27,456,0,94,62,false
2025-01-08 23:12:54,2025-01-10 01:33:19,UTC-05:00,2025-01-08 23:12:54,2025-01-09 08:12:54,100,16.1,509,538,233,123,153,29,479,0,94,84,false
2025-01-07 22:38:46,2025-01-08 23:12:54,UTC-05:00,2025-01-07 22:38:46,2025-01-08 07:35:37,100,15.3,507,536,270,107,130,29,507,19,94,90,false
2025-01-06 23:11:24,2025-01-07 22:38:46,UTC-05:00,2025-01-06 23:11:24,2025-01-07 07:18:54,94,15.2,468,487,288,75,105,19,499,5,96,84,false
2025-01-05 22:35:03,2025-01-06 23:11:24,UTC-05:00,2025-01-05 22:35:03,2025-01-06 06:51:17,98,16.3,449,495,301,68,80,46,458,0,91,79,false
2025-01-04 22:14:48,2025-01-05 22:35:03,UTC-05:00,2025-01-04 22:14:48,2025-01-05 07:35:03,100,16.1,528,554,406,52,70,26,516,27,95,65,false
2025-01-03 23:29:43,2025-01-04 22:14:48,UTC-05:00,2025-01-03 23:29:43,2025-01-04 07:30:53,92,16.1,462,481,259,74,129,19,505,0,96,50,false
2025-01-02 21:55:45,2025-01-03 23:29:43,UTC-05:00,2025-01-02 21:55:45,2025-01-03 07:53:10,100,16.6,571,595,333,110,128,24,485,91,95,30,false
2025-01-01 22:00:54,2025-01-02 21:55:45,UTC-05:00,2025-01-02 15:58:08,2025-01-02 17:14:05,12,16.1,67,75,33,12,22,8,550,91,93,,true
2025-01-01 22:00:54,2025-01-02 21:55:45,UTC-05:00,2025-01-01 22:00:54,2025-01-02 03:59:58,64,16.3,327,359,181,59,87,32,511,24,91,39,false
2025-01-01 02:59:56,2025-01-01 22:00:54,UTC-05:00,2025-01-01 02:59:56,2025-01-01 10:58:14,90,16.8,439,476,214,81,144,37,489,22,92,54,false
2024-12-30 23:54:05,2025-01-01 02:59:56,UTC-05:00,2024-12-30 23:54:05,2024-12-31 08:31:44,91,15.9,490,515,305,94,91,25,536,37,95,41,false
2024-12-30 03:32:57,2024-12-30 23:54:05,UTC-05:00,2024-12-30 03:32:57,2024-12-30 11:30:53,85,16.6,408,477,203,99,106,69,483,12,85,35,false
2024-12-29 04:57:58,2024-12-30 03:32:57,UTC-05:00,2024-12-29 04:57:58,2024-12-29 11:54:32,94,15.8,396,407,235,92,69,11,421,0,97,11,false
2024-12-27 22:38:17,2024-12-29 04:57:58,UTC-05:00,2024-12-28 13:30:18,2024-12-28 14:52:29,16,16.3,77,78,50,7,20,1,477,0,98,,true
2024-12-27 22:38:17,2024-12-29 04:57:58,UTC-05:00,2024-12-27 22:38:17,2024-12-28 06:57:05,100,16.1,489,498,328,59,102,9,484,0,98,87,false
2024-12-26 22:38:37,2024-12-27 22:38:17,UTC-05:00,2024-12-26 22:38:37,2024-12-27 07:45:37,100,15.3,521,546,401,70,50,25,492,0,95,80,false
2024-12-25 22:12:00,2024-12-26 22:38:37,UTC-05:00,2024-12-25 22:12:00,2024-12-26 06:53:27,100,15.3,500,517,277,85,138,17,480,0,96,83,false
2024-12-24 23:04:45,2024-12-25 22:12:00,UTC-05:00,2024-12-24 23:04:45,2024-12-25 08:32:29,100,15.9,551,565,494,29,28,14,458,0,97,80,false
2024-12-23 21:38:54,2024-12-24 23:04:45,UTC-05:00,2024-12-23 21:38:54,2024-12-24 08:04:43,100,15.6,581,623,416,91,74,42,501,0,93,64,false
2024-12-23 00:21:39,2024-12-23 21:38:54,UTC-05:00,2024-12-23 00:21:39,2024-12-23 08:31:27,100,16.5,477,489,376,40,61,12,474,6,97,82,false
2024-12-21 23:59:13,2024-12-23 00:21:39,UTC-05:00,2024-12-21 23:59:13,2024-12-22 08:46:42,98,16.3,509,525,425,32,52,16,520,51,96,75,false
2024-12-21 01:37:09,2024-12-21 23:59:13,UTC-05:00,2024-12-21 01:37:09,2024-12-21 08:03:59,78,15.7,357,378,126,99,132,21,460,0,95,72,false
2024-12-19 23:27:19,2024-12-21 01:37:09,UTC-05:00,2024-12-19 23:27:19,2024-12-20 07:52:30,100,15.9,490,504,418,42,30,14,482,31,97,79,false
2024-12-19 00:36:29,2024-12-19 23:27:19,UTC-05:00,2024-12-19 12:03:50,2024-12-19 13:03:55,11,16.7,51,60,49,2,0,9,485,31,89,,true
2024-12-19 00:36:29,2024-12-19 23:27:19,UTC-05:00,2024-12-19 00:36:29,2024-12-19 07:58:34,86,16.6,402,438,177,95,130,36,465,0,92,84,false
2024-12-17 23:04:18,2024-12-19 00:36:29,UTC-05:00,2024-12-17 23:04:18,2024-12-18 08:05:00,100,16.3,509,536,304,111,94,27,459,0,95,92,false
2024-12-16 23:10:33,2024-12-17 23:04:18,UTC-05:00,2024-12-16 23:10:33,2024-12-17 08:07:41,100,16.3,513,534,443,56,14,21,479,8,96,89,false
2024-12-16 00:13:00,2024-12-16 23:10:33,UTC-05:00,2024-12-16 00:13:00,2024-12-16 07:58:44,97,15.2,443,465,244,98,101,22,456,0,95,86,false
2024-12-14 23:08:12,2024-12-16 00:13:00,UTC-05:00,2024-12-14 23:08:12,2024-12-15 08:03:07,100,16.1,505,529,265,129,111,24,495,37,96,86,false
2024-12-14 00:42:17,2024-12-14 23:08:12,UTC-05:00,2024-12-14 00:42:17,2024-12-14 08:08:49,85,15.7,423,446,193,94,136,23,498,0,94,76,false
2024-12-12 23:00:48,2024-12-14 00:42:17,UTC-05:00,2024-12-12 23:00:48,2024-12-13 08:01:38,100,15.5,505,538,273,121,111,33,494,0,94,86,false
2024-12-11 22:04:49,2024-12-12 23:00:48,UTC-05:00,2024-12-11 22:04:49,2024-12-12 07:46:31,100,15.7,546,581,433,98,15,35,483,25,93,74,false
2024-12-10 23:51:21,2024-12-11 22:04:49,UTC-05:00,2024-12-10 23:51:21,2024-12-11 08:01:40,92,15.9,465,490,236,118,111,25,505,33,94,85,false
2024-12-09 23:22:49,2024-12-10 23:51:21,UTC-05:00,2024-12-09 23:22:49,2024-12-10 07:28:45,87,15.6,459,485,268,90,101,26,525,35,95,65,false
2024-12-08 23:51:05,2024-12-09 23:22:49,UTC-05:00,2024-12-08 23:51:05,2024-12-09 06:34:01,85,15.8,391,401,180,98,113,10,462,0,97,46,false
2024-12-05 22:55:16,2024-12-06 22:53:59,UTC-05:00,2024-12-05 22:55:16,2024-12-06 07:31:39,100,15.1,496,510,325,70,101,14,480,0,97,87,false
2024-12-03 22:21:26,2024-12-04 22:21:26,UTC-05:00,2024-12-03 22:21:26,2024-12-04 07:30:46,100,15.5,533,548,461,37,35,15,505,25,97,75,false
2024-12-02 23:11:44,2024-12-03 22:21:26,UTC-05:00,2024-12-02 23:11:44,2024-12-03 07:02:15,92,15.4,455,468,318,63,74,13,495,0,97,72,false
2024-12-01 21:08:10,2024-12-02 23:11:44,UTC-05:00,2024-12-01 21:08:10,2024-12-02 07:33:31,100,15.9,604,625,452,68,84,21,498,36,96,52,false
2024-12-01 00:29:01,2024-12-01 21:08:10,UTC-05:00,2024-12-01 00:29:01,2024-12-01 08:49:03,89,16.1,455,498,238,124,93,43,512,65,91,61,false
2024-11-29 23:55:53,2024-12-01 00:29:01,UTC-05:00,2024-11-30 13:33:58,2024-11-30 14:36:27,9,16.7,49,62,29,17,3,13,557,65,97,,true
2024-11-29 23:55:53,2024-12-01 00:29:01,UTC-05:00,2024-11-29 23:55:53,2024-11-30 06:59:50,75,16.4,383,422,255,60,68,39,514,12,92,83,false
2024-11-28 23:06:31,2024-11-29 23:55:53,UTC-05:00,2024-11-28 23:06:31,2024-11-29 07:21:15,96,15.5,450,492,224,106,120,42,470,10,91,82,false
2024-11-27 23:06:09,2024-11-28 23:06:31,UTC-05:00,2024-11-27 23:06:09,2024-11-28 07:11:27,97,15.3,451,484,272,83,96,33,467,0,94,72,false
2024-11-26 23:26:06,2024-11-27 23:06:09,UTC-05:00,2024-11-26 23:26:06,2024-11-27 08:31:46,100,16.3,500,543,261,90,149,43,481,21,92,52,false
2024-11-25 23:15:28,2024-11-26 23:26:06,UTC-05:00,2024-11-25 23:15:28,2024-11-26 07:58:18,94,16.2,489,522,376,49,64,33,522,21,93,36,false
2024-11-24 22:53:55,2024-11-25 23:15:28,UTC-05:00,2024-11-24 22:53:55,2024-11-25 08:45:35,94,16.6,566,583,291,111,164,17,599,127,97,25,false
2024-11-24 07:01:28,2024-11-24 22:53:55,UTC-05:00,2024-11-24 07:01:28,2024-11-24 10:52:11,30,16.8,156,228,112,20,24,72,513,48,69,13,false
2024-11-23 05:44:30,2024-11-24 07:01:28,UTC-05:00,2024-11-23 05:44:30,2024-11-23 14:52:21,82,15.4,428,546,203,127,98,118,524,13,78,4,false
2024-11-21 22:45:58,2024-11-23 05:44:30,UTC-05:00,2024-11-21 22:45:58,2024-11-22 06:23:18,94,15.8,451,456,302,62,87,5,477,0,98,86,false
2024-11-20 22:24:06,2024-11-21 22:45:58,UTC-05:00,2024-11-20 22:24:06,2024-11-21 07:11:44,100,15.4,491,523,366,47,78,32,464,0,93,85,false
2024-11-19 21:33:23,2024-11-20 22:24:06,UTC-05:00,2024-11-19 21:33:23,2024-11-20 07:07:39,100,16.3,540,574,267,137,136,34,470,14,95,77,false
2024-11-18 22:09:27,2024-11-19 21:33:23,UTC-05:00,2024-11-18 22:09:27,2024-11-19 06:31:41,96,16.1,477,502,337,76,64,25,499,0,94,75,false
2024-11-17 22:07:24,2024-11-18 22:09:27,UTC-05:00,2024-11-17 22:07:24,2024-11-18 06:36:02,100,16.2,472,508,336,65,71,36,407,0,93,66,false
2024-11-16 23:10:11,2024-11-17 22:07:24,UTC-05:00,2024-11-17 13:13:52,2024-11-17 14:23:05,14,15.9,64,69,24,14,26,5,459,0,93,,true
2024-11-16 23:10:11,2024-11-17 22:07:24,UTC-05:00,2024-11-16 23:10:11,2024-11-17 07:01:16,100,15.7,453,469,231,92,130,16,442,23,96,79,false
2024-11-15 23:03:52,2024-11-16 23:10:11,UTC-05:00,2024-11-16 15:46:32,2024-11-16 16:49:59,12,16.6,58,61,31,10,17,3,496,23,94,,true
2024-11-15 23:03:52,2024-11-16 23:10:11,UTC-05:00,2024-11-15 23:03:52,2024-11-16 07:16:20,93,16.3,465,491,227,131,107,26,501,11,94,85,false
2024-11-15 00:04:33,2024-11-15 23:03:52,UTC-05:00,2024-11-15 00:04:33,2024-11-15 07:37:48,96,16.2,435,453,253,96,86,18,454,0,96,75,false
2024-11-13 22:21:24,2024-11-15 00:04:33,UTC-05:00,2024-11-13 22:21:24,2024-11-14 07:10:55,100,15.8,516,528,397,24,95,12,471,13,97,87,false
2024-11-12 22:33:21,2024-11-13 22:21:24,UTC-05:00,2024-11-12 22:33:21,2024-11-13 07:18:57,96,16.1,492,525,326,75,91,33,514,38,93,81,false
2024-11-11 22:40:58,2024-11-12 22:33:21,UTC-05:00,2024-11-11 22:40:58,2024-11-12 06:32:46,85,15.9,439,468,185,94,160,29,517,10,94,76,false
2024-11-10 22:26:43,2024-11-11 22:40:58,UTC-05:00,2024-11-10 22:26:43,2024-11-11 06:34:50,97,15.6,458,486,238,106,114,28,474,0,95,70,false
2024-11-09 20:06:59,2024-11-10 22:26:43,UTC-05:00,2024-11-09 20:06:59,2024-11-10 06:49:19,100,16.1,538,642,316,92,130,104,484,60,83,48,false
2024-11-08 23:48:33,2024-11-09 20:06:59,UTC-05:00,2024-11-09 12:06:45,2024-11-09 13:21:15,13,15.4,71,73,57,14,0,2,554,60,97,,true
2024-11-08 23:48:33,2024-11-09 20:06:59,UTC-05:00,2024-11-08 23:48:33,2024-11-09 07:02:18,77,16.1,416,433,164,98,154,17,537,40,96,80,false
2024-11-07 23:36:44,2024-11-08 23:48:33,UTC-05:00,2024-11-07 23:36:44,2024-11-08 07:31:37,85,16.0,450,472,291,62,97,22,532,65,96,69,false
2024-11-07 00:40:52,2024-11-07 23:36:44,UTC-05:00,2024-11-07 00:40:52,2024-11-07 07:03:15,73,16.4,360,382,161,98,101,22,491,6,94,54,false
2024-11-05 21:25:41,2024-11-07 00:40:52,UTC-05:00,2024-11-05 21:25:41,2024-11-06 06:15:22,98,16.4,490,523,365,48,77,33,500,0,93,62,false
2024-11-04 21:48:37,2024-11-05 21:25:41,UTC-05:00,2024-11-04 21:48:37,2024-11-05 06:39:20,100,16.1,508,530,332,83,93,22,461,3,95,51,false
2024-11-03 21:25:46,2024-11-04 21:48:37,UTC-05:00,2024-11-03 21:25:46,2024-11-04 07:02:58,99,16.2,553,573,369,80,104,20,559,101,96,28,false
2024-11-03 05:08:48,2024-11-03 21:25:46,UTC-05:00,2024-11-03 05:08:48,2024-11-03 10:06:20,58,15.2,283,295,107,73,103,12,486,60,96,18,false
2024-11-02 00:56:04,2024-11-03 06:08:48,UTC-04:00,2024-11-02 18:35:00,2024-11-02 20:02:00,14,15.3,80,87,36,10,34,7,559,60,91,,true
2024-11-02 00:56:04,2024-11-03 06:08:48,UTC-04:00,2024-11-02 00:56:04,2024-11-02 07:53:45,76,16.5,385,414,137,109,139,29,505,45,93,80,false
2024-11-01 01:11:46,2024-11-02 00:56:04,UTC-04:00,2024-11-01 01:11:46,2024-11-01 08:03:13,80,16.2,374,407,181,74,119,33,465,12,92,66,false
2024-10-30 23:00:00,2024-11-01 01:11:46,UTC-04:00,2024-10-30 23:00:00,2024-10-31 08:02:51,96,15.5,479,542,199,111,169,63,499,44,89,72,false
2024-10-30 00:00:30,2024-10-30 23:00:00,UTC-04:00,2024-10-30 00:00:30,2024-10-30 06:48:20,82,15.5,393,407,151,82,160,14,482,3,96,71,false
2024-10-28 21:12:04,2024-10-30 00:00:30,UTC-04:00,2024-10-28 21:12:04,2024-10-29 06:37:40,99,15.6,534,565,472,32,30,31,539,41,94,65,false
2024-10-27 23:25:41,2024-10-28 21:12:04,UTC-04:00,2024-10-27 23:25:41,2024-10-28 06:33:32,83,16.1,411,422,230,85,96,11,494,0,97,63,false
2024-10-26 22:23:43,2024-10-27 23:25:41,UTC-04:00,2024-10-26 22:23:43,2024-10-27 08:38:46,100,16.0,579,615,432,68,79,36,570,117,94,60,false
2024-10-26 01:36:56,2024-10-26 22:23:43,UTC-04:00,2024-10-26 01:36:56,2024-10-26 06:29:39,55,16.1,287,292,102,82,103,5,521,15,99,66,false
2024-10-24 23:02:45,2024-10-26 01:36:56,UTC-04:00,2024-10-24 23:02:45,2024-10-25 06:29:45,93,15.8,432,447,258,85,89,15,462,4,97,88,false
2024-10-23 22:19:31,2024-10-24 23:02:45,UTC-04:00,2024-10-23 22:19:31,2024-10-24 06:34:44,98,15.6,468,495,237,85,146,27,476,0,95,90,false
2024-10-22 21:53:44,2024-10-23 22:19:31,UTC-04:00,2024-10-22 21:53:44,2024-10-23 06:29:44,100,16.1,505,515,245,99,161,10,499,21,98,78,false
2024-10-21 22:40:06,2024-10-22 21:53:44,UTC-04:00,2024-10-21 22:40:06,2024-10-22 06:28:16,91,16.2,459,468,280,53,126,9,503,0,98,64,false
2024-10-20 21:55:30,2024-10-21 22:40:06,UTC-04:00,2024-10-20 21:55:30,2024-10-21 06:32:25,100,16.7,494,516,410,39,45,22,463,0,96,56,false
2024-10-19 19:34:36,2024-10-20 21:55:30,UTC-04:00,2024-10-19 19:34:36,2024-10-20 07:01:18,100,16.1,624,685,345,131,148,61,451,0,91,37,false
2024-10-17 21:50:20,2024-10-19 00:00:00,UTC-04:00,2024-10-17 21:50:20,2024-10-18 07:06:38,100,15.2,529,556,310,104,115,27,481,20,95,77,false
2024-10-17 00:02:01,2024-10-17 21:50:20,UTC-04:00,2024-10-17 00:02:01,2024-10-17 07:39:09,93,15.4,447,457,295,43,109,10,479,21,97,70,false
2024-10-15 22:25:50,2024-10-17 00:02:01,UTC-04:00,2024-10-15 22:25:50,2024-10-16 06:34:43,93,15.9,459,488,277,80,102,29,492,23,94,82,false
2024-10-14 22:11:52,2024-10-15 22:25:50,UTC-04:00,2024-10-14 22:11:52,2024-10-15 06:31:30,93,16.0,473,498,348,60,65,25,510,0,95,78,false
2024-10-13 21:08:11,2024-10-14 22:11:52,UTC-04:00,2024-10-13 21:08:11,2024-10-14 07:13:21,100,15.8,554,605,342,85,127,51,528,63,91,65,false
2024-10-13 00:02:21,2024-10-13 21:08:11,UTC-04:00,2024-10-13 00:02:21,2024-10-13 07:44:17,77,16.8,425,460,161,99,165,35,552,44,92,71,false
2024-10-11 21:55:01,2024-10-13 00:02:21,UTC-04:00,2024-10-11 21:55:01,2024-10-12 06:32:21,84,16.2,486,512,236,108,142,26,576,64,95,56,false
2024-10-10 23:46:16,2024-10-11 21:55:01,UTC-04:00,2024-10-10 23:46:16,2024-10-11 05:59:56,73,16.5,351,368,112,76,163,17,480,14,96,58,false
2024-10-08 23:19:44,2024-10-10 00:00:00,UTC-04:00,2024-10-08 23:19:44,2024-10-09 07:08:52,95,15.9,451,467,230,82,139,16,474,16,96,76,false
2024-10-07 22:34:30,2024-10-08 23:19:44,UTC-04:00,2024-10-07 22:34:30,2024-10-08 07:01:01,95,16.2,482,505,209,119,154,23,508,0,95,73,false
2024-10-06 21:54:20,2024-10-07 22:34:30,UTC-04:00,2024-10-06 21:54:20,2024-10-07 06:04:37,100,15.9,467,487,362,62,43,20,461,0,96,66,false
2024-10-05 20:10:28,2024-10-06 21:54:20,UTC-04:00,2024-10-05 20:10:28,2024-10-06 07:22:24,100,15.8,628,670,417,76,135,42,576,99,95,51,false
2024-10-05 01:35:52,2024-10-05 20:10:28,UTC-04:00,2024-10-05 01:35:52,2024-10-05 06:56:57,61,16.1,306,320,91,81,134,14,506,55,95,60,false
2024-10-02 22:17:54,2024-10-03 22:17:54,UTC-04:00,2024-10-02 22:17:54,2024-10-03 06:03:11,84,15.9,454,465,285,77,92,11,539,61,97,77,false
2024-10-01 22:17:20,2024-10-02 22:17:54,UTC-04:00,2024-10-01 22:17:20,2024-10-02 06:37:03,83,16.2,471,492,344,53,74,21,568,108,96,58,false
2024-09-30 23:40:00,2024-10-01 22:17:20,UTC-04:00,2024-09-30 23:40:00,2024-10-01 06:35:00,64,16.1,387,415,154,92,141,28,605,99,95,49,false
2024-09-29 22:47:44,2024-09-30 23:40:00,UTC-04:00,2024-09-29 22:47:44,2024-09-30 05:56:58,67,16.3,406,429,214,84,108,23,605,127,95,36,false
2024-09-28 05:42:43,2024-09-29 22:47:44,UTC-04:00,2024-09-28 05:42:43,2024-09-28 09:43:03,32,16.5,162,240,69,52,41,78,510,7,67,15,false
2024-09-26 21:49:20,2024-09-28 05:42:43,UTC-04:00,2024-09-26 21:49:20,2024-09-27 06:05:11,98,15.9,478,494,330,86,62,16,489,29,96,85,false
2024-09-25 22:26:46,2024-09-26 21:49:20,UTC-04:00,2024-09-25 22:26:46,2024-09-26 06:15:54,88,16.2,446,466,246,101,99,20,504,23,95,78,false
2024-09-24 21:42:20,2024-09-25 22:26:46,UTC-04:00,2024-09-24 21:42:20,2024-09-25 05:59:50,91,16.1,477,497,275,98,104,20,524,43,96,65,false
2024-09-23 22:55:18,2024-09-24 21:42:20,UTC-04:00,2024-09-23 22:55:18,2024-09-24 06:26:39,83,15.7,415,451,228,110,77,36,502,0,92,77,false
2024-09-22 23:09:14,2024-09-23 22:55:18,UTC-04:00,2024-09-22 23:09:14,2024-09-23 07:08:27,100,15.7,440,479,251,78,111,39,426,18,91,70,false
2024-09-21 23:17:34,2024-09-22 23:09:14,UTC-04:00,2024-09-22 15:50:41,2024-09-22 16:59:25,14,15.5,65,68,30,12,23,3,477,18,95,,true
2024-09-21 23:17:34,2024-09-22 23:09:14,UTC-04:00,2024-09-21 23:17:34,2024-09-22 07:39:23,94,15.7,467,501,311,87,69,34,495,15,93,72,false
2024-09-21 00:56:52,2024-09-21 23:17:34,UTC-04:00,2024-09-21 00:56:52,2024-09-21 08:54:12,93,15.9,444,473,185,98,161,29,476,19,94,61,false
2024-09-19 22:48:03,2024-09-21 00:56:52,UTC-04:00,2024-09-19 22:48:03,2024-09-20 07:22:51,94,15.8,464,514,208,106,150,50,495,32,90,86,false
2024-09-17 23:05:42,2024-09-19 00:00:00,UTC-04:00,2024-09-17 23:05:42,2024-09-18 06:45:57,87,16.1,413,457,236,75,102,44,478,0,92,74,false
2024-09-16 22:43:40,2024-09-17 23:05:42,UTC-04:00,2024-09-16 22:43:40,2024-09-17 08:24:47,100,15.8,563,581,310,111,142,18,484,0,97,82,false
2024-09-15 22:31:30,2024-09-16 22:43:40,UTC-04:00,2024-09-15 22:31:30,2024-09-16 07:40:07,100,15.7,520,548,483,13,24,28,513,37,94,79,false
2024-09-14 23:47:48,2024-09-15 22:31:30,UTC-04:00,2024-09-14 23:47:48,2024-09-15 07:28:45,85,16.8,416,457,230,105,81,41,490,33,93,74,false
2024-09-12 23:47:43,2024-09-14 00:00:00,UTC-04:00,2024-09-12 23:47:43,2024-09-13 07:23:23,86,15.7,418,455,203,83,132,37,485,0,93,61,false
2024-09-12 00:06:12,2024-09-12 23:47:43,UTC-04:00,2024-09-12 00:06:12,2024-09-12 07:59:39,100,16.2,438,473,267,75,96,35,388,7,93,47,false
2024-09-10 23:23:36,2024-09-12 00:06:12,UTC-04:00,2024-09-11 16:26:41,2024-09-11 17:46:00,16,16.1,72,76,43,18,11,4,460,7,94,,true
2024-09-10 00:13:04,2024-09-10 23:23:36,UTC-04:00,2024-09-10 00:13:04,2024-09-10 08:27:13,98,15.4,476,494,260,93,123,18,488,1,96,82,false
2024-09-08 23:23:36,2024-09-10 00:13:04,UTC-04:00,2024-09-08 23:23:36,2024-09-09 08:09:56,100,16.1,491,526,317,98,76,35,493,29,93,70,false
2024-09-08 01:26:35,2024-09-08 23:23:36,UTC-04:00,2024-09-08 01:26:35,2024-09-08 09:20:31,88,16.2,440,473,306,50,84,33,499,1,93,,false
2024-09-06 00:04:31,2024-09-08 01:26:35,UTC-04:00,2024-09-06 00:04:31,2024-09-06 08:07:51,99,15.6,451,476,220,112,119,25,453,0,94,83,false
2024-09-04 23:19:28,2024-09-06 00:04:31,UTC-04:00,2024-09-04 23:19:28,2024-09-05 07:50:53,100,15.9,484,511,261,103,120,27,452,0,94,54,false
2024-09-02 22:58:42,2024-09-04 00:00:00,UTC-04:00,2024-09-02 22:58:42,2024-09-03 08:02:10,100,15.8,509,543,360,73,76,34,480,0,94,65,false
2024-09-02 00:06:13,2024-09-02 22:58:42,UTC-04:00,2024-09-02 00:06:13,2024-09-02 08:56:52,100,15.8,494,530,244,108,142,36,454,0,93,76,false
2024-08-31 23:17:20,2024-09-02 00:06:13,UTC-04:00,2024-08-31 23:17:20,2024-09-01 09:31:37,100,15.8,575,614,418,61,96,39,455,0,93,72,false
2024-08-29 22:40:35,2024-08-31 00:00:00,UTC-04:00,2024-08-29 22:40:35,2024-08-30 08:08:43,100,16.6,519,566,338,86,95,47,454,0,91,86,false
2024-08-28 22:20:21,2024-08-29 22:40:35,UTC-04:00,2024-08-28 22:20:21,2024-08-29 07:55:25,100,16.1,552,574,355,89,108,22,497,3,96,78,false
2024-08-27 22:44:35,2024-08-28 22:20:21,UTC-04:00,2024-08-27 22:44:35,2024-08-28 06:39:57,99,15.6,454,475,362,49,43,21,461,4,96,79,false
2024-08-26 22:57:30,2024-08-27 22:44:35,UTC-04:00,2024-08-26 22:57:30,2024-08-27 07:14:59,98,15.9,466,497,196,102,168,31,475,0,93,78,false
2024-08-25 23:16:35,2024-08-26 22:57:30,UTC-04:00,2024-08-25 23:16:35,2024-08-26 07:39:58,100,15.4,461,503,275,90,96,42,460,0,94,82,false
2024-08-24 23:47:18,2024-08-25 23:16:35,UTC-04:00,2024-08-24 23:47:18,2024-08-25 09:21:12,100,16.1,536,573,405,47,84,37,453,0,93,78,false
2024-08-23 23:34:44,2024-08-24 23:47:18,UTC-04:00,2024-08-23 23:34:44,2024-08-24 09:27:52,100,15.9,571,591,402,83,86,20,499,14,96,71,false
2024-08-22 22:53:41,2024-08-23 23:34:44,UTC-04:00,2024-08-22 22:53:41,2024-08-23 06:56:25,94,15.6,452,482,241,90,121,30,480,0,93,88,false
2024-08-21 23:03:27,2024-08-22 22:53:41,UTC-04:00,2024-08-21 23:03:27,2024-08-22 08:07:16,100,15.8,519,543,308,64,147,24,457,0,95,85,false
2024-08-20 23:01:03,2024-08-21 23:03:27,UTC-04:00,2024-08-20 23:01:03,2024-08-21 07:09:24,100,15.8,461,488,227,104,130,27,453,0,94,73,false
2024-08-19 23:21:10,2024-08-20 23:01:03,UTC-04:00,2024-08-19 23:21:10,2024-08-20 08:10:36,100,16.2,495,528,307,102,86,33,483,3,93,76,false
2024-08-18 23:44:53,2024-08-19 23:21:10,UTC-04:00,2024-08-18 23:44:53,2024-08-19 07:55:10,99,15.6,448,490,170,122,156,42,454,0,91,47,false
2024-08-18 00:27:08,2024-08-18 23:44:53,UTC-04:00,2024-08-18 00:27:08,2024-08-18 10:08:09,100,15.9,555,580,346,90,119,25,454,0,95,60,false
2024-08-15 23:41:39,2024-08-17 00:00:00,UTC-04:00,2024-08-15 23:41:39,2024-08-16 08:03:25,100,15.8,464,498,255,82,127,34,348,0,93,70,false
2024-08-14 23:55:31,2024-08-15 23:41:39,UTC-04:00,2024-08-15 16:30:30,2024-08-15 18:22:30,23,16.1,105,111,65,19,21,6,452,0,96,,true
2024-08-14 23:55:31,2024-08-15 23:41:39,UTC-04:00,2024-08-14 23:55:31,2024-08-15 08:14:56,100,15.3,464,494,249,99,116,30,457,0,93,80,false
2024-08-13 23:18:35,2024-08-14 23:55:31,UTC-04:00,2024-08-13 23:18:35,2024-08-14 07:50:39,100,15.4,480,509,232,109,139,29,453,0,94,82,false
2024-08-12 22:49:12,2024-08-13 23:18:35,UTC-04:00,2024-08-12 22:49:12,2024-08-13 08:35:30,100,16.1,528,579,290,104,134,51,494,0,91,77,false
2024-08-11 22:56:24,2024-08-12 22:49:12,UTC-04:00,2024-08-11 22:56:24,2024-08-12 07:34:33,100,15.8,466,517,298,72,96,51,387,0,92,61,false
2024-08-10 23:30:55,2024-08-11 22:56:24,UTC-04:00,2024-08-11 16:02:04,2024-08-11 17:09:51,14,16.5,65,67,49,0,16,2,453,0,96,,true
2024-08-10 23:30:55,2024-08-11 22:56:24,UTC-04:00,2024-08-10 23:30:55,2024-08-11 08:23:30,100,15.3,505,532,385,53,67,27,453,0,94,59,false
2024-08-10 00:19:23,2024-08-10 23:30:55,UTC-04:00,2024-08-10 00:19:23,2024-08-10 09:56:45,100,15.4,536,577,329,83,124,41,500,0,93,72,false
2024-08-08 23:17:00,2024-08-10 00:19:23,UTC-04:00,2024-08-08 23:17:00,2024-08-09 08:17:00,100,15.3,512,540,303,74,135,28,474,15,95,55,false
2024-08-07 00:25:16,2024-08-08 23:17:00,UTC-04:00,2024-08-07 00:25:16,2024-08-07 08:32:32,94,15.6,458,484,260,96,102,26,489,0,94,84,false
2024-08-05 23:13:00,2024-08-07 00:25:16,UTC-04:00,2024-08-05 23:13:00,2024-08-06 08:02:41,100,16.1,509,529,300,86,123,20,453,0,96,89,false
2024-08-04 23:45:59,2024-08-05 23:13:00,UTC-04:00,2024-08-04 23:45:59,2024-08-05 08:43:01,100,15.5,493,537,280,98,115,44,466,0,92,94,false
2024-08-03 23:57:30,2024-08-04 23:45:59,UTC-04:00,2024-08-03 23:57:30,2024-08-04 08:43:52,100,16.4,507,526,433,48,26,19,483,0,96,88,false
2024-08-02 23:51:22,2024-08-03 23:57:30,UTC-04:00,2024-08-02 23:51:22,2024-08-03 09:17:46,100,15.5,509,548,257,95,157,39,456,0,93,84,false
2024-08-02 00:10:30,2024-08-02 23:51:22,UTC-04:00,2024-08-02 00:10:30,2024-08-02 08:35:52,100,16.3,490,504,480,0,10,14,462,6,97,84,false
2024-07-31 23:52:40,2024-08-02 00:10:30,UTC-04:00,2024-07-31 23:52:40,2024-08-01 08:22:55,97,16.1,480,507,338,74,68,27,493,0,96,83,false
2024-07-30 23:04:49,2024-07-31 23:52:40,UTC-04:00,2024-07-30 23:04:49,2024-07-31 07:58:10,100,15.5,500,533,317,75,108,33,483,0,93,91,false
2024-07-29 23:05:28,2024-07-30 23:04:49,UTC-04:00,2024-07-29 23:05:28,2024-07-30 08:01:07,100,15.9,502,533,263,103,136,31,499,0,94,87,false
2024-07-28 22:56:31,2024-07-29 23:05:28,UTC-04:00,2024-07-28 22:56:31,2024-07-29 07:51:50,100,15.5,486,533,335,66,85,47,452,0,91,54,false
2024-07-27 23:30:23,2024-07-28 22:56:31,UTC-04:00,2024-07-27 23:30:23,2024-07-28 09:22:34,100,16.4,546,592,471,5,70,46,460,0,92,80,false
2024-07-25 23:19:24,2024-07-27 00:00:00,UTC-04:00,2024-07-25 23:19:24,2024-07-26 07:57:40,100,15.6,479,510,241,85,153,31,458,0,93,93,false
2024-07-24 23:16:00,2024-07-25 23:19:24,UTC-04:00,2024-07-24 23:16:00,2024-07-25 08:04:43,100,16.0,484,528,334,68,82,44,482,0,91,86,false
2024-07-23 23:01:18,2024-07-24 23:16:00,UTC-04:00,2024-07-23 23:01:18,2024-07-24 07:41:20,100,16.6,494,519,324,83,87,25,489,2,95,76,false
2024-07-22 23:23:11,2024-07-23 23:01:18,UTC-04:00,2024-07-22 23:23:11,2024-07-23 08:03:15,99,16.2,500,520,334,102,64,20,504,3,96,71,false
2024-07-21 23:53:21,2024-07-22 23:23:11,UTC-04:00,2024-07-21 23:53:21,2024-07-22 07:51:07,98,16.0,449,477,303,50,96,28,457,0,94,67,false
2024-07-21 00:56:21,2024-07-21 23:53:21,UTC-04:00,2024-07-21 00:56:21,2024-07-21 10:03:49,100,16.0,516,547,351,90,75,31,456,0,94,58,false
2024-07-19 23:11:40,2024-07-21 00:56:21,UTC-04:00,2024-07-19 23:11:40,2024-07-20 09:29:48,100,16.1,561,618,465,45,51,57,353,6,92,58,false
2024-07-18 22:47:49,2024-07-19 23:11:40,UTC-04:00,2024-07-19 17:26:51,2024-07-19 19:19:48,23,18.9,105,112,105,0,0,7,459,6,96,,true
2024-07-18 22:47:49,2024-07-19 23:11:40,UTC-04:00,2024-07-18 22:47:49,2024-07-19 07:37:44,98,16.2,492,528,313,80,99,36,504,11,95,86,false
2024-07-18 00:07:33,2024-07-18 22:47:49,UTC-04:00,2024-07-18 00:07:33,2024-07-18 08:09:56,95,15.5,453,482,253,96,104,29,477,0,94,87,false
2024-07-16 23:12:27,2024-07-18 00:07:33,UTC-04:00,2024-07-16 23:12:27,2024-07-17 08:21:51,100,16.4,488,549,206,118,164,61,453,0,88,86,false
2024-07-15 23:41:52,2024-07-16 23:12:27,UTC-04:00,2024-07-15 23:41:52,2024-07-16 08:07:32,100,16.0,473,505,229,99,145,32,453,0,94,70,false
2024-07-14 23:31:44,2024-07-15 23:41:52,UTC-04:00,2024-07-14 23:31:44,2024-07-15 08:12:59,100,16.0,483,520,266,70,147,37,460,0,93,56,false
2024-07-14 00:55:28,2024-07-14 23:31:44,UTC-04:00,2024-07-14 00:55:28,2024-07-14 09:14:52,100,15.9,465,499,255,78,132,34,460,0,93,71,false
2024-07-11 23:30:22,2024-07-12 23:24:28,UTC-04:00,2024-07-11 23:30:22,2024-07-12 08:14:46,100,16.2,490,523,192,110,188,33,459,0,93,87,false
2024-07-10 23:24:28,2024-07-11 23:30:22,UTC-04:00,2024-07-10 23:24:28,2024-07-11 08:20:51,100,15.9,498,536,275,129,94,38,496,0,93,77,false
2024-07-09 22:39:22,2024-07-10 23:24:28,UTC-04:00,2024-07-09 22:39:22,2024-07-10 08:17:16,100,16.0,511,570,313,98,100,59,468,0,89,70,false
2024-07-08 22:40:58,2024-07-09 22:39:22,UTC-04:00,2024-07-08 22:40:58,2024-07-09 07:36:26,100,16.2,500,535,321,100,79,35,481,0,93,60,false
2024-07-08 00:09:06,2024-07-08 22:40:58,UTC-04:00,2024-07-08 00:09:06,2024-07-08 08:00:29,100,15.7,441,471,284,56,101,30,361,0,93,62,false
2024-07-07 00:46:02,2024-07-08 00:09:06,UTC-04:00,2024-07-07 14:51:31,2024-07-07 16:26:41,20,16.8,91,93,31,22,38,2,452,0,100,,true
2024-07-07 00:46:02,2024-07-08 00:09:06,UTC-04:00,2024-07-07 00:46:02,2024-07-07 10:06:29,100,16.4,529,560,305,124,100,31,476,0,94,65,false
2024-07-05 23:38:54,2024-07-07 00:46:02,UTC-04:00,2024-07-05 23:38:54,2024-07-06 09:50:18,100,16.5,553,608,369,108,76,55,501,0,90,67,false
2024-07-04 23:38:03,2024-07-05 23:38:54,UTC-04:00,2024-07-04 23:38:03,2024-07-05 07:59:44,100,15.9,477,501,284,65,128,24,400,31,95,70,false
2024-07-03 23:44:43,2024-07-04 23:38:03,UTC-04:00,2024-07-04 15:43:10,2024-07-04 17:16:53,18,16.9,86,93,55,8,23,7,484,31,92,,true
2024-07-03 23:44:43,2024-07-04 23:38:03,UTC-04:00,2024-07-03 23:44:43,2024-07-04 07:59:40,88,16.0,460,494,218,115,127,34,522,25,93,74,false
2024-07-02 22:50:04,2024-07-03 23:44:43,UTC-04:00,2024-07-02 22:50:04,2024-07-03 07:08:24,90,16.4,475,498,239,97,139,23,525,29,96,70,false
2024-07-01 23:10:09,2024-07-02 22:50:04,UTC-04:00,2024-07-01 23:10:09,2024-07-02 07:19:57,89,16.1,449,489,284,85,80,40,508,0,91,62,false
2024-06-30 22:37:56,2024-07-01 23:10:09,UTC-04:00,2024-06-30 22:37:56,2024-07-01 07:37:43,100,15.7,502,539,389,52,61,37,443,59,93,50,false
2024-06-30 01:51:03,2024-06-30 22:37:56,UTC-04:00,2024-06-30 12:50:06,2024-06-30 14:10:22,14,16.2,72,77,49,7,16,5,512,59,94,,true
2024-06-30 01:51:03,2024-06-30 22:37:56,UTC-04:00,2024-06-30 01:51:03,2024-06-30 08:30:58,75,17.1,367,399,201,82,84,32,486,24,91,64,false
2024-06-29 01:54:51,2024-06-30 01:51:03,UTC-04:00,2024-06-29 01:54:51,2024-06-29 10:26:37,91,16.2,478,507,281,108,89,29,527,17,94,57,false
2024-06-27 23:55:05,2024-06-29 01:54:51,UTC-04:00,2024-06-27 23:55:05,2024-06-28 08:05:47,94,16.2,451,490,278,71,102,39,478,9,91,81,false
2024-06-26 23:15:45,2024-06-27 23:55:05,UTC-04:00,2024-06-26 23:15:45,2024-06-27 07:59:40,97,16.1,504,523,303,77,124,19,518,63,96,73,false
2024-06-26 01:16:20,2024-06-26 23:15:45,UTC-04:00,2024-06-26 01:16:20,2024-06-26 08:39:59,77,16.7,420,443,248,100,72,23,547,38,94,72,false
2024-06-25 00:38:19,2024-06-26 01:16:20,UTC-04:00,2024-06-25 00:38:19,2024-06-25 08:18:08,84,16.0,417,459,239,94,84,42,495,0,93,70,false
2024-06-23 23:25:29,2024-06-25 00:38:19,UTC-04:00,2024-06-23 23:25:29,2024-06-24 08:06:57,100,15.7,467,520,253,113,101,53,357,0,89,55,false
2024-06-23 00:22:08,2024-06-23 23:25:29,UTC-04:00,2024-06-23 14:45:53,2024-06-23 16:29:43,22,16.5,98,103,48,16,34,5,453,0,97,,true
2024-06-23 00:22:08,2024-06-23 23:25:29,UTC-04:00,2024-06-23 00:22:08,2024-06-23 09:56:03,100,16.2,537,571,270,106,161,34,477,14,94,75,false
2024-06-22 00:56:13,2024-06-23 00:22:08,UTC-04:00,2024-06-22 00:56:13,2024-06-22 09:38:12,94,16.2,473,521,210,125,138,48,502,5,91,63,false
2024-06-21 00:07:39,2024-06-22 00:56:13,UTC-04:00,2024-06-21 00:07:39,2024-06-21 07:58:53,98,16.0,424,468,176,102,146,44,433,43,90,72,false
2024-06-20 00:17:31,2024-06-21 00:07:39,UTC-04:00,2024-06-20 16:35:26,2024-06-20 17:45:08,13,16.2,63,69,19,17,27,6,497,43,100,,true
2024-06-20 00:17:31,2024-06-21 00:07:39,UTC-04:00,2024-06-20 00:17:31,2024-06-20 08:05:41,84,16.2,445,468,239,87,119,23,532,25,96,76,false
2024-06-18 23:16:05,2024-06-20 00:17:31,UTC-04:00,2024-06-18 23:16:05,2024-06-19 06:38:48,89,16.0,406,442,190,109,107,36,456,0,92,89,false
2024-06-17 23:14:35,2024-06-18 23:16:05,UTC-04:00,2024-06-17 23:14:35,2024-06-18 08:06:12,100,16.0,516,531,352,74,90,15,498,0,97,85,false
2024-06-16 22:56:47,2024-06-17 23:14:35,UTC-04:00,2024-06-16 22:56:47,2024-06-17 07:52:43,100,15.6,494,535,286,85,123,41,455,0,92,70,false
2024-06-15 23:16:25,2024-06-16 22:56:47,UTC-04:00,2024-06-15 23:16:25,2024-06-16 09:51:22,100,15.9,610,634,432,76,102,24,517,23,96,69,false
2024-06-15 00:02:29,2024-06-15 23:16:25,UTC-04:00,2024-06-15 00:02:29,2024-06-15 07:51:17,90,16.5,446,465,307,76,63,19,493,0,95,83,false
2024-06-13 23:37:37,2024-06-15 00:02:29,UTC-04:00,2024-06-13 23:37:37,2024-06-14 07:45:00,100,15.7,452,487,306,53,93,35,453,0,92,82,false
2024-06-12 22:34:12,2024-06-13 23:37:37,UTC-04:00,2024-06-12 22:34:12,2024-06-13 07:44:33,100,16.4,517,548,300,83,134,31,456,0,94,73,false
2024-06-11 22:54:49,2024-06-12 22:34:12,UTC-04:00,2024-06-11 22:54:49,2024-06-12 07:03:39,100,16.1,461,488,265,97,99,27,462,0,94,66,false
2024-06-10 22:52:37,2024-06-11 22:54:49,UTC-04:00,2024-06-10 22:52:37,2024-06-11 08:39:02,100,16.2,534,583,353,73,108,49,493,0,93,53,false
2024-06-09 22:59:34,2024-06-10 22:52:37,UTC-04:00,2024-06-09 22:59:34,2024-06-10 08:29:37,100,15.7,538,570,357,66,115,32,533,58,94,42,false
2024-06-08 03:26:19,2024-06-09 22:59:34,UTC-04:00,2024-06-08 03:26:19,2024-06-08 10:09:35,77,17.0,384,403,216,107,61,19,501,0,95,38,false
2024-06-06 23:20:37,2024-06-08 03:26:19,UTC-04:00,2024-06-06 23:20:37,2024-06-07 08:09:50,100,16.0,509,529,336,74,99,20,488,0,96,87,false
2024-06-05 22:41:36,2024-06-06 23:20:37,UTC-04:00,2024-06-05 22:41:36,2024-06-06 08:16:29,100,16.4,534,570,363,88,83,36,499,41,93,80,false
2024-06-04 23:11:56,2024-06-05 22:41:36,UTC-04:00,2024-06-04 23:11:56,2024-06-05 06:41:33,83,16.5,421,447,207,62,152,26,504,17,95,,false
2024-06-03 23:38:26,2024-06-04 23:11:56,UTC-04:00,2024-06-03 23:38:26,2024-06-04 08:01:10,93,16.2,471,501,278,74,119,30,506,0,94,,false
2024-05-30 22:09:17,2024-05-31 23:56:59,UTC-04:00,2024-05-30 22:09:17,2024-05-31 07:29:44,100,16.0,521,560,351,80,90,39,508,32,94,,false
2024-05-29 22:00:00,2024-05-30 22:09:17,UTC-04:00,2024-05-29 22:00:00,2024-05-30 06:40:00,90,15.5,469,520,195,110,164,51,519,9,90,,false
2024-05-25 00:18:28,2024-05-26 00:18:28,UTC+02:00,2024-05-25 16:36:45,2024-05-25 20:41:53,60,,232,245,232,0,0,13,387,9,94,,true
2024-05-25 00:18:28,2024-05-26 00:18:28,UTC+02:00,2024-05-25 11:24:48,2024-05-25 12:40:44,16,,75,75,75,0,0,0,462,9,100,,true
2024-05-25 00:18:28,2024-05-26 00:18:28,UTC+02:00,2024-05-25 00:18:28,2024-05-25 08:53:44,97,16.0,471,515,222,120,129,44,485,29,91,79,false
2024-05-24 00:37:10,2024-05-25 00:18:28,UTC+02:00,2024-05-24 00:37:10,2024-05-24 08:22:55,90,16.3,409,465,197,108,104,56,454,0,88,71,false
2024-05-22 23:00:57,2024-05-24 00:37:10,UTC+02:00,2024-05-22 23:00:57,2024-05-23 08:19:57,100,15.2,520,558,333,109,78,38,509,48,93,64,false
2024-05-21 23:32:09,2024-05-22 23:00:57,UTC+02:00,2024-05-21 23:32:09,2024-05-22 08:06:27,86,15.8,454,514,272,111,71,60,530,74,88,53,false
2024-05-20 23:31:06,2024-05-21 23:32:09,UTC+02:00,2024-05-20 23:31:06,2024-05-21 05:14:46,68,15.9,310,343,187,37,86,33,459,62,90,40,false
2024-05-20 00:55:11,2024-05-20 23:31:06,UTC+02:00,2024-05-20 16:53:07,2024-05-20 18:06:39,13,15.9,66,73,33,21,12,7,516,62,90,,true
2024-05-20 00:55:11,2024-05-20 23:31:06,UTC+02:00,2024-05-20 00:55:11,2024-05-20 07:12:39,73,16.0,335,377,199,37,99,42,460,5,88,69,false
2024-05-19 02:05:14,2024-05-20 00:55:11,UTC+02:00,2024-05-19 02:05:14,2024-05-19 10:43:52,98,16.1,492,518,382,46,64,26,500,47,94,67,false
2024-05-18 01:59:35,2024-05-19 02:05:14,UTC+02:00,2024-05-18 01:59:35,2024-05-18 09:42:34,80,16.2,380,461,237,82,61,81,475,0,82,45,false
2024-05-17 01:51:06,2024-05-18 01:59:35,UTC+02:00,2024-05-17 01:51:06,2024-05-17 11:05:08,100,16.0,532,554,380,28,124,22,493,36,96,28,false
2024-05-15 23:25:53,2024-05-17 01:51:06,UTC+02:00,2024-05-15 23:25:53,2024-05-16 06:29:49,84,15.7,384,423,291,41,52,39,458,0,90,35,false
2024-05-14 23:03:14,2024-05-15 23:25:53,UTC+02:00,2024-05-14 23:03:14,2024-05-15 06:36:01,100,15.6,435,452,344,24,67,17,376,0,96,9,false
2024-05-12 23:26:12,2024-05-14 17:03:14,UTC-04:00,2024-05-14 09:03:04,2024-05-14 10:31:30,19,15.3,86,88,80,0,6,2,453,0,98,,true
2024-05-12 23:26:12,2024-05-14 17:03:14,UTC-04:00,2024-05-12 23:26:12,2024-05-13 08:00:07,100,14.8,470,513,258,86,126,43,457,0,91,,false
2024-05-09 22:56:53,2024-05-10 22:56:53,UTC-04:00,2024-05-09 22:56:53,2024-05-10 07:23:16,100,16.3,471,506,380,51,40,35,471,8,93,86,false
2024-05-08 23:29:45,2024-05-09 22:56:53,UTC-04:00,2024-05-08 23:29:45,2024-05-09 08:04:56,97,15.7,468,512,295,70,103,44,482,22,91,80,false
2024-05-08 00:08:21,2024-05-08 23:29:45,UTC-04:00,2024-05-08 00:08:21,2024-05-08 08:02:05,93,15.9,442,471,283,90,69,29,478,0,93,75,false
2024-05-06 22:43:43,2024-05-08 00:08:21,UTC-04:00,2024-05-06 22:43:43,2024-05-07 08:14:29,100,15.9,514,568,424,50,40,54,486,0,90,64,false
2024-05-06 00:02:03,2024-05-06 22:43:43,UTC-04:00,2024-05-06 00:02:03,2024-05-06 08:24:49,100,16.2,472,502,375,41,56,30,471,14,94,72,false
2024-05-05 02:05:32,2024-05-06 00:02:03,UTC-04:00,2024-05-05 02:05:32,2024-05-05 10:29:44,95,16.7,463,499,287,99,77,36,486,0,92,59,false
2024-05-03 23:55:07,2024-05-05 02:05:32,UTC-04:00,2024-05-03 23:55:07,2024-05-04 10:03:09,100,16.1,526,607,374,89,63,81,526,37,86,70,false
2024-05-02 23:50:28,2024-05-03 23:55:07,UTC-04:00,2024-05-02 23:50:28,2024-05-03 08:27:56,89,15.3,478,516,336,49,93,38,536,75,93,81,false
2024-05-01 23:42:54,2024-05-02 23:50:28,UTC-04:00,2024-05-01 23:42:54,2024-05-02 07:21:56,73,16.2,407,457,199,96,112,50,557,98,89,82,false
2024-05-01 01:02:54,2024-05-01 23:42:54,UTC-04:00,2024-05-01 01:02:54,2024-05-01 07:09:39,63,15.6,336,366,182,75,79,30,533,52,94,71,false
2024-04-29 23:58:27,2024-05-01 01:02:54,UTC-04:00,2024-04-29 23:58:27,2024-04-30 07:09:50,79,15.8,404,429,230,73,101,25,510,6,94,89,false
2024-04-28 23:47:33,2024-04-29 23:58:27,UTC-04:00,2024-04-28 23:47:33,2024-04-29 08:13:12,98,16.0,471,505,281,66,124,34,481,0,93,88,false
2024-04-27 23:34:10,2024-04-28 23:47:33,UTC-04:00,2024-04-27 23:34:10,2024-04-28 08:36:37,100,16.2,506,538,353,67,86,32,475,0,94,80,false
2024-04-27 00:15:27,2024-04-27 23:34:10,UTC-04:00,2024-04-27 00:15:27,2024-04-27 09:20:25,100,15.9,511,542,262,109,140,31,507,10,94,76,false
2024-04-25 23:23:30,2024-04-27 00:15:27,UTC-04:00,2024-04-25 23:23:30,2024-04-26 07:49:38,97,15.8,478,506,298,85,95,28,494,39,94,83,false
2024-04-25 00:40:11,2024-04-25 23:23:30,UTC-04:00,2024-04-25 00:40:11,2024-04-25 08:23:03,85,15.4,432,462,242,79,111,30,510,32,93,69,false
2024-04-23 23:39:32,2024-04-25 00:40:11,UTC-04:00,2024-04-23 23:39:32,2024-04-24 07:49:03,87,16.1,443,488,273,90,80,45,507,44,91,70,false
2024-04-22 23:38:03,2024-04-23 23:39:32,UTC-04:00,2024-04-22 23:38:03,2024-04-23 07:09:52,82,15.5,419,450,314,56,49,31,508,17,94,61,false
2024-04-21 23:10:00,2024-04-22 23:38:03,UTC-04:00,2024-04-21 23:10:00,2024-04-22 07:20:00,93,16.2,466,490,430,8,28,24,502,0,95,50,false
2024-04-20 00:29:52,2024-04-21 23:10:00,UTC-04:00,2024-04-20 00:29:52,2024-04-20 09:37:50,100,16.5,507,547,315,110,82,40,504,3,93,65,false
2024-04-18 23:25:58,2024-04-20 00:29:52,UTC-04:00,2024-04-18 23:25:58,2024-04-19 08:06:02,99,15.7,498,520,348,64,86,22,504,39,95,87,false
2024-04-17 23:29:11,2024-04-18 23:25:58,UTC-04:00,2024-04-17 23:29:11,2024-04-18 07:06:47,84,15.9,422,457,227,83,112,35,501,19,92,82,false
2024-04-16 22:58:59,2024-04-17 23:29:11,UTC-04:00,2024-04-16 22:58:59,2024-04-17 07:08:47,92,16.3,463,487,358,30,75,24,503,17,95,79,false
2024-04-15 23:21:32,2024-04-16 22:58:59,UTC-04:00,2024-04-15 23:21:32,2024-04-16 07:51:02,93,16.2,472,509,342,77,53,37,508,11,92,74,false
2024-04-14 23:17:33,2024-04-15 23:21:32,UTC-04:00,2024-04-14 23:17:33,2024-04-15 07:44:38,96,15.9,465,507,383,35,47,42,483,0,92,68,false
2024-04-13 23:40:21,2024-04-14 23:17:33,UTC-04:00,2024-04-13 23:40:21,2024-04-14 08:49:53,100,16.5,506,545,422,47,37,39,493,14,93,55,false
2024-04-13 02:07:44,2024-04-13 23:40:21,UTC-04:00,2024-04-13 02:07:44,2024-04-13 11:11:22,94,16.6,496,543,307,106,83,47,526,36,91,41,false
2024-04-11 23:59:48,2024-04-13 02:07:44,UTC-04:00,2024-04-11 23:59:48,2024-04-12 07:31:55,85,15.4,406,451,211,82,113,45,480,20,91,87,false
2024-04-10 23:37:03,2024-04-11 23:59:48,UTC-04:00,2024-04-10 23:37:03,2024-04-11 07:32:32,92,15.8,446,472,201,118,127,26,487,12,95,86,false
2024-04-09 23:22:35,2024-04-10 23:37:03,UTC-04:00,2024-04-09 23:22:35,2024-04-10 07:49:41,95,15.9,465,507,226,111,128,42,489,0,91,83,false
2024-04-08 22:39:16,2024-04-09 23:22:35,UTC-04:00,2024-04-08 22:39:16,2024-04-09 07:23:56,100,15.7,490,524,190,121,179,34,454,0,93,64,false
2024-04-07 22:57:56,2024-04-08 22:39:16,UTC-04:00,2024-04-07 22:57:56,2024-04-08 07:21:11,100,16.6,483,503,374,45,64,20,468,0,96,51,false
2024-04-06 23:33:19,2024-04-07 22:57:56,UTC-04:00,2024-04-06 23:33:19,2024-04-07 09:32:17,100,16.1,557,596,428,59,70,39,488,1,93,79,false
2024-04-05 23:23:54,2024-04-06 23:33:19,UTC-04:00,2024-04-05 23:23:54,2024-04-06 09:23:35,29,16.9,142,167,41,42,59,25,494,1,86,87,false
2024-04-04 23:43:05,2024-04-05 23:23:54,UTC-04:00,2024-04-04 23:43:05,2024-04-05 07:39:54,100,15.2,451,476,271,82,98,25,453,0,94,87,false
2024-04-03 23:20:41,2024-04-04 23:43:05,UTC-04:00,2024-04-03 23:20:41,2024-04-04 08:15:39,100,15.1,505,534,310,96,99,29,472,1,94,84,false
2024-04-03 00:20:45,2024-04-03 23:20:41,UTC-04:00,2024-04-03 00:20:45,2024-04-03 08:36:47,99,16.1,475,496,291,92,92,21,478,21,96,82,false
2024-04-01 23:02:21,2024-04-03 00:20:45,UTC-04:00,2024-04-01 23:02:21,2024-04-02 07:24:29,91,15.5,438,502,267,82,89,64,482,0,88,79,false
2024-04-01 00:09:31,2024-04-01 23:02:21,UTC-04:00,2024-04-01 00:09:31,2024-04-01 08:35:11,100,15.5,488,505,227,80,181,17,462,3,96,85,false
2024-03-31 00:00:20,2024-04-01 00:09:31,UTC-04:00,2024-03-31 00:00:20,2024-03-31 09:17:54,99,16.3,513,557,385,67,61,44,518,40,93,81,false
2024-03-30 00:46:28,2024-03-31 00:00:20,UTC-04:00,2024-03-30 00:46:28,2024-03-30 08:20:42,84,16.4,429,454,181,110,138,25,509,0,94,71,false
2024-03-28 23:23:06,2024-03-30 00:46:28,UTC-04:00,2024-03-28 23:23:06,2024-03-29 09:20:34,100,16.6,552,593,317,102,133,41,516,41,94,73,false
2024-03-27 23:36:40,2024-03-28 23:23:06,UTC-04:00,2024-03-27 23:36:40,2024-03-28 07:02:43,83,15.5,421,446,188,99,134,25,504,41,94,81,false
2024-03-27 00:00:40,2024-03-27 23:36:40,UTC-04:00,2024-03-27 00:00:40,2024-03-27 07:31:55,84,15.5,432,448,250,71,111,16,515,21,96,,false
2024-03-26 00:40:02,2024-03-27 00:00:40,UTC-04:00,2024-03-26 00:40:02,2024-03-26 08:43:35,91,15.5,429,483,279,67,83,54,472,1,89,,false
2024-03-19 00:34:30,2024-03-20 00:34:30,UTC-04:00,2024-03-19 00:34:30,2024-03-19 08:31:48,99,15.9,457,477,297,59,101,20,460,0,96,77,false
2024-03-17 22:18:55,2024-03-19 00:34:30,UTC-04:00,2024-03-17 22:18:55,2024-03-18 08:17:20,100,16.6,550,597,379,66,105,47,457,0,92,72,false
2024-03-17 00:07:46,2024-03-17 22:18:55,UTC-04:00,2024-03-17 00:07:46,2024-03-17 09:19:34,100,15.9,520,551,391,47,82,31,471,0,94,84,false
2024-03-15 23:55:13,2024-03-17 00:07:46,UTC-04:00,2024-03-15 23:55:13,2024-03-16 09:24:19,100,16.5,523,558,342,72,109,35,471,3,93,78,false
2024-03-15 00:02:53,2024-03-15 23:55:13,UTC-04:00,2024-03-15 00:02:53,2024-03-15 08:02:06,99,16.1,461,479,267,65,129,18,468,1,96,79,false
2024-03-13 23:08:31,2024-03-15 00:02:53,UTC-04:00,2024-03-13 23:08:31,2024-03-14 07:26:34,100,16.1,473,498,348,57,68,25,475,5,95,77,false
2024-03-12 23:46:00,2024-03-13 23:08:31,UTC-04:00,2024-03-12 23:46:00,2024-03-13 08:03:15,98,16.4,486,494,385,46,55,8,497,0,98,75,false
2024-03-11 22:45:52,2024-03-12 23:46:00,UTC-04:00,2024-03-11 22:45:52,2024-03-12 09:13:37,100,16.2,601,627,408,77,116,26,490,0,95,73,false
2024-03-10 23:54:04,2024-03-11 22:45:52,UTC-04:00,2024-03-10 23:54:04,2024-03-11 08:52:53,100,17.1,519,538,498,0,21,19,453,0,96,53,false
2024-03-09 23:31:58,2024-03-10 22:54:04,UTC-05:00,2024-03-09 23:31:58,2024-03-10 09:29:54,100,16.7,591,597,504,27,60,6,451,0,98,81,false
2024-03-07 23:31:53,2024-03-09 00:00:00,UTC-05:00,2024-03-07 23:31:53,2024-03-08 08:04:16,100,16.9,488,512,416,27,45,24,456,0,95,87,false
2024-03-06 23:03:54,2024-03-07 23:31:53,UTC-05:00,2024-03-06 23:03:54,2024-03-07 08:20:01,100,16.5,496,556,363,77,56,60,473,0,89,80,false
2024-03-05 23:57:40,2024-03-06 23:03:54,UTC-05:00,2024-03-05 23:57:40,2024-03-06 08:07:07,100,16.1,474,489,363,32,79,15,466,0,97,72,false
2024-03-04 22:46:30,2024-03-05 23:57:40,UTC-05:00,2024-03-04 22:46:30,2024-03-05 07:23:06,100,16.3,495,516,343,72,80,21,480,0,95,66,false
2024-03-03 23:16:29,2024-03-04 22:46:30,UTC-05:00,2024-03-03 23:16:29,2024-03-04 08:04:20,100,17.1,501,523,472,9,20,22,397,0,95,64,false
2024-03-02 23:57:47,2024-03-03 23:16:29,UTC-05:00,2024-03-03 15:07:11,2024-03-03 16:13:31,14,17.2,61,66,43,10,8,5,455,0,92,,true
2024-03-02 23:57:47,2024-03-03 23:16:29,UTC-05:00,2024-03-02 23:57:47,2024-03-03 09:34:35,100,16.5,537,576,402,63,72,39,499,0,93,71,false
2024-03-02 01:18:07,2024-03-02 23:57:47,UTC-05:00,2024-03-02 01:18:07,2024-03-02 10:35:40,100,15.6,525,555,389,75,61,30,467,4,94,57,false
2024-02-29 23:47:48,2024-03-02 01:18:07,UTC-05:00,2024-02-29 23:47:48,2024-03-01 08:22:22,99,15.6,464,514,331,41,92,50,471,8,90,88,false
2024-02-28 23:32:09,2024-02-29 23:47:48,UTC-05:00,2024-02-28 23:32:09,2024-02-29 07:29:39,96,16.0,459,477,366,39,54,18,476,0,96,76,false
2024-02-27 23:37:40,2024-02-28 23:32:09,UTC-05:00,2024-02-27 23:37:40,2024-02-28 09:02:20,100,16.4,527,556,407,30,90,29,466,5,94,65,false
2024-02-26 23:37:10,2024-02-27 23:37:40,UTC-05:00,2024-02-26 23:37:10,2024-02-27 08:10:31,98,16.6,484,513,318,73,93,29,494,0,94,56,false
2024-02-25 23:14:00,2024-02-26 23:37:10,UTC-05:00,2024-02-25 23:14:00,2024-02-26 08:16:00,100,16.2,507,542,359,63,85,35,486,0,94,43,false
2024-02-24 01:08:12,2024-02-25 23:14:00,UTC-05:00,2024-02-24 01:08:12,2024-02-24 11:19:50,100,15.7,577,611,373,79,125,34,491,0,94,54,false
2024-02-23 00:19:20,2024-02-24 01:08:12,UTC-05:00,2024-02-23 00:19:20,2024-02-23 08:37:54,100,15.9,471,491,339,63,69,20,465,6,95,78,false
2024-02-21 23:54:37,2024-02-23 00:19:20,UTC-05:00,2024-02-21 23:54:37,2024-02-22 07:54:07,97,15.7,446,479,307,43,96,33,459,3,93,74,false
2024-02-20 23:37:45,2024-02-21 23:54:37,UTC-05:00,2024-02-20 23:37:45,2024-02-21 08:00:43,99,16.3,473,502,388,38,47,29,478,0,94,69,false
2024-02-19 23:17:28,2024-02-20 23:37:45,UTC-05:00,2024-02-19 23:17:28,2024-02-20 08:15:24,100,16.1,501,537,391,61,49,36,426,0,93,67,false
2024-02-18 23:25:01,2024-02-19 23:17:28,UTC-05:00,2024-02-19 13:15:08,2024-02-19 14:31:33,16,,74,76,74,0,0,2,454,0,97,,true
2024-02-18 23:25:01,2024-02-19 23:17:28,UTC-05:00,2024-02-18 23:25:01,2024-02-19 09:35:27,100,14.9,561,610,472,35,54,49,391,0,92,59,false
2024-02-18 00:33:40,2024-02-18 23:25:01,UTC-05:00,2024-02-18 13:06:23,2024-02-18 14:35:20,16,16.3,74,88,70,4,0,14,455,0,84,,true
2024-02-18 00:33:40,2024-02-18 23:25:01,UTC-05:00,2024-02-18 00:33:40,2024-02-18 08:59:48,100,16.5,459,506,236,104,119,47,341,10,90,61,false
2024-02-17 00:15:16,2024-02-18 00:33:40,UTC-05:00,2024-02-17 14:15:00,2024-02-17 16:38:00,29,17.3,135,143,84,20,31,8,463,10,94,,true
2024-02-17 00:15:16,2024-02-18 00:33:40,UTC-05:00,2024-02-17 00:15:16,2024-02-17 08:46:43,96,15.7,482,509,331,49,102,27,502,0,94,84,false
2024-02-15 23:28:28,2024-02-17 00:15:16,UTC-05:00,2024-02-15 23:28:28,2024-02-16 07:53:44,100,15.8,486,505,332,52,102,19,470,0,96,84,false
2024-02-14 23:40:55,2024-02-15 23:28:28,UTC-05:00,2024-02-14 23:40:55,2024-02-15 08:17:31,100,16.0,498,515,310,88,100,17,480,22,96,80,false
2024-02-14 00:53:56,2024-02-14 23:40:55,UTC-05:00,2024-02-14 00:53:56,2024-02-14 08:54:36,91,16.4,441,480,295,66,80,39,487,0,92,68,false
2024-02-12 22:31:08,2024-02-14 00:53:56,UTC-05:00,2024-02-12 22:31:08,2024-02-13 08:31:46,100,15.2,531,600,303,109,119,69,453,0,88,79,false
2024-02-11 22:39:42,2024-02-12 22:31:08,UTC-05:00,2024-02-11 22:39:42,2024-02-12 08:32:43,100,15.7,563,593,471,39,53,30,453,0,94,69,false
2024-02-10 23:15:12,2024-02-11 22:39:42,UTC-05:00,2024-02-10 23:15:12,2024-02-11 09:41:52,100,16.1,595,623,567,10,18,28,414,15,95,64,false
2024-02-09 23:52:10,2024-02-10 23:15:12,UTC-05:00,2024-02-10 12:57:34,2024-02-10 14:02:27,12,15.9,56,64,32,15,9,8,471,15,90,,true
2024-02-09 23:52:10,2024-02-10 23:15:12,UTC-05:00,2024-02-09 23:52:10,2024-02-10 08:00:29,94,16.9,467,486,347,77,43,19,499,7,96,83,false
2024-02-09 00:31:32,2024-02-09 23:52:10,UTC-05:00,2024-02-09 00:31:32,2024-02-09 08:58:09,98,16.6,467,506,315,87,65,39,478,0,92,76,false
2024-02-08 00:00:40,2024-02-09 00:31:32,UTC-05:00,2024-02-08 00:00:40,2024-02-08 08:17:40,100,15.5,463,497,304,73,86,34,461,0,93,82,false
2024-02-06 22:54:03,2024-02-08 00:00:40,UTC-05:00,2024-02-06 22:54:03,2024-02-07 07:30:15,100,16.1,497,515,305,78,114,18,487,0,96,84,false
2024-02-05 23:42:59,2024-02-06 22:54:03,UTC-05:00,2024-02-05 23:42:59,2024-02-06 08:22:21,100,16.0,491,518,364,66,61,27,484,0,96,81,false
2024-02-04 23:00:19,2024-02-05 23:42:59,UTC-05:00,2024-02-04 23:00:19,2024-02-05 08:19:43,100,16.7,535,556,402,57,76,21,392,0,96,68,false
2024-02-03 23:32:57,2024-02-04 23:00:19,UTC-05:00,2024-02-04 16:27:08,2024-02-04 17:39:14,14,15.7,63,72,57,0,6,9,456,0,88,,true
2024-02-03 23:32:57,2024-02-04 23:00:19,UTC-05:00,2024-02-03 23:32:57,2024-02-04 08:30:49,100,16.5,513,536,448,27,38,23,513,53,95,82,false
2024-02-03 02:04:48,2024-02-03 23:32:57,UTC-05:00,2024-02-03 02:04:48,2024-02-03 08:43:08,78,16.5,371,393,193,84,94,22,478,0,94,72,false
2024-02-01 23:44:15,2024-02-03 02:04:48,UTC-05:00,2024-02-01 23:44:15,2024-02-02 08:30:38,100,15.9,491,524,337,85,69,33,483,12,94,85,false
2024-02-01 00:33:23,2024-02-01 23:44:15,UTC-05:00,2024-02-01 00:33:23,2024-02-01 08:55:12,95,16.8,433,501,341,58,34,68,457,0,86,74,false
2024-01-30 23:33:14,2024-02-01 00:33:23,UTC-05:00,2024-01-30 23:33:14,2024-01-31 08:53:44,100,16.4,529,560,455,40,34,31,475,0,94,73,false
2024-01-29 22:42:15,2024-01-30 23:33:14,UTC-05:00,2024-01-29 22:42:15,2024-01-30 08:33:27,100,16.3,535,591,375,67,93,56,492,0,90,66,false
2024-01-28 21:47:03,2024-01-29 22:42:15,UTC-05:00,2024-01-28 21:47:03,2024-01-29 08:01:37,100,16.5,586,612,458,52,76,26,455,0,95,59,false
2024-01-28 00:58:47,2024-01-28 21:47:03,UTC-05:00,2024-01-28 00:58:47,2024-01-28 10:34:02,100,16.0,552,575,411,46,95,23,495,0,95,75,false
2024-01-27 00:35:30,2024-01-28 00:58:47,UTC-05:00,2024-01-27 00:35:30,2024-01-27 10:00:00,100,16.6,502,564,324,71,107,62,477,0,89,76,false
2024-01-25 23:15:11,2024-01-27 00:35:30,UTC-05:00,2024-01-25 23:15:11,2024-01-26 09:00:29,100,16.6,547,583,379,80,88,36,453,0,93,93,false
2024-01-24 23:58:30,2024-01-25 23:15:11,UTC-05:00,2024-01-24 23:58:30,2024-01-25 08:57:07,100,16.4,510,538,391,49,70,28,482,0,95,88,false
2024-01-23 23:29:08,2024-01-24 23:58:30,UTC-05:00,2024-01-23 23:29:08,2024-01-24 09:08:18,100,16.5,541,572,395,63,83,31,488,0,94,82,false
2024-01-22 23:41:13,2024-01-23 23:29:08,UTC-05:00,2024-01-22 23:41:13,2024-01-23 08:55:42,100,16.3,511,554,364,91,56,43,479,0,92,74,false
2024-01-21 23:29:38,2024-01-22 23:41:13,UTC-05:00,2024-01-21 23:29:38,2024-01-22 08:52:29,100,16.0,544,562,437,42,65,18,521,41,96,63,false
2024-01-20 23:44:39,2024-01-21 23:29:38,UTC-05:00,2024-01-20 23:44:39,2024-01-21 07:28:01,84,16.3,424,463,320,40,64,39,508,25,91,52,false
2024-01-20 02:44:42,2024-01-20 23:44:39,UTC-05:00,2024-01-20 02:44:42,2024-01-20 10:59:46,88,16.5,391,495,191,99,101,104,442,15,79,40,false
2024-01-19 01:04:34,2024-01-20 02:44:42,UTC-05:00,2024-01-19 10:33:46,2024-01-19 12:07:59,16,17.1,76,94,76,0,0,18,468,15,81,,true
2024-01-19 01:04:34,2024-01-20 02:44:42,UTC-05:00,2024-01-19 01:04:34,2024-01-19 08:30:37,93,16.3,424,444,271,63,90,20,455,0,95,71,false
2024-01-17 23:45:41,2024-01-19 01:04:34,UTC-05:00,2024-01-17 23:45:41,2024-01-18 08:43:51,100,16.6,507,534,309,99,99,27,456,0,94,74,false
2024-01-16 22:56:07,2024-01-17 23:45:41,UTC-05:00,2024-01-16 22:56:07,2024-01-17 07:35:02,100,16.5,478,518,367,54,57,40,469,12,92,67,false
2024-01-15 23:53:24,2024-01-16 22:56:07,UTC-05:00,2024-01-15 23:53:24,2024-01-16 08:01:45,96,16.3,463,486,292,66,105,23,482,0,95,58,false
2024-01-14 22:55:39,2024-01-15 23:53:24,UTC-05:00,2024-01-14 22:55:39,2024-01-15 06:41:57,100,16.6,443,464,337,39,67,21,433,40,95,53,false
2024-01-14 00:38:56,2024-01-14 22:55:39,UTC-05:00,2024-01-14 16:10:27,2024-01-14 17:17:45,13,15.6,65,67,42,10,13,2,499,40,100,,true
2024-01-14 00:38:56,2024-01-14 22:55:39,UTC-05:00,2024-01-14 00:38:56,2024-01-14 09:34:23,86,16.8,483,535,377,50,56,52,564,59,90,67,false
2024-01-13 03:03:34,2024-01-14 00:38:56,UTC-05:00,2024-01-13 03:03:34,2024-01-13 10:33:57,77,15.9,401,450,224,95,82,49,519,10,89,50,false
2024-01-12 00:48:49,2024-01-13 03:03:34,UTC-05:00,2024-01-12 00:48:49,2024-01-12 08:46:16,95,16.5,449,477,305,94,50,28,471,0,94,77,false
2024-01-11 00:24:44,2024-01-12 00:48:49,UTC-05:00,2024-01-11 00:24:44,2024-01-11 08:58:42,100,16.1,495,513,376,72,47,18,397,0,96,65,false
2024-01-09 23:21:34,2024-01-11 00:24:44,UTC-05:00,2024-01-10 15:04:47,2024-01-10 16:33:13,18,16.6,79,88,53,12,14,9,453,0,90,,true
2024-01-09 23:21:34,2024-01-11 00:24:44,UTC-05:00,2024-01-09 23:21:34,2024-01-10 08:58:50,100,16.4,557,577,537,0,20,20,464,0,96,81,false
2024-01-08 22:50:00,2024-01-09 23:21:34,UTC-05:00,2024-01-08 22:50:00,2024-01-09 09:10:00,100,16.6,531,620,301,75,155,89,487,0,85,76,false
2024-01-07 22:38:21,2024-01-08 22:50:00,UTC-05:00,2024-01-07 22:38:21,2024-01-08 08:09:51,100,16.3,532,571,398,53,81,39,495,27,93,69,false
2024-01-07 00:07:14,2024-01-07 22:38:21,UTC-05:00,2024-01-07 00:07:14,2024-01-07 07:40:00,88,15.9,425,452,340,43,42,27,481,5,94,77,false
2024-01-06 01:13:52,2024-01-07 00:07:14,UTC-05:00,2024-01-06 01:13:52,2024-01-06 09:44:48,98,16.5,480,510,340,69,71,30,489,0,93,66,false
2024-01-04 23:23:43,2024-01-06 01:13:52,UTC-05:00,2024-01-04 23:23:43,2024-01-05 08:41:46,100,15.5,529,558,300,114,115,29,471,0,95,78,false
2024-01-04 00:15:05,2024-01-04 23:23:43,UTC-05:00,2024-01-04 00:15:05,2024-01-04 08:39:46,100,16.6,466,503,322,61,83,37,457,0,92,71,false
2024-01-02 23:12:31,2024-01-04 00:15:05,UTC-05:00,2024-01-02 23:12:31,2024-01-03 08:09:54,100,16.4,498,537,375,54,69,39,477,0,92,59,false
2024-01-01 23:54:37,2024-01-02 23:12:31,UTC-05:00,2024-01-01 23:54:37,2024-01-02 08:14:59,100,16.2,482,500,467,0,15,18,466,0,96,47,false
2024-01-01 02:02:54,2024-01-01 23:54:37,UTC-05:00,2024-01-01 02:02:54,2024-01-01 12:43:37,100,16.9,554,640,295,116,143,86,526,48,86,48,false
2023-12-31 00:42:03,2024-01-01 02:02:54,UTC-05:00,2023-12-31 00:42:03,2023-12-31 09:00:01,82,15.8,454,497,271,53,130,43,550,41,91,88,false
2023-12-30 01:12:10,2023-12-31 00:42:03,UTC-05:00,2023-12-30 01:12:10,2023-12-30 08:59:22,83,16.2,413,466,223,94,96,53,497,16,89,74,false
2023-12-29 00:34:37,2023-12-30 01:12:10,UTC-05:00,2023-12-29 00:34:37,2023-12-29 08:50:40,93,16.0,446,492,312,74,60,46,479,19,90,72,false
2023-12-27 23:30:26,2023-12-29 00:34:37,UTC-05:00,2023-12-27 23:30:26,2023-12-28 08:00:26,92,16.0,450,509,372,51,27,59,489,0,88,68,false
2023-12-26 23:13:34,2023-12-27 23:30:26,UTC-05:00,2023-12-26 23:13:34,2023-12-27 08:03:39,100,15.9,498,530,364,60,74,32,477,0,94,66,false
2023-12-26 00:44:43,2023-12-26 23:13:34,UTC-05:00,2023-12-26 00:44:43,2023-12-26 09:04:36,100,16.0,473,499,381,29,63,26,254,0,94,46,false
2023-12-25 00:16:47,2023-12-26 00:44:43,UTC-05:00,2023-12-25 13:15:27,2023-12-25 16:45:30,44,17.0,201,210,85,40,76,9,453,0,95,,true
2023-12-25 00:16:47,2023-12-26 00:44:43,UTC-05:00,2023-12-25 00:16:47,2023-12-25 09:52:37,100,16.7,546,573,414,33,99,27,466,8,95,79,false
2023-12-23 23:10:32,2023-12-25 00:16:47,UTC-05:00,2023-12-23 23:10:32,2023-12-24 08:17:31,97,16.1,484,546,393,34,57,62,498,0,88,79,false
2023-12-22 23:58:35,2023-12-23 23:10:32,UTC-05:00,2023-12-22 23:58:35,2023-12-23 09:20:29,100,15.9,490,561,387,40,63,71,454,0,87,82,false
2023-12-22 00:13:15,2023-12-22 23:58:35,UTC-05:00,2023-12-22 00:13:15,2023-12-22 08:24:58,100,16.7,457,491,388,28,41,34,454,0,92,82,false
2023-12-20 23:46:46,2023-12-22 00:13:15,UTC-05:00,2023-12-20 23:46:46,2023-12-21 08:38:51,100,16.2,496,532,356,70,70,36,480,24,93,74,false
2023-12-20 01:07:57,2023-12-20 23:46:46,UTC-05:00,2023-12-20 01:07:57,2023-12-20 08:34:29,92,16.7,417,444,227,118,72,27,456,0,94,61,false
2023-12-18 23:41:38,2023-12-20 01:07:57,UTC-05:00,2023-12-18 23:41:38,2023-12-19 07:09:36,100,16.0,423,446,242,57,124,23,410,0,95,60,false
2023-12-17 22:22:16,2023-12-18 23:41:38,UTC-05:00,2023-12-18 12:35:27,2023-12-18 13:49:57,16,16.8,74,74,61,0,13,0,453,0,100,,true
2023-12-17 22:22:16,2023-12-18 23:41:38,UTC-05:00,2023-12-17 22:22:16,2023-12-18 07:56:29,100,16.2,532,574,318,111,103,42,489,24,92,58,false
2023-12-17 00:26:04,2023-12-17 22:22:16,UTC-05:00,2023-12-17 00:26:04,2023-12-17 07:58:50,92,16.7,423,450,344,30,49,27,462,99,94,51,false
2023-12-16 02:54:03,2023-12-17 00:26:04,UTC-05:00,2023-12-16 14:00:00,2023-12-16 15:47:00,17,17.1,91,107,61,0,30,16,552,99,94,,true
2023-12-16 02:54:03,2023-12-17 00:26:04,UTC-05:00,2023-12-16 02:54:03,2023-12-16 09:13:18,63,16.3,344,377,173,85,86,33,542,33,91,52,false
2023-12-14 23:39:35,2023-12-16 02:54:03,UTC-05:00,2023-12-14 23:39:35,2023-12-15 07:36:54,87,15.8,428,477,253,77,98,49,494,38,89,84,false
2023-12-13 23:26:47,2023-12-14 23:39:35,UTC-05:00,2023-12-13 23:26:47,2023-12-14 07:05:49,85,16.1,433,459,277,58,98,26,510,52,94,84,false
2023-12-13 01:06:27,2023-12-13 23:26:47,UTC-05:00,2023-12-13 01:06:27,2023-12-13 08:07:31,79,16.5,389,421,228,61,100,32,494,16,92,73,false
2023-12-11 23:09:07,2023-12-13 01:06:27,UTC-05:00,2023-12-11 23:09:07,2023-12-12 07:59:46,95,16.0,481,530,363,63,55,49,507,0,90,83,false
2023-12-10 23:26:56,2023-12-11 23:09:07,UTC-05:00,2023-12-10 23:26:56,2023-12-11 07:44:54,100,16.3,482,497,337,49,96,15,404,16,96,73,false
2023-12-09 23:04:47,2023-12-10 23:26:56,UTC-05:00,2023-12-10 15:31:05,2023-12-10 16:40:47,14,16.0,67,69,37,4,26,2,470,16,97,,true
2023-12-09 23:04:47,2023-12-10 23:26:56,UTC-05:00,2023-12-09 23:04:47,2023-12-10 07:42:11,95,16.6,502,517,383,31,88,15,527,29,97,78,false
2023-12-09 00:17:09,2023-12-09 23:04:47,UTC-05:00,2023-12-09 00:17:09,2023-12-09 08:00:02,88,16.1,447,462,400,12,35,15,505,0,96,82,false
2023-12-07 23:49:58,2023-12-09 00:17:09,UTC-05:00,2023-12-07 23:49:58,2023-12-08 07:29:57,100,16.1,437,459,345,61,31,22,436,17,95,72,false
2023-12-07 00:00:29,2023-12-07 23:49:58,UTC-05:00,2023-12-07 13:45:00,2023-12-07 15:15:00,18,16.7,83,90,73,0,10,7,471,17,95,,true
2023-12-07 00:00:29,2023-12-07 23:49:58,UTC-05:00,2023-12-07 00:00:29,2023-12-07 08:41:31,94,16.3,471,519,258,97,116,48,498,42,90,85,false
2023-12-05 23:53:14,2023-12-07 00:00:29,UTC-05:00,2023-12-05 23:53:14,2023-12-06 07:51:38,84,16.1,443,478,299,70,74,35,528,45,93,83,false
2023-12-05 00:12:03,2023-12-05 23:53:14,UTC-05:00,2023-12-05 00:12:03,2023-12-05 08:03:06,83,16.4,436,471,297,72,67,35,527,30,92,77,false
2023-12-03 23:59:02,2023-12-05 00:12:03,UTC-05:00,2023-12-03 23:59:02,2023-12-04 07:57:16,90,16.3,448,476,263,75,110,28,496,11,94,81,false
2023-12-03 01:19:57,2023-12-03 23:59:02,UTC-05:00,2023-12-03 01:19:57,2023-12-03 09:18:42,96,16.5,455,478,269,74,112,23,473,0,95,72,false
2023-12-01 23:57:43,2023-12-03 01:19:57,UTC-05:00,2023-12-01 23:57:43,2023-12-02 10:13:55,100,16.1,570,616,344,94,132,46,544,58,92,72,false
2023-12-01 01:03:32,2023-12-01 23:57:43,UTC-05:00,2023-12-01 01:03:32,2023-12-01 08:34:24,78,16.5,423,450,266,63,94,27,539,28,93,82,false
2023-11-29 23:37:03,2023-12-01 01:03:32,UTC-05:00,2023-11-29 23:37:03,2023-11-30 08:53:39,92,16.2,525,556,369,59,97,31,569,62,94,79,false
2023-11-29 00:28:31,2023-11-29 23:37:03,UTC-05:00,2023-11-29 00:28:31,2023-11-29 07:59:18,77,16.0,407,450,231,97,79,43,531,76,90,85,false
2023-11-28 00:42:53,2023-11-29 00:28:31,UTC-05:00,2023-11-28 00:42:53,2023-11-28 08:29:36,79,15.5,435,466,327,49,59,31,554,47,93,81,false
2023-11-26 23:55:33,2023-11-28 00:42:53,UTC-05:00,2023-11-26 23:55:33,2023-11-27 07:55:44,87,16.4,471,480,345,38,88,9,544,64,98,70,false
2023-11-26 02:02:53,2023-11-26 23:55:33,UTC-05:00,2023-11-26 02:02:53,2023-11-26 09:20:46,77,15.7,429,437,383,11,35,8,558,99,98,75,false
2023-11-25 01:14:27,2023-11-26 02:02:53,UTC-05:00,2023-11-25 01:14:27,2023-11-25 08:12:47,65,15.5,366,418,194,71,101,52,565,57,88,82,false
2023-11-23 23:09:55,2023-11-25 00:14:27,UTC-06:00,2023-11-23 23:09:55,2023-11-24 07:00:00,79,16.2,426,470,238,98,90,44,540,85,90,70,false
2023-11-23 01:17:15,2023-11-23 23:09:55,UTC-06:00,2023-11-23 01:17:15,2023-11-23 07:41:47,68,16.8,356,384,245,80,31,28,526,69,92,66,false
2023-11-22 00:20:06,2023-11-23 01:17:15,UTC-06:00,2023-11-22 00:20:06,2023-11-22 06:53:45,71,16.6,349,393,231,69,49,44,489,31,88,65,false
2023-11-21 00:49:22,2023-11-22 00:20:06,UTC-06:00,2023-11-21 00:49:22,2023-11-21 08:18:47,89,17.0,408,449,263,89,56,41,456,0,90,53,false
2023-11-19 22:55:18,2023-11-21 00:49:22,UTC-06:00,2023-11-19 22:55:18,2023-11-20 08:02:17,100,16.2,499,546,381,56,62,47,458,121,91,31,false
2023-11-19 04:45:39,2023-11-19 22:55:18,UTC-06:00,2023-11-19 13:31:58,2023-11-19 15:40:47,20,16.8,117,128,57,21,39,11,575,121,93,,true
2023-11-19 04:45:39,2023-11-19 22:55:18,UTC-06:00,2023-11-19 04:45:39,2023-11-19 10:24:02,53,15.8,277,333,155,74,48,56,521,42,83,30,false
2023-11-18 00:20:23,2023-11-19 04:45:39,UTC-06:00,2023-11-18 00:20:23,2023-11-18 07:54:37,82,16.0,404,454,315,67,22,50,490,11,89,69,false
2023-11-16 22:13:47,2023-11-18 00:20:23,UTC-06:00,2023-11-16 22:13:47,2023-11-17 06:31:16,95,16.6,459,497,313,41,105,38,482,21,92,63,false
2023-11-16 00:44:11,2023-11-16 22:13:47,UTC-06:00,2023-11-16 00:44:11,2023-11-16 09:29:28,91,16.1,461,525,281,90,90,64,505,18,87,61,false
2023-11-14 23:01:16,2023-11-16 00:44:11,UTC-06:00,2023-11-14 23:01:16,2023-11-15 07:06:44,92,16.8,435,485,327,63,45,50,472,0,89,78,false
2023-11-13 23:03:38,2023-11-14 23:01:16,UTC-06:00,2023-11-13 23:03:38,2023-11-14 08:02:13,100,16.4,502,538,283,97,122,36,487,0,93,71,false
2023-11-12 23:22:17,2023-11-13 23:03:38,UTC-06:00,2023-11-12 23:22:17,2023-11-13 07:59:57,100,16.1,474,517,310,62,102,43,428,36,92,54,false
2023-11-12 02:35:41,2023-11-12 23:22:17,UTC-06:00,2023-11-12 17:05:00,2023-11-12 18:25:00,13,16.8,64,80,49,12,3,16,492,36,92,,true
2023-11-12 02:35:41,2023-11-12 23:22:17,UTC-06:00,2023-11-12 02:35:41,2023-11-12 09:31:56,84,16.0,391,416,243,65,83,25,463,4,94,45,false
2023-11-11 00:19:24,2023-11-12 03:35:41,UTC-05:00,2023-11-11 00:19:24,2023-11-11 09:12:05,98,15.9,480,532,282,102,96,52,487,0,90,80,false
2023-11-09 23:55:30,2023-11-11 00:19:24,UTC-05:00,2023-11-09 23:55:30,2023-11-10 08:09:38,100,15.8,459,494,264,86,109,35,455,0,94,76,false
2023-11-08 23:21:19,2023-11-09 23:55:30,UTC-05:00,2023-11-08 23:21:19,2023-11-09 09:06:46,100,16.3,542,585,334,82,126,43,502,0,93,74,false
2023-11-08 00:14:11,2023-11-08 23:21:19,UTC-05:00,2023-11-08 00:14:11,2023-11-08 08:04:36,100,16.1,455,470,301,82,72,15,426,5,97,70,false
2023-11-06 23:09:27,2023-11-08 00:14:11,UTC-05:00,2023-11-07 12:05:00,2023-11-07 13:15:00,14,16.5,66,70,27,16,23,4,458,5,94,,true
2023-11-06 23:09:27,2023-11-08 00:14:11,UTC-05:00,2023-11-06 23:09:27,2023-11-07 07:45:41,98,15.8,476,516,396,43,37,40,484,7,92,92,false
2023-11-05 22:58:21,2023-11-06 23:09:27,UTC-05:00,2023-11-05 22:58:21,2023-11-06 07:44:08,98,16.1,493,525,407,39,47,32,505,0,94,88,false
2023-11-04 23:48:05,2023-11-05 23:58:21,UTC-04:00,2023-11-04 23:48:05,2023-11-05 08:40:40,100,16.5,510,532,250,113,147,22,492,31,95,84,false
2023-11-04 00:33:13,2023-11-04 23:48:05,UTC-04:00,2023-11-04 00:33:13,2023-11-04 08:38:01,88,16.5,451,484,271,75,105,33,514,0,93,77,false
2023-11-02 23:13:36,2023-11-04 00:33:13,UTC-04:00,2023-11-02 23:13:36,2023-11-03 08:10:30,100,16.2,501,536,310,45,146,35,443,24,93,70,false
2023-11-02 00:07:15,2023-11-02 23:13:36,UTC-04:00,2023-11-02 13:25:00,2023-11-02 14:53:00,17,16.2,81,88,27,16,38,7,478,24,93,,true
2023-11-02 00:07:15,2023-11-02 23:13:36,UTC-04:00,2023-11-02 00:07:15,2023-11-02 08:10:48,90,15.7,449,483,194,106,149,34,498,37,93,83,false
2023-10-31 23:48:11,2023-11-02 00:07:15,UTC-04:00,2023-10-31 23:48:11,2023-11-01 07:42:53,85,16.1,442,474,331,52,59,32,517,21,94,84,false
2023-10-31 00:27:56,2023-10-31 23:48:11,UTC-04:00,2023-10-31 00:27:56,2023-10-31 08:39:43,91,16.1,454,491,237,82,135,37,497,0,92,75,false
2023-10-29 23:25:16,2023-10-31 00:27:56,UTC-04:00,2023-10-29 23:25:16,2023-10-30 08:47:38,100,16.4,528,562,361,67,100,34,490,0,94,80,false
2023-10-28 22:12:42,2023-10-29 23:25:16,UTC-04:00,2023-10-28 22:12:42,2023-10-29 08:21:42,100,16.5,541,608,396,56,89,67,461,0,88,63,false
2023-10-27 23:20:21,2023-10-28 22:12:42,UTC-04:00,2023-10-27 23:20:21,2023-10-28 10:12:46,100,16.4,567,652,418,74,75,85,548,38,89,70,false
2023-10-26 23:48:10,2023-10-27 23:20:21,UTC-04:00,2023-10-26 23:48:10,2023-10-27 07:29:36,85,17.1,433,461,206,98,129,28,509,0,93,91,false
2023-10-25 23:00:22,2023-10-26 23:48:10,UTC-04:00,2023-10-25 23:00:22,2023-10-26 08:08:48,100,17.0,514,548,347,81,86,34,506,3,93,94,false
2023-10-24 23:09:07,2023-10-25 23:00:22,UTC-04:00,2023-10-24 23:09:07,2023-10-25 08:06:01,99,16.8,505,536,339,74,92,31,511,20,94,91,false
2023-10-23 23:08:08,2023-10-24 23:09:07,UTC-04:00,2023-10-23 23:08:08,2023-10-24 08:09:50,94,16.2,507,541,300,106,101,34,540,42,94,86,false
2023-10-22 23:31:20,2023-10-23 23:08:08,UTC-04:00,2023-10-22 23:31:20,2023-10-23 08:03:33,85,16.2,465,512,241,66,158,47,549,55,90,85,false
2023-10-22 00:50:30,2023-10-22 23:31:20,UTC-04:00,2023-10-22 00:50:30,2023-10-22 08:07:54,77,16.1,380,437,192,86,102,57,492,34,86,80,false
2023-10-21 00:18:43,2023-10-22 00:50:30,UTC-04:00,2023-10-21 00:18:43,2023-10-21 08:33:19,87,15.8,459,494,187,119,153,35,528,21,92,81,false
2023-10-19 23:04:52,2023-10-21 00:18:43,UTC-04:00,2023-10-19 23:04:52,2023-10-20 07:31:29,94,16.0,490,506,470,14,6,16,524,20,96,89,false
2023-10-18 23:22:20,2023-10-19 23:04:52,UTC-04:00,2023-10-18 23:22:20,2023-10-19 08:11:32,94,16.2,493,529,268,89,136,36,524,30,93,87,false
2023-10-18 00:05:36,2023-10-18 23:22:20,UTC-04:00,2023-10-18 00:05:36,2023-10-18 08:02:25,90,16.1,438,476,257,76,105,38,486,25,92,85,false
2023-10-16 23:16:27,2023-10-18 00:05:36,UTC-04:00,2023-10-16 23:16:27,2023-10-17 08:12:31,93,16.1,505,536,465,12,28,31,545,41,94,79,false
2023-10-16 00:25:58,2023-10-16 23:16:27,UTC-04:00,2023-10-16 00:25:58,2023-10-16 08:30:46,85,15.6,452,484,223,89,140,32,534,40,94,76,false
2023-10-15 00:24:43,2023-10-16 00:25:58,UTC-04:00,2023-10-15 00:24:43,2023-10-15 09:14:24,86,16.0,485,529,243,111,131,44,566,84,91,69,false
2023-10-13 23:14:23,2023-10-15 00:24:43,UTC-04:00,2023-10-13 23:14:23,2023-10-14 05:59:35,68,16.7,358,405,174,77,107,47,526,12,88,90,false
2023-10-12 23:52:36,2023-10-13 23:14:23,UTC-04:00,2023-10-12 23:52:36,2023-10-13 08:08:33,96,15.7,467,495,224,94,149,28,486,31,96,94,false
2023-10-12 00:06:00,2023-10-12 23:52:36,UTC-04:00,2023-10-12 00:06:00,2023-10-12 08:14:50,88,16.1,445,488,312,56,77,43,508,0,91,90,false
2023-10-10 23:22:13,2023-10-12 00:06:00,UTC-04:00,2023-10-10 23:22:13,2023-10-11 08:18:09,100,15.5,512,535,418,25,69,23,476,17,95,85,false
2023-10-09 23:50:07,2023-10-10 23:22:13,UTC-04:00,2023-10-09 23:50:07,2023-10-10 08:29:42,95,15.5,476,517,257,99,120,41,503,19,92,84,false
2023-10-09 00:07:51,2023-10-09 23:50:07,UTC-04:00,2023-10-09 00:07:51,2023-10-09 08:29:32,92,15.6,481,501,373,57,51,20,520,33,96,78,false
2023-10-08 00:46:44,2023-10-09 00:07:51,UTC-04:00,2023-10-08 00:46:44,2023-10-08 07:26:54,85,15.9,391,400,337,3,51,9,457,0,97,68,false
2023-10-06 23:45:19,2023-10-08 00:46:44,UTC-04:00,2023-10-06 23:45:19,2023-10-07 09:49:59,100,16.4,546,604,505,33,8,58,539,35,90,70,false
2023-10-05 23:45:16,2023-10-06 23:45:19,UTC-04:00,2023-10-05 23:45:16,2023-10-06 07:43:33,86,16.1,429,478,289,74,66,49,501,0,91,72,false
2023-10-05 00:31:22,2023-10-05 23:45:16,UTC-04:00,2023-10-05 00:31:22,2023-10-05 09:00:23,100,16.1,476,509,309,75,92,33,424,34,94,58,false
2023-10-04 00:29:53,2023-10-05 00:31:22,UTC-04:00,2023-10-04 11:29:20,2023-10-04 13:12:41,21,17.5,103,103,94,0,9,0,487,34,100,,true
2023-10-04 00:29:53,2023-10-05 00:31:22,UTC-04:00,2023-10-04 00:29:53,2023-10-04 07:23:45,85,16.2,389,413,260,50,79,24,457,0,94,69,false
2023-10-02 23:26:38,2023-10-04 00:29:53,UTC-04:00,2023-10-02 23:26:38,2023-10-03 08:53:20,100,16.3,511,558,378,53,80,47,501,0,91,69,false
2023-10-01 22:45:35,2023-10-02 23:26:38,UTC-04:00,2023-10-01 22:45:35,2023-10-02 08:36:43,100,16.5,548,591,418,74,56,43,379,0,92,54,false
2023-09-30 23:27:50,2023-10-01 22:45:35,UTC-04:00,2023-10-01 12:53:54,2023-10-01 14:39:10,22,16.5,105,105,32,20,53,0,480,0,100,,true
2023-09-30 23:27:50,2023-10-01 22:45:35,UTC-04:00,2023-09-30 23:27:50,2023-10-01 07:33:18,100,16.3,461,485,306,70,85,24,357,40,95,53,false
2023-09-30 01:20:45,2023-09-30 23:27:50,UTC-04:00,2023-09-30 14:10:45,2023-09-30 16:31:35,28,16.5,140,140,52,34,54,0,496,40,100,,true
2023-09-30 01:20:45,2023-09-30 23:27:50,UTC-04:00,2023-09-30 01:20:45,2023-09-30 08:49:41,84,16.3,423,448,289,66,68,25,504,8,94,68,false
2023-09-29 00:32:38,2023-09-30 01:20:45,UTC-04:00,2023-09-29 00:32:38,2023-09-29 08:34:44,96,15.6,446,477,231,116,99,31,463,5,95,67,false
2023-09-27 23:00:35,2023-09-29 00:32:38,UTC-04:00,2023-09-27 23:00:35,2023-09-28 07:16:53,98,15.8,455,496,261,72,122,41,465,0,91,71,false
2023-09-26 22:37:39,2023-09-27 23:00:35,UTC-04:00,2023-09-26 22:37:39,2023-09-27 06:35:51,100,16.5,465,478,424,22,19,13,455,0,97,82,false
2023-09-25 22:56:40,2023-09-26 22:37:39,UTC-04:00,2023-09-25 22:56:40,2023-09-26 09:00:24,100,16.8,576,603,476,27,73,27,493,0,96,79,false
2023-09-24 23:45:11,2023-09-25 22:56:40,UTC-04:00,2023-09-24 23:45:11,2023-09-25 08:40:34,100,16.6,497,535,340,62,95,38,459,0,94,86,false
2023-09-24 00:13:59,2023-09-24 23:45:11,UTC-04:00,2023-09-24 00:13:59,2023-09-24 09:50:18,100,16.3,536,574,297,95,144,38,492,0,94,85,false
2023-09-23 00:26:30,2023-09-24 00:13:59,UTC-04:00,2023-09-23 00:26:30,2023-09-23 09:41:01,100,16.5,514,554,378,74,62,40,506,0,92,76,false
2023-09-21 23:40:32,2023-09-23 00:26:30,UTC-04:00,2023-09-21 23:40:32,2023-09-22 08:32:38,100,16.4,507,532,357,87,63,25,496,0,95,86,false
2023-09-20 23:36:39,2023-09-21 23:40:32,UTC-04:00,2023-09-20 23:36:39,2023-09-21 09:07:12,100,16.9,527,569,378,79,70,42,471,0,93,82,false
2023-09-19 22:31:39,2023-09-20 23:36:39,UTC-04:00,2023-09-19 22:31:39,2023-09-20 08:39:15,100,16.3,519,606,327,81,111,87,486,0,85,89,false
2023-09-18 22:36:54,2023-09-19 22:31:39,UTC-04:00,2023-09-18 22:36:54,2023-09-19 08:42:03,100,15.8,552,605,312,128,112,53,454,0,91,84,false
2023-09-17 23:16:25,2023-09-18 22:36:54,UTC-04:00,2023-09-17 23:16:25,2023-09-18 08:35:25,100,16.2,496,558,292,86,118,62,458,0,89,84,false
2023-09-16 22:36:26,2023-09-17 23:16:25,UTC-04:00,2023-09-16 22:36:26,2023-09-17 09:40:28,100,17.1,609,659,432,105,72,50,454,0,92,84,false
2023-09-15 22:24:50,2023-09-16 22:36:26,UTC-04:00,2023-09-15 22:24:50,2023-09-16 09:18:32,100,18.4,582,653,390,130,62,71,454,0,89,76,false
2023-09-14 23:18:37,2023-09-15 22:24:50,UTC-04:00,2023-09-14 23:18:37,2023-09-15 10:06:04,100,19.2,567,647,411,107,49,80,313,88,87,72,false
2023-09-13 22:20:43,2023-09-14 23:18:37,UTC-04:00,2023-09-14 03:30:00,2023-09-14 07:40:00,43,17.2,231,250,97,65,69,19,540,88,94,,true
2023-09-13 22:20:43,2023-09-14 23:18:37,UTC-04:00,2023-09-13 22:20:43,2023-09-14 03:28:31,61,18.4,279,306,205,58,16,27,455,0,91,72,false
2023-09-12 23:15:59,2023-09-13 22:20:43,UTC-04:00,2023-09-12 23:15:59,2023-09-13 08:50:52,100,16.9,537,574,437,27,73,37,486,0,93,61,false
2023-09-12 00:48:38,2023-09-12 23:15:59,UTC-04:00,2023-09-12 00:48:38,2023-09-12 10:28:47,100,17.2,521,580,397,64,60,59,505,0,89,54,false
2023-09-10 22:21:59,2023-09-12 00:48:38,UTC-04:00,2023-09-10 22:21:59,2023-09-11 08:35:18,100,16.8,575,613,400,89,86,38,476,0,93,66,false
2023-09-09 23:54:42,2023-09-10 22:21:59,UTC-04:00,2023-09-09 23:54:42,2023-09-10 08:30:56,100,17.4,480,516,340,59,81,36,327,36,93,54,false
2023-09-09 00:48:19,2023-09-09 23:54:42,UTC-04:00,2023-09-09 11:35:00,2023-09-09 14:50:00,37,17.6,189,195,148,21,20,6,514,36,97,,true
2023-09-09 00:48:19,2023-09-09 23:54:42,UTC-04:00,2023-09-09 00:48:19,2023-09-09 08:31:41,84,17.5,426,461,289,83,54,35,509,8,92,75,false
2023-09-07 22:56:44,2023-09-09 00:48:19,UTC-04:00,2023-09-07 22:56:44,2023-09-08 08:11:53,97,17.3,515,553,373,69,73,38,530,38,93,91,false
2023-09-06 23:15:26,2023-09-07 22:56:44,UTC-04:00,2023-09-06 23:15:26,2023-09-07 07:49:44,83,17.0,431,514,322,57,52,83,523,22,83,,false
2023-09-05 23:24:47,2023-09-06 23:15:26,UTC-04:00,2023-09-05 23:24:47,2023-09-06 08:01:05,90,16.6,442,515,313,53,76,73,491,0,85,,false
