Cycle start time,Cycle end time,Cycle timezone,Workout start time,Workout end time,Duration (min),Activity name,Activity Strain,Energy burned (cal),Max HR (bpm),Average HR (bpm),HR Zone 1 %,HR Zone 2 %,HR Zone 3 %,HR Zone 4 %,HR Zone 5 %,GPS enabled
2026-09-13 22:26:28,2026-09-14 22:57:46,UTC-04:00,2026-09-14 20:03:00,2026-09-14 20:29:41,26,Running,11.1,228.0,177,151,21,6,45,26,0,false
2026-09-13 00:02:22,2026-09-13 22:26:28,UTC-04:00,2026-09-13 10:30:00,2026-09-13 11:15:00,45,Pilates,8.6,62.0,123,100,10,0,0,0,0,false
2026-09-10 22:09:19,2026-09-11 22:09:19,UTC-04:00,2026-09-11 17:21:00,2026-09-11 18:08:59,47,HIIT,13.2,273.0,169,131,19,34,24,0,0,false
2026-09-09 22:39:22,2026-09-10 22:09:19,UTC-04:00,2026-09-10 18:30:00,2026-09-10 19:18:59,48,Pilates,9.5,99.0,143,99,39,1,0,0,0,false
2026-09-08 22:34:25,2026-09-09 22:39:22,UTC-04:00,2026-09-09 20:53:00,2026-09-09 21:06:59,13,Walking,4.1,17.0,111,99,1,0,0,0,0,false
2026-09-04 23:44:37,2026-09-05 23:04:47,UTC-04:00,2026-09-05 13:09:00,2026-09-05 13:21:59,12,Walking,4.4,30.0,120,107,43,0,0,0,0,false
2026-09-04 23:44:37,2026-09-05 23:04:47,UTC-04:00,2026-09-05 11:23:00,2026-09-05 12:14:59,51,HIIT,11.8,150.0,157,108,15,19,1,0,0,false
2026-09-04 00:43:04,2026-09-04 23:44:37,UTC-04:00,2026-09-04 19:57:00,2026-09-04 20:11:59,14,Walking,2.7,15.0,106,89,0,0,0,0,0,false
2026-09-02 23:39:52,2026-09-04 00:43:04,UTC-04:00,2026-09-03 18:24:00,2026-09-03 19:20:59,56,HIIT,14.2,345.0,172,132,48,22,19,4,0,false
2026-09-02 23:39:52,2026-09-04 00:43:04,UTC-04:00,2026-09-03 17:43:00,2026-09-03 17:55:59,12,Walking,4.8,52.0,136,118,83,0,0,0,0,false
2026-08-31 23:22:19,2026-09-01 23:43:01,UTC-04:00,2026-09-01 16:26:00,2026-09-01 17:12:59,46,Pilates,10.2,158.0,150,112,63,6,0,0,0,false
2026-08-29 00:25:58,2026-08-30 00:36:33,UTC-04:00,2026-08-29 15:29:00,2026-08-29 15:44:59,15,Walking,4.4,28.0,128,101,12,0,0,0,0,false
2026-08-28 00:21:56,2026-08-29 00:25:58,UTC-04:00,2026-08-28 22:47:00,2026-08-28 23:14:59,27,Walking,3.9,27.0,104,92,0,0,0,0,0,false
2026-08-28 00:21:56,2026-08-29 00:25:58,UTC-04:00,2026-08-28 21:46:00,2026-08-28 21:58:59,12,Walking,3.8,13.0,104,90,0,0,0,0,0,false
2026-08-28 00:21:56,2026-08-29 00:25:58,UTC-04:00,2026-08-28 20:39:00,2026-08-28 20:51:59,12,Walking,4.3,19.0,110,98,0,0,0,0,0,false
2026-08-28 00:21:56,2026-08-29 00:25:58,UTC-04:00,2026-08-28 17:25:00,2026-08-28 17:43:59,18,Walking,4.4,38.0,130,98,38,0,0,0,0,false
2026-08-28 00:21:56,2026-08-29 00:25:58,UTC-04:00,2026-08-28 10:50:00,2026-08-28 11:11:59,21,Walking,4.4,31.0,117,97,5,0,0,0,0,false
2026-08-26 23:21:25,2026-08-28 00:21:56,UTC-04:00,2026-08-27 21:47:00,2026-08-27 22:40:59,53,Dance,6.8,189.0,142,113,84,0,0,0,0,false
2026-08-25 22:45:47,2026-08-26 23:21:25,UTC-04:00,2026-08-26 20:39:00,2026-08-26 20:53:59,14,Walking,4.0,16.0,108,90,0,0,0,0,0,false
2026-08-23 23:38:10,2026-08-25 00:21:16,UTC-04:00,2026-08-24 17:37:00,2026-08-24 18:01:59,24,Walking,5.0,58.0,155,106,23,6,0,0,0,false
2026-08-21 23:28:01,2026-08-23 01:46:01,UTC-04:00,2026-08-22 19:44:00,2026-08-22 19:56:59,12,Walking,4.6,38.0,127,110,64,0,0,0,0,false
2026-08-21 23:28:01,2026-08-23 01:46:01,UTC-04:00,2026-08-22 11:45:00,2026-08-22 12:37:35,52,Spin,12.5,386.0,171,141,24,29,40,1,0,false
2026-08-21 23:28:01,2026-08-23 01:46:01,UTC-04:00,2026-08-22 10:24:00,2026-08-22 10:36:59,12,Walking,4.7,50.0,130,117,96,0,0,0,0,false
2026-08-17 00:11:26,2026-08-18 00:04:38,UTC-04:00,2026-08-17 17:45:00,2026-08-17 18:35:59,50,Spin,11.0,326.0,175,134,33,35,22,1,0,false
2026-08-15 00:50:41,2026-08-16 00:44:12,UTC-04:00,2026-08-15 22:05:00,2026-08-15 22:18:59,13,Walking,4.4,28.0,114,102,6,0,0,0,0,false
2026-08-15 00:50:41,2026-08-16 00:44:12,UTC-04:00,2026-08-15 19:40:00,2026-08-15 20:04:59,24,Walking,4.6,51.0,135,101,36,0,0,0,0,false
2026-08-15 00:50:41,2026-08-16 00:44:12,UTC-04:00,2026-08-15 14:05:00,2026-08-15 14:30:59,25,Walking,5.1,71.0,130,107,53,0,0,0,0,false
2026-08-15 00:50:41,2026-08-16 00:44:12,UTC-04:00,2026-08-15 12:25:00,2026-08-15 12:37:59,12,Activity,4.7,47.0,130,114,90,0,0,0,0,false
2026-08-13 23:46:05,2026-08-15 00:50:41,UTC-04:00,2026-08-14 18:00:00,2026-08-14 18:47:28,47,Spin,14.3,439.0,184,155,5,19,42,31,0,false
2026-08-13 23:46:05,2026-08-15 00:50:41,UTC-04:00,2026-08-14 17:18:00,2026-08-14 17:55:00,37,Walking,6.5,156.0,135,118,89,0,0,0,0,false
2026-08-10 00:08:34,2026-08-10 23:09:08,UTC-04:00,2026-08-10 17:47:00,2026-08-10 18:34:34,47,Spin,15.4,485.0,187,162,7,5,35,52,1,false
2026-08-09 00:08:28,2026-08-10 00:08:34,UTC-04:00,2026-08-09 10:53:00,2026-08-09 11:05:59,12,Walking,4.5,35.0,146,107,54,2,0,0,0,false
2026-08-07 23:51:53,2026-08-09 00:08:28,UTC-04:00,2026-08-08 10:40:00,2026-08-08 11:40:15,60,Spin,14.3,493.0,185,148,6,26,42,16,0,false
2026-08-07 23:51:53,2026-08-09 00:08:28,UTC-04:00,2026-08-08 10:01:00,2026-08-08 10:30:59,29,Walking,5.5,98.0,132,113,80,0,0,0,0,false
2026-08-07 00:48:04,2026-08-07 23:51:53,UTC-04:00,2026-08-07 21:48:00,2026-08-07 22:05:00,17,Strength Trainer,4.1,22.0,131,80,10,0,0,0,0,false
2026-08-07 00:48:04,2026-08-07 23:51:53,UTC-04:00,2026-08-07 21:16:48,2026-08-07 21:47:13,30,Walking,4.2,33.0,110,96,0,0,0,0,0,false
2026-08-05 23:46:27,2026-08-07 00:48:04,UTC-04:00,2026-08-06 20:24:52,2026-08-06 20:51:58,27,Strength Trainer,13.4,90.0,155,112,46,13,0,0,0,false
2026-07-30 22:39:41,2026-08-01 01:37:59,UTC-04:00,2026-07-31 19:44:00,2026-08-01 01:37:59,353,Dance,20.1,2365.0,177,138,48,35,15,0,0,false
2026-07-28 22:37:29,2026-07-29 22:53:02,UTC-04:00,2026-07-29 17:45:00,2026-07-29 18:35:59,50,Spin,13.4,406.0,183,147,21,17,38,20,0,false
2026-07-28 22:37:29,2026-07-29 22:53:02,UTC-04:00,2026-07-29 17:07:00,2026-07-29 17:34:59,27,Walking,4.9,61.0,120,106,24,0,0,0,0,false
2026-07-27 22:39:36,2026-07-28 22:37:29,UTC-04:00,2026-07-28 13:51:00,2026-07-28 14:07:59,16,Walking,4.4,31.0,127,104,30,0,0,0,0,false
2026-07-25 21:59:32,2026-07-26 22:40:49,UTC-04:00,2026-07-26 01:00:00,2026-07-26 01:46:59,46,Dance,7.5,218.0,147,124,99,1,0,0,0,false
2026-07-24 22:10:34,2026-07-25 21:59:32,UTC-04:00,2026-07-25 19:16:00,2026-07-25 19:39:59,23,Walking,5.3,88.0,138,118,94,0,0,0,0,false
2026-07-24 22:10:34,2026-07-25 21:59:32,UTC-04:00,2026-07-25 16:30:00,2026-07-25 16:43:59,13,Dance,4.7,51.0,131,117,100,0,0,0,0,false
2026-07-24 22:10:34,2026-07-25 21:59:32,UTC-04:00,2026-07-25 13:18:00,2026-07-25 14:18:59,60,Walking,8.5,275.0,165,123,89,10,1,0,0,false
2026-07-24 22:10:34,2026-07-25 21:59:32,UTC-04:00,2026-07-25 10:41:00,2026-07-25 11:30:15,49,Spin,14.8,471.0,185,159,9,9,32,49,1,false
2026-07-24 22:10:34,2026-07-25 21:59:32,UTC-04:00,2026-07-25 09:06:00,2026-07-25 09:32:59,26,Walking,5.7,103.0,157,119,89,6,0,0,0,false
2026-07-21 21:52:59,2026-07-23 00:34:54,UTC-04:00,2026-07-22 18:51:00,2026-07-22 19:43:55,52,Activity,11.4,370.0,167,140,33,48,19,0,0,false
2026-07-21 21:52:59,2026-07-23 00:34:54,UTC-04:00,2026-07-22 17:46:00,2026-07-22 18:21:59,35,Walking,4.9,57.0,119,102,5,0,0,0,0,false
2026-07-19 23:27:27,2026-07-21 02:50:44,UTC-04:00,2026-07-20 12:42:00,2026-07-20 12:57:59,15,Walking,4.1,17.0,109,93,0,0,0,0,0,false
2026-07-17 22:56:08,2026-07-19 00:33:53,UTC-04:00,2026-07-18 09:48:00,2026-07-18 11:28:59,100,HIIT,15.6,569.0,199,129,73,7,10,5,1,false
2026-07-13 23:14:51,2026-07-15 01:02:27,UTC-04:00,2026-07-14 18:09:20,2026-07-14 18:53:35,44,Strength Trainer,13.4,64.0,133,87,17,0,0,0,0,false
2026-07-13 00:44:50,2026-07-13 23:14:51,UTC-04:00,2026-07-13 18:40:00,2026-07-13 19:07:11,27,Activity,4.6,46.0,122,99,13,0,0,0,0,false
2026-07-12 00:32:04,2026-07-13 00:44:50,UTC-04:00,2026-07-12 10:40:00,2026-07-12 11:35:59,55,Spin,10.8,342.0,169,132,43,36,10,0,0,false
2026-07-11 00:30:00,2026-07-12 00:32:04,UTC-04:00,2026-07-11 11:49:00,2026-07-11 12:08:59,19,Walking,4.8,52.0,140,107,48,0,0,0,0,false
2026-07-10 00:59:11,2026-07-11 00:30:00,UTC-04:00,2026-07-10 22:37:00,2026-07-10 22:54:59,17,Walking,4.7,50.0,130,108,52,0,0,0,0,false
2026-07-10 00:59:11,2026-07-11 00:30:00,UTC-04:00,2026-07-10 20:51:00,2026-07-10 21:09:59,18,Walking,4.7,50.0,128,107,55,0,0,0,0,false
2026-07-06 23:43:13,2026-07-07 23:50:07,UTC-04:00,2026-07-07 17:30:00,2026-07-07 18:30:03,60,HIIT,15.1,398.0,209,137,52,18,10,9,7,false
2026-07-05 23:11:30,2026-07-06 23:43:13,UTC-04:00,2026-07-06 21:03:58,2026-07-06 21:45:24,41,Walking,4.3,45.0,114,92,0,0,0,0,0,false
2026-07-05 23:11:30,2026-07-06 23:43:13,UTC-04:00,2026-07-06 19:15:00,2026-07-06 20:45:00,90,Walking,4.8,109.0,126,89,4,0,0,0,0,false
2026-07-03 23:44:45,2026-07-05 00:37:10,UTC-04:00,2026-07-04 11:54:00,2026-07-04 12:46:05,52,Spin,14.4,478.0,185,155,12,20,47,21,0,false
2026-07-03 00:53:43,2026-07-03 23:44:45,UTC-04:00,2026-07-03 21:39:20,2026-07-03 21:42:47,3,Walking,1.2,3.0,103,91,0,0,0,0,0,false
2026-07-03 00:53:43,2026-07-03 23:44:45,UTC-04:00,2026-07-03 21:06:00,2026-07-03 21:36:00,30,Walking,2.8,29.0,101,91,0,0,0,0,0,false
2026-07-02 00:19:56,2026-07-03 00:53:43,UTC-04:00,2026-07-02 18:33:43,2026-07-02 19:12:21,38,Strength Trainer,13.7,73.0,142,98,29,0,0,0,0,false
2026-06-30 01:05:02,2026-07-01 00:01:52,UTC-04:00,2026-06-30 20:58:00,2026-06-30 21:35:14,37,Activity,4.9,67.0,118,100,18,0,0,0,0,false
2026-06-30 01:05:02,2026-07-01 00:01:52,UTC-04:00,2026-06-30 17:42:00,2026-06-30 18:33:23,51,Spin,12.2,364.0,178,140,40,26,26,5,0,false
2026-06-30 01:05:02,2026-07-01 00:01:52,UTC-04:00,2026-06-30 16:57:00,2026-06-30 17:15:59,18,Walking,5.1,73.0,142,117,100,0,0,0,0,false
2026-06-27 23:16:59,2026-06-29 00:00:00,UTC-04:00,2026-06-28 23:38:00,2026-06-28 23:55:59,17,Walking,4.3,22.0,111,98,0,0,0,0,0,false
2026-06-27 23:16:59,2026-06-29 00:00:00,UTC-04:00,2026-06-28 22:36:00,2026-06-28 22:57:59,21,Walking,4.4,33.0,120,100,9,0,0,0,0,false
2026-06-27 23:16:59,2026-06-29 00:00:00,UTC-04:00,2026-06-28 18:38:00,2026-06-28 22:13:59,215,Activity,12.0,670.0,140,112,62,0,0,0,0,false
2026-06-27 23:16:59,2026-06-29 00:00:00,UTC-04:00,2026-06-28 15:09:00,2026-06-28 15:57:59,48,Activity,5.9,124.0,134,108,30,0,0,0,0,false
2026-06-27 23:16:59,2026-06-29 00:00:00,UTC-04:00,2026-06-28 13:27:00,2026-06-28 13:47:59,20,Walking,4.7,47.0,119,105,14,0,0,0,0,false
2026-06-26 22:59:32,2026-06-27 23:16:59,UTC-04:00,2026-06-27 16:57:00,2026-06-27 23:16:59,379,Dance,19.0,2210.0,165,131,71,27,1,0,0,false
2026-06-26 22:59:32,2026-06-27 23:16:59,UTC-04:00,2026-06-27 13:52:00,2026-06-27 14:08:59,16,Walking,4.7,51.0,138,111,60,0,0,0,0,false
2026-06-23 22:39:44,2026-06-24 22:59:32,UTC-04:00,2026-06-24 14:55:00,2026-06-24 15:13:59,18,Walking,4.3,30.0,125,100,17,0,0,0,0,false
2026-06-22 23:32:09,2026-06-23 22:39:44,UTC-04:00,2026-06-23 17:31:51,2026-06-23 17:59:51,28,Strength Trainer,12.7,40.0,125,98,15,0,0,0,0,false
2026-06-21 23:14:23,2026-06-22 23:32:09,UTC-04:00,2026-06-22 21:29:33,2026-06-22 21:36:33,6,Walking,0.4,7.0,111,95,0,0,0,0,0,false
2026-06-21 23:14:23,2026-06-22 23:32:09,UTC-04:00,2026-06-22 17:48:00,2026-06-22 18:35:59,47,Spin,12.3,384.0,180,147,15,59,24,2,0,false
2026-06-21 00:26:22,2026-06-21 23:14:23,UTC-04:00,2026-06-21 22:14:19,2026-06-21 22:25:33,11,Walking,0.4,11.0,103,93,0,0,0,0,0,false
2026-06-21 00:26:22,2026-06-21 23:14:23,UTC-04:00,2026-06-21 21:07:24,2026-06-21 22:13:03,65,Walking,5.2,94.0,136,99,9,0,0,0,0,false
2026-06-18 23:51:20,2026-06-20 01:24:16,UTC-04:00,2026-06-19 18:42:00,2026-06-19 19:02:59,20,Walking,4.8,56.0,129,110,51,0,0,0,0,false
2026-06-17 23:44:35,2026-06-18 23:51:20,UTC-04:00,2026-06-18 19:42:36,2026-06-18 20:16:34,33,Strength Trainer,13.4,76.0,133,106,49,0,0,0,0,false
2026-06-17 23:44:35,2026-06-18 23:51:20,UTC-04:00,2026-06-18 08:01:00,2026-06-18 08:13:41,12,Activity,4.5,36.0,129,111,68,0,0,0,0,false
2026-06-14 22:24:54,2026-06-15 22:07:40,UTC-04:00,2026-06-15 17:45:00,2026-06-15 18:35:59,50,Spin,12.5,374.0,174,143,22,27,41,3,0,false
2026-06-13 02:00:00,2026-06-14 01:30:30,UTC-04:00,2026-06-13 20:28:00,2026-06-13 20:56:59,28,Walking,5.9,115.0,151,120,84,3,0,0,0,false
2026-06-11 23:28:55,2026-06-13 02:00:00,UTC-04:00,2026-06-12 22:37:00,2026-06-12 23:02:59,25,Walking,4.9,62.0,125,109,41,0,0,0,0,false
2026-06-11 00:08:17,2026-06-11 23:28:55,UTC-04:00,2026-06-11 17:49:00,2026-06-11 19:05:59,76,Spin,14.0,527.0,182,140,53,10,25,10,0,false
2026-06-08 23:14:05,2026-06-09 23:30:16,UTC-04:00,2026-06-09 17:49:00,2026-06-09 18:35:43,46,Spin,11.1,329.0,171,142,34,45,20,0,0,false
2026-06-05 23:52:59,2026-06-06 23:54:59,UTC-04:00,2026-06-06 23:36:00,2026-06-06 23:54:59,18,Walking,4.6,39.0,119,107,11,0,0,0,0,false
2026-06-05 23:52:59,2026-06-06 23:54:59,UTC-04:00,2026-06-06 19:58:00,2026-06-06 23:09:59,191,Activity,13.2,786.0,161,121,88,4,0,0,0,false
2026-06-05 23:52:59,2026-06-06 23:54:59,UTC-04:00,2026-06-06 19:33:00,2026-06-06 19:45:59,12,Activity,4.3,21.0,115,104,2,0,0,0,0,false
2026-06-05 23:52:59,2026-06-06 23:54:59,UTC-04:00,2026-06-06 15:43:00,2026-06-06 16:02:59,19,Walking,4.8,53.0,123,111,67,0,0,0,0,false
2026-06-05 23:52:59,2026-06-06 23:54:59,UTC-04:00,2026-06-06 10:40:00,2026-06-06 11:31:13,51,Spin,14.0,434.0,178,151,10,13,44,24,0,false
2026-06-02 23:13:49,2026-06-03 22:38:05,UTC-04:00,2026-06-03 18:20:00,2026-06-03 19:31:21,71,Spin,13.5,481.0,180,139,43,16,25,9,0,false
2026-05-30 23:39:42,2026-05-31 22:27:04,UTC-04:00,2026-05-31 14:00:17,2026-05-31 14:33:20,33,Strength Trainer,15.9,74.0,142,101,42,0,0,0,0,false
2026-05-28 23:17:45,2026-05-30 00:00:00,UTC-04:00,2026-05-29 10:27:00,2026-05-29 10:43:59,16,Walking,5.0,67.0,138,120,90,0,0,0,0,false
2026-05-27 23:20:43,2026-05-28 23:17:45,UTC-04:00,2026-05-28 20:40:31,2026-05-28 21:18:35,38,Strength Trainer,16.6,128.0,156,114,43,17,0,0,0,false
2026-05-25 23:51:08,2026-05-26 23:36:05,UTC-04:00,2026-05-26 15:27:00,2026-05-26 15:39:59,12,Walking,5.4,72.0,166,131,70,21,9,0,0,false
2026-05-19 23:43:28,2026-05-20 22:44:41,UTC-04:00,2026-05-20 17:18:34,2026-05-20 17:55:40,37,Strength Trainer,14.1,106.0,152,109,59,6,0,0,0,false
2026-05-14 01:19:49,2026-05-14 22:25:03,UTC-04:00,2026-05-14 20:24:00,2026-05-14 20:41:07,17,Activity,4.4,25.0,113,100,6,0,0,0,0,false
2026-05-14 01:19:49,2026-05-14 22:25:03,UTC-04:00,2026-05-14 19:24:00,2026-05-14 19:52:29,28,Walking,6.0,123.0,156,121,95,4,0,0,0,false
2026-05-11 23:02:59,2026-05-12 23:35:01,UTC-04:00,2026-05-12 18:37:30,2026-05-12 18:52:29,14,Walking,5.2,70.0,144,122,90,7,0,0,0,false
2026-05-08 23:56:44,2026-05-09 23:37:54,UTC-04:00,2026-05-09 19:57:00,2026-05-09 20:11:59,14,Walking,5.0,64.0,132,119,100,0,0,0,0,false
2026-05-06 22:47:08,2026-05-08 00:00:00,UTC-04:00,2026-05-07 15:33:00,2026-05-07 15:49:29,16,Activity,5.7,93.0,149,129,85,15,0,0,0,false
2026-05-03 00:00:00,2026-05-03 22:28:38,UTC-04:00,2026-05-03 01:19:30,2026-05-03 01:35:59,16,Dance,5.1,71.0,130,119,100,0,0,0,0,false
2026-05-03 00:00:00,2026-05-03 22:28:38,UTC-04:00,2026-05-03 00:04:30,2026-05-03 01:01:29,56,Dance,9.6,322.0,154,129,79,21,0,0,0,false
2026-05-01 23:45:34,2026-05-03 00:00:00,UTC-04:00,2026-05-02 22:43:30,2026-05-02 23:16:29,32,Activity,5.9,125.0,137,115,95,0,0,0,0,false
2026-04-29 22:22:46,2026-04-30 22:43:43,UTC-04:00,2026-04-30 08:43:30,2026-04-30 08:56:59,13,Walking,5.6,78.0,149,130,68,29,0,0,0,false
2026-04-27 22:31:05,2026-04-28 23:09:12,UTC-04:00,2026-04-28 16:49:30,2026-04-28 17:05:59,16,Hiking,5.9,90.0,182,128,57,25,5,2,0,false
2026-04-27 22:31:05,2026-04-28 23:09:12,UTC-04:00,2026-04-28 07:36:00,2026-04-28 07:50:44,14,Activity,4.8,56.0,139,116,89,0,0,0,0,false
2026-04-26 22:32:49,2026-04-27 22:31:05,UTC-04:00,2026-04-27 20:46:58,2026-04-27 21:26:23,39,Walking,6.3,153.0,134,116,93,0,0,0,0,false
2026-04-26 22:32:49,2026-04-27 22:31:05,UTC-04:00,2026-04-27 20:02:36,2026-04-27 20:40:58,38,Strength Trainer,12.6,64.0,130,97,21,0,0,0,0,false
2026-04-24 22:30:24,2026-04-25 22:30:24,UTC-04:00,2026-04-25 15:14:45,2026-04-25 15:45:32,30,Walking,6.1,130.0,147,119,96,2,0,0,0,false
2026-04-24 22:30:24,2026-04-25 22:30:24,UTC-04:00,2026-04-25 14:41:30,2026-04-25 15:12:17,30,Strength Trainer,10.6,48.0,128,97,17,0,0,0,0,false
2026-04-20 22:36:44,2026-04-21 22:47:16,UTC-04:00,2026-04-21 21:28:21,2026-04-21 21:49:03,20,Strength Trainer,10.7,44.0,141,101,36,1,0,0,0,false
2026-04-16 22:48:26,2026-04-18 00:00:00,UTC-04:00,2026-04-17 18:06:00,2026-04-17 18:27:48,21,Strength Trainer,10.2,39.0,126,96,23,0,0,0,0,false
2026-04-16 22:48:26,2026-04-18 00:00:00,UTC-04:00,2026-04-17 08:51:00,2026-04-17 09:04:29,13,Walking,5.1,65.0,143,123,100,0,0,0,0,false
2026-04-13 21:58:51,2026-04-14 22:14:23,UTC-04:00,2026-04-14 20:05:49,2026-04-14 20:33:49,28,Strength Trainer,6.4,46.0,132,98,17,0,0,0,0,false
2026-04-13 21:58:51,2026-04-14 22:14:23,UTC-04:00,2026-04-14 09:00:00,2026-04-14 09:13:29,13,Walking,5.0,62.0,140,122,100,0,0,0,0,false
2026-04-11 23:06:00,2026-04-12 22:08:45,UTC-04:00,2026-04-12 19:59:26,2026-04-12 20:48:06,48,Walking,7.7,222.0,144,122,85,2,0,0,0,false
2026-04-11 23:06:00,2026-04-12 22:08:45,UTC-04:00,2026-04-12 19:11:01,2026-04-12 19:43:49,32,Strength Trainer,11.8,111.0,146,111,63,2,0,0,0,false
2026-04-06 23:10:19,2026-04-07 22:36:57,UTC-04:00,2026-04-07 21:27:00,2026-04-07 21:36:00,9,Walking,4.2,13.0,115,100,1,0,0,0,0,false
2026-04-06 23:10:19,2026-04-07 22:36:57,UTC-04:00,2026-04-07 20:52:17,2026-04-07 21:21:47,29,Strength Trainer,10.5,76.0,140,108,52,0,0,0,0,false
2026-04-06 23:10:19,2026-04-07 22:36:57,UTC-04:00,2026-04-07 18:10:30,2026-04-07 18:42:59,32,Activity,4.3,39.0,117,93,2,0,0,0,0,false
2026-04-05 22:34:47,2026-04-06 23:10:19,UTC-04:00,2026-04-06 08:27:00,2026-04-06 08:40:29,13,Walking,5.2,70.0,144,127,97,3,0,0,0,false
2026-04-03 23:27:55,2026-04-05 00:12:45,UTC-04:00,2026-04-04 15:34:50,2026-04-04 16:09:08,34,Strength Trainer,10.1,44.0,137,88,16,0,0,0,0,false
2026-03-30 22:30:09,2026-03-31 22:39:10,UTC-04:00,2026-03-31 19:32:59,2026-03-31 20:07:46,34,Walking,4.4,41.0,118,95,4,0,0,0,0,false
2026-03-30 22:30:09,2026-03-31 22:39:10,UTC-04:00,2026-03-31 18:06:59,2026-03-31 18:36:57,29,Walking,5.2,78.0,122,107,62,0,0,0,0,false
2026-03-29 23:44:50,2026-03-30 22:30:09,UTC-04:00,2026-03-30 17:35:52,2026-03-30 18:10:06,34,Strength Trainer,9.7,51.0,130,92,17,0,0,0,0,false
2026-03-26 23:20:19,2026-03-28 00:14:57,UTC-04:00,2026-03-27 19:15:00,2026-03-27 19:35:55,20,Walking,5.0,68.0,128,111,84,0,0,0,0,false
2026-03-26 23:20:19,2026-03-28 00:14:57,UTC-04:00,2026-03-27 18:46:38,2026-03-27 19:09:40,23,Strength Trainer,7.5,33.0,133,94,22,0,0,0,0,false
2026-03-25 23:06:07,2026-03-26 23:20:19,UTC-04:00,2026-03-26 17:27:00,2026-03-26 17:51:01,24,Activity,4.6,42.0,115,99,10,0,0,0,0,false
2026-03-24 22:41:53,2026-03-25 23:06:07,UTC-04:00,2026-03-25 21:06:00,2026-03-25 21:36:03,30,Activity,5.3,83.0,136,106,45,0,0,0,0,false
2026-03-24 22:41:53,2026-03-25 23:06:07,UTC-04:00,2026-03-25 19:54:00,2026-03-25 20:14:59,20,Walking,5.5,91.0,143,119,92,2,0,0,0,false
2026-03-22 23:35:13,2026-03-23 23:28:38,UTC-04:00,2026-03-23 18:26:47,2026-03-23 18:54:34,27,Walking,0.0,27.0,99,87,0,0,0,0,0,false
2026-03-22 23:35:13,2026-03-23 23:28:38,UTC-04:00,2026-03-23 17:21:39,2026-03-23 17:58:04,36,Walking,0.3,35.0,105,82,0,0,0,0,0,false
2026-03-21 00:00:00,2026-03-22 01:45:29,UTC-04:00,2026-03-21 22:00:00,2026-03-22 00:32:59,152,Dance,15.3,974.0,166,134,64,34,1,0,0,false
2026-03-19 23:05:33,2026-03-21 00:00:00,UTC-04:00,2026-03-20 18:44:17,2026-03-20 18:56:34,12,Walking,4.3,23.0,109,101,0,0,0,0,0,false
2026-03-19 23:05:33,2026-03-21 00:00:00,UTC-04:00,2026-03-20 18:10:12,2026-03-20 18:40:00,29,Strength Trainer,10.1,60.0,133,101,23,0,0,0,0,false
2026-03-19 23:05:33,2026-03-21 00:00:00,UTC-04:00,2026-03-20 17:46:39,2026-03-20 18:06:29,19,Walking,3.8,20.0,105,90,0,0,0,0,0,false
2026-03-18 21:50:12,2026-03-19 23:05:33,UTC-04:00,2026-03-19 18:07:00,2026-03-19 18:41:00,34,Walking,0.0,32.0,103,86,0,0,0,0,0,false
2026-03-16 23:37:52,2026-03-17 23:29:04,UTC-04:00,2026-03-17 16:08:29,2026-03-17 17:14:14,65,Walking,0.1,63.0,99,86,0,0,0,0,0,false
2026-03-15 22:51:31,2026-03-16 23:37:52,UTC-04:00,2026-03-16 17:22:55,2026-03-16 17:53:04,30,Strength Trainer,10.6,53.0,138,96,21,0,0,0,0,false
2026-03-15 00:15:05,2026-03-15 22:51:31,UTC-04:00,2026-03-15 14:41:22,2026-03-15 15:34:49,53,Walking,0.0,51.0,98,80,0,0,0,0,0,false
2026-03-12 22:25:47,2026-03-13 22:25:47,UTC-04:00,2026-03-13 08:33:00,2026-03-13 08:46:29,13,Walking,4.9,59.0,146,120,93,4,0,0,0,false
2026-03-10 22:17:06,2026-03-11 22:39:46,UTC-04:00,2026-03-11 20:57:00,2026-03-11 21:35:46,38,Walking,5.1,69.0,113,101,0,0,0,0,0,false
2026-03-10 22:17:06,2026-03-11 22:39:46,UTC-04:00,2026-03-11 20:19:46,2026-03-11 20:52:56,33,Strength Trainer,10.3,80.0,140,104,45,0,0,0,0,false
2026-03-08 00:00:00,2026-03-08 22:57:52,UTC-04:00,2026-03-08 00:51:00,2026-03-08 01:22:29,31,Dance,6.0,118.0,149,116,72,2,0,0,0,false
2026-03-06 22:39:20,2026-03-07 23:00:00,UTC-05:00,2026-03-07 10:13:30,2026-03-07 11:31:29,77,HIIT,14.6,438.0,186,130,67,16,8,4,0,false
2026-03-05 22:36:40,2026-03-06 22:39:20,UTC-05:00,2026-03-06 19:15:00,2026-03-06 19:30:00,15,Walking,4.1,16.0,106,96,0,0,0,0,0,false
2026-03-05 22:36:40,2026-03-06 22:39:20,UTC-05:00,2026-03-06 08:21:00,2026-03-06 08:32:06,11,Activity,5.6,72.0,158,137,61,34,5,0,0,false
2026-03-04 22:58:07,2026-03-05 22:36:40,UTC-05:00,2026-03-05 19:52:30,2026-03-05 20:21:03,28,Walking,5.1,72.0,126,109,42,0,0,0,0,false
2026-03-04 22:58:07,2026-03-05 22:36:40,UTC-05:00,2026-03-05 19:02:36,2026-03-05 19:34:21,31,Strength Trainer,11.2,83.0,139,108,56,0,0,0,0,false
2026-02-26 22:29:11,2026-02-28 03:58:14,UTC-05:00,2026-02-28 03:15:00,2026-02-28 03:28:29,13,Dance,5.3,73.0,144,129,99,1,0,0,0,false
2026-02-26 22:29:11,2026-02-28 03:58:14,UTC-05:00,2026-02-28 00:18:00,2026-02-28 02:56:59,158,Dance,16.0,1086.0,162,139,63,37,0,0,0,false
2026-02-23 22:53:27,2026-02-24 22:50:28,UTC-05:00,2026-02-24 18:22:30,2026-02-24 18:45:59,23,Activity,4.5,35.0,121,100,2,0,0,0,0,false
2026-02-19 23:29:04,2026-02-20 23:33:27,UTC-05:00,2026-02-20 17:22:30,2026-02-20 18:23:59,61,HIIT,15.0,391.0,200,138,50,15,10,13,3,false
2026-02-18 23:00:03,2026-02-19 23:29:04,UTC-05:00,2026-02-19 17:50:29,2026-02-19 18:05:35,15,Walking,4.2,21.0,125,98,10,0,0,0,0,false
2026-02-18 01:15:00,2026-02-18 23:00:03,UTC-05:00,2026-02-18 07:24:00,2026-02-18 07:37:29,13,Walking,4.5,33.0,137,113,38,0,0,0,0,false
2026-02-15 22:12:08,2026-02-16 22:52:45,UTC-06:00,2026-02-16 17:24:00,2026-02-16 17:41:59,17,Walking,4.5,41.0,147,107,36,3,0,0,0,false
2026-02-15 22:12:08,2026-02-16 22:52:45,UTC-06:00,2026-02-16 11:24:00,2026-02-16 11:44:59,20,Walking,4.8,52.0,155,113,58,3,0,0,0,false
2026-02-14 21:51:04,2026-02-15 22:12:08,UTC-06:00,2026-02-15 17:24:00,2026-02-15 18:11:59,47,Walking,7.8,186.0,200,122,55,12,6,2,2,false
2026-02-14 21:51:04,2026-02-15 22:12:08,UTC-06:00,2026-02-15 16:09:00,2026-02-15 16:32:59,23,Walking,4.5,43.0,127,107,42,0,0,0,0,false
2026-02-11 22:23:07,2026-02-12 21:51:04,UTC-06:00,2026-02-12 17:16:30,2026-02-12 17:32:59,16,Walking,4.7,52.0,137,117,87,0,0,0,0,false
2026-02-09 23:56:07,2026-02-11 00:36:35,UTC-06:00,2026-02-10 17:39:00,2026-02-10 17:52:29,13,Walking,4.4,27.0,128,108,39,0,0,0,0,false
2026-02-08 21:29:41,2026-02-09 23:56:07,UTC-06:00,2026-02-09 17:54:00,2026-02-09 18:25:29,31,Walking,4.9,64.0,132,108,46,0,0,0,0,false
2026-01-29 23:44:02,2026-01-30 23:20:33,UTC-05:00,2026-01-30 21:48:00,2026-01-30 22:02:59,14,Activity,6.5,101.0,168,139,19,49,22,0,0,false
2026-01-29 23:44:02,2026-01-30 23:20:33,UTC-05:00,2026-01-30 19:19:30,2026-01-30 19:55:29,35,Activity,7.5,178.0,170,127,59,22,8,0,0,false
2026-01-28 21:10:43,2026-01-29 23:44:02,UTC-05:00,2026-01-29 19:33:00,2026-01-29 19:49:29,16,Walking,5.6,86.0,180,129,73,20,4,2,0,false
2026-01-28 21:10:43,2026-01-29 23:44:02,UTC-05:00,2026-01-29 16:10:30,2026-01-29 16:23:59,13,Walking,4.3,25.0,133,105,31,0,0,0,0,false
2026-01-27 23:19:28,2026-01-28 21:10:43,UTC-05:00,2026-01-28 12:58:30,2026-01-28 13:16:29,17,Walking,4.9,61.0,146,116,78,2,0,0,0,false
2026-01-26 23:55:21,2026-01-27 23:19:28,UTC-05:00,2026-01-27 09:45:00,2026-01-27 09:59:59,14,Walking,4.4,34.0,147,106,45,1,0,0,0,false
2026-01-22 23:15:49,2026-01-24 01:07:35,UTC-05:00,2026-01-23 12:06:00,2026-01-23 12:20:59,14,Activity,4.3,28.0,141,103,32,0,0,0,0,false
2026-01-18 00:52:55,2026-01-18 23:33:03,UTC-05:00,2026-01-18 14:31:30,2026-01-18 15:23:59,52,HIIT,11.4,326.0,199,136,47,21,13,12,1,false
2026-01-17 04:11:22,2026-01-18 00:52:55,UTC-05:00,2026-01-17 21:17:03,2026-01-17 21:52:05,35,Walking,4.0,35.0,119,84,2,0,0,0,0,false
2026-01-15 23:28:46,2026-01-17 04:11:22,UTC-05:00,2026-01-17 00:57:00,2026-01-17 02:29:59,92,Activity,12.4,556.0,158,134,70,30,0,0,0,false
2026-01-15 23:28:46,2026-01-17 04:11:22,UTC-05:00,2026-01-16 18:00:00,2026-01-16 18:22:39,22,Walking,4.6,48.0,133,105,48,0,0,0,0,false
2026-01-15 00:54:41,2026-01-15 23:28:46,UTC-05:00,2026-01-15 11:54:19,2026-01-15 12:18:46,24,Walking,0.0,23.0,99,84,0,0,0,0,0,false
2026-01-13 23:29:39,2026-01-15 00:54:41,UTC-05:00,2026-01-14 20:17:44,2026-01-14 20:48:01,30,Walking,5.6,92.0,161,113,43,8,0,0,0,false
2026-01-12 23:42:50,2026-01-13 23:29:39,UTC-05:00,2026-01-13 18:27:00,2026-01-13 19:26:59,59,HIIT,13.0,405.0,204,139,41,21,16,9,6,false
2026-01-12 23:42:50,2026-01-13 23:29:39,UTC-05:00,2026-01-13 15:10:54,2026-01-13 16:28:47,77,Walking,0.0,74.0,111,87,0,0,0,0,0,false
2026-01-12 00:15:42,2026-01-12 23:42:50,UTC-05:00,2026-01-12 17:32:08,2026-01-12 17:56:13,24,Walking,0.0,23.0,101,86,0,0,0,0,0,false
2026-01-10 01:09:08,2026-01-11 00:39:26,UTC-05:00,2026-01-10 09:40:30,2026-01-10 10:03:13,22,Activity,5.0,67.0,135,112,73,0,0,0,0,false
2026-01-09 00:08:24,2026-01-10 01:09:08,UTC-05:00,2026-01-09 17:33:00,2026-01-09 18:32:41,59,HIIT,12.8,392.0,198,137,40,22,10,17,2,false
2026-01-09 00:08:24,2026-01-10 01:09:08,UTC-05:00,2026-01-09 15:35:09,2026-01-09 16:02:38,27,Walking,0.0,26.0,99,77,0,0,0,0,0,false
2026-01-09 00:08:24,2026-01-10 01:09:08,UTC-05:00,2026-01-09 14:02:26,2026-01-09 14:54:51,52,Walking,4.1,54.0,117,82,1,0,0,0,0,false
2026-01-09 00:08:24,2026-01-10 01:09:08,UTC-05:00,2026-01-09 11:56:39,2026-01-09 12:00:22,3,Walking,0.0,4.0,100,84,0,0,0,0,0,false
2026-01-07 23:09:53,2026-01-09 00:08:24,UTC-05:00,2026-01-08 18:54:27,2026-01-08 19:19:56,25,Walking,4.4,37.0,123,98,13,0,0,0,0,false
2026-01-07 23:09:53,2026-01-09 00:08:24,UTC-05:00,2026-01-08 18:37:12,2026-01-08 18:45:37,8,Walking,4.2,17.0,131,104,34,0,0,0,0,false
2026-01-07 23:09:53,2026-01-09 00:08:24,UTC-05:00,2026-01-08 18:08:00,2026-01-08 18:36:00,28,Walking,4.2,33.0,115,96,2,0,0,0,0,false
2026-01-05 23:23:44,2026-01-07 00:23:57,UTC-05:00,2026-01-06 16:58:30,2026-01-06 17:22:29,23,Walking,4.6,48.0,128,104,38,0,0,0,0,false
2026-01-05 00:43:42,2026-01-05 23:23:44,UTC-05:00,2026-01-05 18:27:13,2026-01-05 18:37:24,10,Pilates,4.3,26.0,141,107,49,0,0,0,0,false
2026-01-03 01:48:45,2026-01-04 01:04:38,UTC-05:00,2026-01-03 15:12:39,2026-01-03 15:32:59,20,Pilates,4.4,30.0,125,97,18,0,0,0,0,false
2025-12-29 23:22:51,2025-12-30 23:22:51,UTC-05:00,2025-12-30 15:30:00,2025-12-30 15:52:00,22,Pilates,5.0,50.0,138,106,52,0,0,0,0,false
2025-12-24 01:10:33,2025-12-25 01:12:09,UTC-05:00,2025-12-24 11:52:46,2025-12-24 12:20:08,27,Pilates,5.8,36.0,120,97,14,0,0,0,0,false
2025-12-19 00:30:40,2025-12-20 04:40:21,UTC-05:00,2025-12-20 00:46:30,2025-12-20 03:07:29,140,Dance,13.3,744.0,155,128,87,12,0,0,0,false
2025-12-17 23:33:07,2025-12-19 00:30:40,UTC-05:00,2025-12-18 12:40:30,2025-12-18 12:59:59,19,Walking,5.3,68.0,169,114,40,9,8,0,0,false
2025-12-16 23:43:58,2025-12-17 23:33:07,UTC-05:00,2025-12-17 19:12:00,2025-12-17 19:58:29,46,Spin,12.9,392.0,180,150,10,31,56,3,0,false
2025-12-14 23:08:02,2025-12-15 21:50:57,UTC-05:00,2025-12-15 17:14:17,2025-12-15 17:37:49,23,Pilates,5.7,66.0,150,109,34,8,0,0,0,false
2025-12-13 23:58:18,2025-12-14 23:08:02,UTC-05:00,2025-12-14 11:51:00,2025-12-14 12:41:59,50,Spin,10.0,305.0,171,133,57,29,12,0,0,false
2025-12-11 01:01:39,2025-12-12 00:34:06,UTC-05:00,2025-12-11 23:04:30,2025-12-11 23:28:29,23,Walking,4.8,61.0,153,106,52,1,0,0,0,false
2025-12-07 23:27:50,2025-12-09 00:10:55,UTC-05:00,2025-12-08 17:05:00,2025-12-08 17:43:00,38,HIIT,7.5,140.0,174,116,31,7,4,8,0,false
2025-12-06 00:00:00,2025-12-07 00:33:18,UTC-05:00,2025-12-06 00:36:00,2025-12-06 02:07:29,91,Dance,11.8,511.0,156,130,79,21,0,0,0,false
2025-11-30 23:26:06,2025-12-02 00:54:38,UTC-05:00,2025-12-01 18:25:53,2025-12-01 18:41:11,15,Pilates,4.3,23.0,126,100,18,0,0,0,0,false
2025-11-30 00:12:34,2025-11-30 23:26:06,UTC-05:00,2025-11-30 17:06:08,2025-11-30 17:30:29,24,Pilates,5.7,63.0,142,108,57,0,0,0,0,false
2025-11-27 01:35:22,2025-11-28 00:07:04,UTC-05:00,2025-11-27 17:49:30,2025-11-27 19:08:59,79,Spin,14.2,543.0,186,140,41,15,23,14,0,false
2025-11-27 01:35:22,2025-11-28 00:07:04,UTC-05:00,2025-11-27 15:43:30,2025-11-27 15:59:59,16,Walking,4.3,23.0,120,101,6,0,0,0,0,false
2025-11-25 00:10:09,2025-11-25 23:48:13,UTC-05:00,2025-11-25 20:35:03,2025-11-25 20:56:53,21,Pilates,4.8,45.0,136,104,46,0,0,0,0,false
2025-11-18 00:14:05,2025-11-18 23:32:47,UTC-05:00,2025-11-18 21:33:00,2025-11-18 22:05:29,32,Pilates,7.5,84.0,153,109,31,5,0,0,0,false
2025-11-15 00:27:49,2025-11-16 03:31:01,UTC-05:00,2025-11-15 21:21:00,2025-11-15 21:38:59,17,Activity,5.2,78.0,151,122,97,3,0,0,0,false
2025-11-15 00:27:49,2025-11-16 03:31:01,UTC-05:00,2025-11-15 19:51:00,2025-11-15 21:07:29,76,Activity,10.6,403.0,168,129,78,17,3,0,0,false
2025-11-15 00:27:49,2025-11-16 03:31:01,UTC-05:00,2025-11-15 19:01:30,2025-11-15 19:37:29,35,Activity,6.6,163.0,147,124,96,3,0,0,0,false
2025-11-13 22:30:08,2025-11-15 00:27:49,UTC-05:00,2025-11-14 17:20:30,2025-11-14 18:00:29,39,Yoga,9.0,82.0,139,98,35,0,0,0,0,false
2025-11-13 22:30:08,2025-11-15 00:27:49,UTC-05:00,2025-11-14 12:28:30,2025-11-14 12:46:29,17,Walking,4.9,58.0,140,113,64,0,0,0,0,false
2025-11-12 00:13:57,2025-11-13 00:03:37,UTC-05:00,2025-11-12 18:07:30,2025-11-12 19:02:59,55,Spin,13.5,436.0,189,146,40,23,18,19,0,false
2025-11-09 23:45:17,2025-11-11 00:27:54,UTC-05:00,2025-11-10 18:22:30,2025-11-10 18:55:57,33,Pilates,8.1,105.0,161,112,41,8,1,0,0,false
2025-11-08 01:50:53,2025-11-08 22:50:14,UTC-05:00,2025-11-08 12:31:30,2025-11-08 13:14:59,43,Yoga,9.8,108.0,136,108,53,0,0,0,0,false
2025-11-08 01:50:53,2025-11-08 22:50:14,UTC-05:00,2025-11-08 11:54:00,2025-11-08 12:19:29,25,Walking,5.0,66.0,136,109,46,0,0,0,0,false
2025-11-06 23:18:42,2025-11-08 01:50:53,UTC-05:00,2025-11-07 18:33:26,2025-11-07 19:14:27,41,Pilates,7.7,43.0,119,86,1,0,0,0,0,false
2025-11-05 23:09:10,2025-11-06 23:18:42,UTC-05:00,2025-11-06 17:45:00,2025-11-06 17:59:59,14,Walking,4.0,17.0,126,93,7,0,0,0,0,false
2025-11-02 23:52:57,2025-11-04 00:39:36,UTC-05:00,2025-11-03 17:22:30,2025-11-03 18:10:36,48,HIIT,9.8,287.0,171,134,55,31,10,2,0,false
2025-11-01 04:11:04,2025-11-02 01:38:59,UTC-04:00,2025-11-02 01:21:00,2025-11-02 01:38:59,17,Dance,4.9,60.0,139,115,95,0,0,0,0,false
2025-10-29 22:50:49,2025-10-31 01:24:32,UTC-04:00,2025-10-30 19:18:00,2025-10-30 20:23:59,65,Spin,16.6,633.0,195,159,18,19,11,48,4,false
2025-10-29 00:32:19,2025-10-29 22:50:49,UTC-04:00,2025-10-29 18:28:30,2025-10-29 19:23:24,54,HIIT,12.0,377.0,177,139,36,39,18,6,0,false
2025-10-27 22:51:07,2025-10-29 00:32:19,UTC-04:00,2025-10-28 19:39:42,2025-10-28 20:15:22,35,Pilates,7.3,59.0,137,97,24,0,0,0,0,false
2025-10-21 23:22:06,2025-10-23 00:02:39,UTC-04:00,2025-10-22 18:30:30,2025-10-22 19:30:36,60,Strength Trainer,6.7,178.0,145,109,55,0,0,0,0,false
2025-10-17 23:09:52,2025-10-19 01:59:42,UTC-04:00,2025-10-18 12:30:00,2025-10-18 12:46:29,16,Walking,4.7,49.0,129,110,54,0,0,0,0,false
2025-10-17 23:09:52,2025-10-19 01:59:42,UTC-04:00,2025-10-18 10:10:00,2025-10-18 11:03:17,53,HIIT,12.3,327.0,190,133,25,14,13,17,1,false
2025-10-15 23:03:13,2025-10-16 23:03:13,UTC-04:00,2025-10-16 18:09:00,2025-10-16 19:17:59,68,Activity,14.1,495.0,180,140,42,12,25,17,0,false
2025-10-15 01:43:24,2025-10-15 23:03:13,UTC-04:00,2025-10-15 18:30:00,2025-10-15 19:19:10,49,HIIT,14.6,454.0,191,155,14,21,24,37,3,false
2025-10-13 23:31:20,2025-10-15 01:43:24,UTC-04:00,2025-10-14 18:11:19,2025-10-14 18:29:02,17,Pilates,4.3,29.0,132,98,19,0,0,0,0,false
2025-10-12 23:09:58,2025-10-13 23:31:20,UTC-04:00,2025-10-13 13:55:30,2025-10-13 14:11:59,16,Walking,4.5,35.0,133,105,25,0,0,0,0,false
2025-10-12 23:09:58,2025-10-13 23:31:20,UTC-04:00,2025-10-13 11:55:30,2025-10-13 12:41:59,46,Spin,11.1,322.0,179,139,41,34,18,4,0,false
2025-10-11 00:14:55,2025-10-12 01:57:56,UTC-04:00,2025-10-11 13:10:00,2025-10-11 13:38:59,28,Pilates,7.1,94.0,144,112,57,1,0,0,0,false
2025-10-08 00:26:53,2025-10-08 22:52:25,UTC-04:00,2025-10-08 19:39:00,2025-10-08 19:58:29,19,Walking,5.0,69.0,131,117,98,0,0,0,0,false
2025-10-08 00:26:53,2025-10-08 22:52:25,UTC-04:00,2025-10-08 18:25:30,2025-10-08 19:23:54,58,HIIT,15.4,519.0,189,154,25,15,16,35,8,false
2025-10-05 00:00:00,2025-10-06 01:36:59,UTC-04:00,2025-10-05 10:43:30,2025-10-05 11:25:29,41,Cycling,11.6,324.0,183,146,26,32,37,5,0,false
2025-10-04 00:00:00,2025-10-05 00:00:00,UTC-04:00,2025-10-04 00:15:00,2025-10-04 01:53:59,98,Dance,12.9,602.0,161,134,65,35,0,0,0,false
2025-09-30 22:43:59,2025-10-02 02:19:31,UTC-04:00,2025-10-01 18:03:18,2025-10-01 18:19:55,16,Pilates,4.9,54.0,147,114,53,6,0,0,0,false
2025-09-28 23:30:22,2025-09-30 00:07:23,UTC-04:00,2025-09-29 18:41:06,2025-09-29 19:09:33,28,Pilates,6.4,61.0,140,107,35,0,0,0,0,false
2025-09-25 00:28:40,2025-09-26 00:44:11,UTC-04:00,2025-09-25 19:27:00,2025-09-25 20:06:20,39,HIIT,10.6,280.0,184,143,32,40,21,7,0,false
2025-09-24 03:10:16,2025-09-25 00:28:40,UTC-04:00,2025-09-24 18:21:00,2025-09-24 19:26:59,65,HIIT,17.3,668.0,196,163,12,10,20,37,21,false
2025-09-23 02:16:30,2025-09-24 03:10:16,UTC-04:00,2025-09-23 18:22:30,2025-09-23 18:55:53,33,Walking,5.2,87.0,136,110,58,0,0,0,0,false
2025-09-20 00:33:39,2025-09-21 06:03:56,UTC-04:00,2025-09-21 03:28:30,2025-09-21 04:13:29,44,Dance,7.7,225.0,154,128,95,5,0,0,0,false
2025-09-20 00:33:39,2025-09-21 06:03:56,UTC-04:00,2025-09-21 00:12:00,2025-09-21 01:59:59,107,Activity,13.5,671.0,168,136,54,43,3,0,0,false
2025-09-18 23:00:02,2025-09-20 00:33:39,UTC-04:00,2025-09-19 17:31:30,2025-09-19 18:32:59,61,HIIT,13.8,473.0,192,146,32,24,24,17,1,false
2025-09-17 23:40:04,2025-09-18 23:00:02,UTC-04:00,2025-09-18 10:54:57,2025-09-18 11:18:00,23,Pilates,4.8,30.0,120,98,17,0,0,0,0,false
2025-09-12 02:53:50,2025-09-14 04:02:23,UTC-04:00,2025-09-12 18:18:00,2025-09-12 19:11:59,53,HIIT,9.6,295.0,169,131,60,28,9,0,0,false
2025-09-10 02:04:26,2025-09-11 00:11:54,UTC-04:00,2025-09-10 19:15:00,2025-09-10 20:01:29,46,HIIT,7.8,205.0,169,122,64,17,2,0,0,false
2025-09-08 23:10:30,2025-09-10 02:04:26,UTC-04:00,2025-09-09 19:36:00,2025-09-09 20:01:29,25,Walking,5.8,108.0,148,120,93,1,0,0,0,false
2025-09-08 01:43:30,2025-09-08 23:10:30,UTC-04:00,2025-09-08 16:25:30,2025-09-08 17:23:59,58,HIIT,14.3,482.0,196,149,19,26,35,14,5,false
2025-09-07 01:46:08,2025-09-08 01:43:30,UTC-04:00,2025-09-07 11:49:08,2025-09-07 12:26:05,36,Pilates,8.0,78.0,150,103,36,1,0,0,0,false
2025-09-01 22:47:50,2025-09-02 22:53:12,UTC-04:00,2025-09-02 20:00:06,2025-09-02 20:34:16,34,Pilates,7.5,71.0,134,104,31,0,0,0,0,false
2025-08-31 00:11:28,2025-09-01 00:09:47,UTC-04:00,2025-08-31 19:31:30,2025-08-31 20:53:59,82,Activity,9.3,352.0,147,120,88,1,0,0,0,false
2025-08-31 00:11:28,2025-09-01 00:09:47,UTC-04:00,2025-08-31 16:43:30,2025-08-31 16:58:29,14,Walking,4.6,45.0,128,111,66,0,0,0,0,false
2025-08-27 22:50:39,2025-08-28 23:40:01,UTC-04:00,2025-08-28 18:06:00,2025-08-28 19:04:29,58,Spin,17.0,620.0,189,166,6,11,24,40,19,false
2025-08-25 23:15:08,2025-08-26 23:08:07,UTC-04:00,2025-08-26 17:03:00,2025-08-26 17:57:50,54,Spin,15.6,536.0,190,160,9,19,22,44,6,false
2025-08-24 23:51:20,2025-08-25 23:15:08,UTC-04:00,2025-08-25 15:47:30,2025-08-25 16:13:46,26,Pilates,5.5,35.0,128,98,15,0,0,0,0,false
2025-08-23 23:35:49,2025-08-24 23:51:20,UTC-04:00,2025-08-24 10:25:02,2025-08-24 10:53:09,28,Pilates,5.9,37.0,132,97,18,0,0,0,0,false
2025-08-20 23:58:37,2025-08-21 23:11:19,UTC-04:00,2025-08-21 18:05:00,2025-08-21 18:55:59,50,Spin,17.0,568.0,195,170,4,9,15,41,31,false
2025-08-19 01:59:30,2025-08-19 22:20:53,UTC-04:00,2025-08-19 17:00:00,2025-08-19 17:57:20,57,Spin,14.7,473.0,196,150,34,14,21,17,13,false
2025-08-17 00:28:08,2025-08-17 23:35:30,UTC-04:00,2025-08-17 10:00:00,2025-08-17 11:00:00,60,Yoga,10.4,62.0,123,79,4,0,0,0,0,false
2025-08-15 23:41:04,2025-08-17 00:28:08,UTC-04:00,2025-08-16 20:40:30,2025-08-16 20:54:20,13,Activity,4.9,55.0,152,119,81,3,0,0,0,false
2025-08-14 22:58:33,2025-08-15 23:41:04,UTC-04:00,2025-08-15 16:56:27,2025-08-15 17:35:22,38,Yoga,8.7,67.0,138,98,27,0,0,0,0,false
2025-08-14 22:58:33,2025-08-15 23:41:04,UTC-04:00,2025-08-15 14:27:00,2025-08-15 15:17:59,50,Walking,5.5,102.0,129,104,32,0,0,0,0,false
2025-08-11 22:50:04,2025-08-12 23:30:40,UTC-04:00,2025-08-12 22:27:00,2025-08-12 22:56:12,29,Activity,5.5,102.0,134,114,90,0,0,0,0,false
2025-08-11 22:50:04,2025-08-12 23:30:40,UTC-04:00,2025-08-12 16:51:00,2025-08-12 17:58:29,67,Spin,16.1,620.0,199,155,8,13,36,20,23,false
2025-08-08 23:40:57,2025-08-10 02:41:40,UTC-04:00,2025-08-10 00:49:30,2025-08-10 01:58:55,69,Activity,9.8,345.0,150,122,94,6,0,0,0,false
2025-08-08 23:40:57,2025-08-10 02:41:40,UTC-04:00,2025-08-09 23:27:00,2025-08-10 00:25:29,58,Activity,9.1,297.0,139,123,99,1,0,0,0,false
2025-08-08 23:40:57,2025-08-10 02:41:40,UTC-04:00,2025-08-09 20:13:30,2025-08-09 23:04:29,170,Activity,17.1,1011.0,189,129,81,4,1,8,6,false
2025-08-08 00:01:24,2025-08-08 23:40:57,UTC-04:00,2025-08-08 19:19:30,2025-08-08 22:22:29,182,Activity,14.6,899.0,160,122,75,18,3,0,0,false
2025-08-08 00:01:24,2025-08-08 23:40:57,UTC-04:00,2025-08-08 17:34:30,2025-08-08 19:02:59,88,Activity,10.9,432.0,149,121,92,6,0,0,0,false
2025-08-06 23:37:46,2025-08-08 00:01:24,UTC-04:00,2025-08-07 20:35:35,2025-08-07 21:08:14,32,Pilates,7.3,73.0,133,101,42,0,0,0,0,false
2025-08-05 22:59:54,2025-08-06 23:37:46,UTC-04:00,2025-08-06 18:45:47,2025-08-06 19:19:26,33,Pilates,8.1,105.0,146,108,58,5,0,0,0,false
2025-08-03 00:00:00,2025-08-04 01:23:16,UTC-04:00,2025-08-03 22:12:00,2025-08-03 22:40:29,28,Walking,5.3,86.0,125,108,79,0,0,0,0,false
2025-08-02 00:44:08,2025-08-03 00:00:00,UTC-04:00,2025-08-02 14:50:24,2025-08-02 15:22:27,32,Pilates,7.1,64.0,130,99,36,0,0,0,0,false
2025-07-30 23:08:09,2025-08-01 00:00:00,UTC-04:00,2025-07-31 18:40:00,2025-07-31 19:08:00,28,Pilates,6.2,45.0,119,97,16,0,0,0,0,false
2025-07-29 23:40:17,2025-07-30 23:08:09,UTC-04:00,2025-07-30 20:05:00,2025-07-30 20:42:54,37,Pilates,7.9,73.0,126,95,33,0,0,0,0,false
2025-07-27 00:19:42,2025-07-27 23:18:06,UTC-04:00,2025-07-27 21:10:00,2025-07-27 21:42:00,32,Pilates,6.8,53.0,142,97,22,0,0,0,0,false
2025-07-26 00:24:52,2025-07-27 00:19:42,UTC-04:00,2025-07-26 21:10:00,2025-07-26 21:40:00,30,Pilates,6.2,39.0,136,92,10,0,0,0,0,false
2025-07-23 23:35:19,2025-07-24 22:20:34,UTC-04:00,2025-07-24 18:05:00,2025-07-24 18:59:29,54,Spin,17.2,562.0,191,161,8,10,16,27,39,false
2025-07-22 23:26:14,2025-07-23 23:35:19,UTC-04:00,2025-07-23 18:05:00,2025-07-23 18:55:00,50,Yoga,9.9,70.0,123,92,17,0,0,0,0,false
2025-07-21 23:54:34,2025-07-22 23:26:14,UTC-04:00,2025-07-22 17:58:30,2025-07-22 18:16:29,17,Yoga,4.6,36.0,129,100,36,0,0,0,0,false
2025-07-15 23:53:11,2025-07-17 00:09:08,UTC-04:00,2025-07-16 20:43:30,2025-07-16 21:49:29,65,Walking,6.6,176.0,135,104,70,0,0,0,0,false
2025-07-15 23:53:11,2025-07-17 00:09:08,UTC-04:00,2025-07-16 17:55:30,2025-07-16 19:14:59,79,Spin,15.8,628.0,185,144,24,23,23,26,4,false
2025-07-15 00:36:36,2025-07-15 23:53:11,UTC-04:00,2025-07-15 16:58:30,2025-07-15 18:00:18,61,Spin,14.5,497.0,182,145,18,30,25,24,3,false
2025-07-11 00:13:24,2025-07-12 04:11:51,UTC-04:00,2025-07-12 01:58:30,2025-07-12 02:17:59,19,Dance,5.2,72.0,135,113,95,0,0,0,0,false
2025-07-11 00:13:24,2025-07-12 04:11:51,UTC-04:00,2025-07-11 22:28:30,2025-07-11 23:23:45,55,Walking,7.2,200.0,142,112,90,1,0,0,0,false
2025-07-11 00:13:24,2025-07-12 04:11:51,UTC-04:00,2025-07-11 17:54:00,2025-07-11 18:50:59,56,Spin,14.8,449.0,178,143,16,6,32,36,1,false
2025-07-08 22:36:52,2025-07-09 23:40:23,UTC-04:00,2025-07-09 18:05:30,2025-07-09 18:58:29,52,Spin,13.0,396.0,177,140,18,44,27,9,0,false
2025-07-07 22:37:54,2025-07-08 22:36:52,UTC-04:00,2025-07-08 18:42:00,2025-07-08 19:25:29,43,HIIT,11.4,305.0,172,136,29,37,27,7,0,false
2025-07-04 23:18:55,2025-07-06 00:54:47,UTC-04:00,2025-07-05 09:04:30,2025-07-05 10:01:29,56,Spin,12.9,390.0,173,135,30,22,39,6,0,false
2025-07-03 23:54:25,2025-07-04 23:18:55,UTC-04:00,2025-07-04 18:15:00,2025-07-04 19:26:59,71,HIIT,8.8,251.0,175,109,55,6,4,2,0,false
2025-07-01 23:30:37,2025-07-02 23:03:22,UTC-04:00,2025-07-02 18:09:00,2025-07-02 18:56:59,47,Spin,13.6,371.0,195,142,16,21,22,27,8,false
2025-06-30 23:44:19,2025-07-01 23:30:37,UTC-04:00,2025-07-01 13:37:30,2025-07-01 14:08:15,30,Activity,4.9,61.0,123,98,25,0,0,0,0,false
2025-06-30 23:44:19,2025-07-01 23:30:37,UTC-04:00,2025-07-01 12:48:00,2025-07-01 13:11:59,23,Walking,5.2,76.0,138,108,73,0,0,0,0,false
2025-06-30 23:44:19,2025-07-01 23:30:37,UTC-04:00,2025-07-01 10:24:00,2025-07-01 11:16:29,52,Hot Yoga,11.5,172.0,141,108,67,3,0,0,0,false
2025-06-30 01:03:16,2025-06-30 23:44:19,UTC-04:00,2025-06-30 21:10:30,2025-06-30 21:43:29,32,Stairmaster,11.4,252.0,166,141,20,26,43,8,0,false
2025-06-28 00:09:59,2025-06-30 01:03:16,UTC-04:00,2025-06-28 22:58:30,2025-06-28 23:32:59,34,Walking,6.4,119.0,169,110,47,8,6,1,0,false
2025-06-28 00:09:59,2025-06-30 01:03:16,UTC-04:00,2025-06-28 21:04:30,2025-06-28 21:49:29,44,Activity,6.2,139.0,133,107,83,0,0,0,0,false
2025-06-28 00:09:59,2025-06-30 01:03:16,UTC-04:00,2025-06-28 13:48:00,2025-06-28 14:22:29,34,HIIT,9.4,203.0,175,128,51,17,20,6,0,false
2025-06-26 23:52:10,2025-06-28 00:09:59,UTC-04:00,2025-06-27 17:36:00,2025-06-27 18:22:29,46,HIIT,7.9,214.0,164,119,80,13,2,0,0,false
2025-06-24 23:31:24,2025-06-25 23:16:38,UTC-04:00,2025-06-25 18:09:00,2025-06-25 19:08:59,59,Spin,13.0,405.0,178,134,47,18,22,13,0,false
2025-06-23 23:36:19,2025-06-24 23:31:24,UTC-04:00,2025-06-24 19:13:30,2025-06-24 19:31:29,17,Walking,8.3,138.0,191,142,17,44,23,11,5,false
2025-06-22 23:28:55,2025-06-23 23:36:19,UTC-04:00,2025-06-23 17:28:30,2025-06-23 18:16:29,47,Pilates,12.5,280.0,166,128,49,40,9,1,0,false
2025-06-20 23:32:19,2025-06-21 23:09:56,UTC-04:00,2025-06-21 17:03:00,2025-06-21 18:10:29,67,Spin,14.8,530.0,177,143,23,21,36,19,1,false
2025-06-20 00:32:37,2025-06-20 23:32:19,UTC-04:00,2025-06-20 18:43:30,2025-06-20 19:30:08,46,HIIT,7.9,184.0,174,114,54,10,4,1,0,false
2025-06-17 22:39:42,2025-06-18 23:21:18,UTC-04:00,2025-06-18 19:42:00,2025-06-18 20:32:56,50,HIIT,10.2,257.0,188,124,55,16,6,5,2,false
2025-06-15 22:25:12,2025-06-16 22:35:40,UTC-04:00,2025-06-16 19:40:30,2025-06-16 20:33:29,52,Pilates,9.8,96.0,148,98,23,1,0,0,0,false
2025-06-13 22:13:24,2025-06-14 23:46:23,UTC-04:00,2025-06-14 09:00:30,2025-06-14 09:53:29,52,Spin,11.7,343.0,178,134,50,23,19,8,0,false
2025-06-12 22:35:50,2025-06-13 22:13:24,UTC-04:00,2025-06-13 18:37:30,2025-06-13 19:20:15,42,HIIT,7.3,167.0,175,116,64,10,2,1,0,false
2025-06-11 23:05:49,2025-06-12 22:35:50,UTC-04:00,2025-06-12 18:05:30,2025-06-12 18:50:29,44,Spin,11.8,321.0,171,139,30,29,36,5,0,false
2025-06-08 22:42:20,2025-06-09 22:29:32,UTC-04:00,2025-06-09 19:40:00,2025-06-09 20:31:29,51,Pilates,10.3,127.0,153,104,36,7,0,0,0,false
2025-06-06 22:50:08,2025-06-07 23:02:56,UTC-04:00,2025-06-07 13:00:30,2025-06-07 13:46:03,45,HIIT,6.5,136.0,160,109,43,8,2,0,0,false
2025-06-03 22:55:23,2025-06-04 22:36:33,UTC-04:00,2025-06-04 19:40:00,2025-06-04 20:20:13,40,HIIT,9.8,226.0,175,128,50,12,17,9,0,false
2025-05-31 23:05:02,2025-06-01 22:48:24,UTC-04:00,2025-06-01 14:13:30,2025-06-01 14:58:29,44,HIIT,10.1,255.0,171,129,43,22,21,4,0,false
2025-05-31 00:35:20,2025-05-31 23:05:02,UTC-04:00,2025-05-31 19:30:00,2025-05-31 20:10:29,40,Pilates,9.0,113.0,147,108,54,3,0,0,0,false
2025-05-27 22:34:19,2025-05-28 22:48:42,UTC-04:00,2025-05-28 19:03:00,2025-05-28 20:01:29,58,Spin,16.9,535.0,188,154,18,3,12,36,27,false
2025-05-26 23:08:59,2025-05-27 22:34:19,UTC-04:00,2025-05-27 19:37:30,2025-05-27 20:22:24,44,HIIT,10.4,260.0,177,130,50,21,11,9,0,false
2025-05-23 22:08:39,2025-05-25 00:45:26,UTC-04:00,2025-05-24 11:52:30,2025-05-24 12:43:29,50,Boxing,11.5,320.0,172,133,43,22,26,5,0,false
2025-05-22 22:02:31,2025-05-23 22:08:39,UTC-04:00,2025-05-23 19:30:00,2025-05-23 20:20:00,50,Hot Yoga,11.3,159.0,162,109,55,10,5,0,0,false
2025-05-21 22:20:06,2025-05-22 22:02:31,UTC-04:00,2025-05-22 19:15:00,2025-05-22 20:01:29,46,Spin,13.3,377.0,180,146,12,25,37,25,1,false
2025-05-19 22:20:36,2025-05-20 22:01:48,UTC-04:00,2025-05-20 19:37:30,2025-05-20 20:27:06,49,HIIT,11.5,307.0,186,131,56,21,9,9,4,false
2025-05-18 22:34:19,2025-05-19 22:20:36,UTC-04:00,2025-05-19 18:17:00,2025-05-19 19:10:00,53,Pilates,10.4,126.0,146,101,44,4,0,0,0,false
2025-05-17 23:23:46,2025-05-18 22:34:19,UTC-04:00,2025-05-18 15:21:00,2025-05-18 16:09:33,48,HIIT,11.7,319.0,181,135,45,27,15,11,2,false
2025-05-16 23:14:51,2025-05-17 23:23:46,UTC-04:00,2025-05-17 11:40:00,2025-05-17 12:30:00,50,Hot Yoga,10.3,96.0,145,97,41,2,0,0,0,false
2025-05-16 01:34:41,2025-05-16 23:14:51,UTC-04:00,2025-05-16 17:34:30,2025-05-16 18:37:29,62,HIIT,11.5,361.0,172,128,48,24,20,2,0,false
2025-05-13 23:52:41,2025-05-14 22:10:42,UTC-04:00,2025-05-14 18:09:00,2025-05-14 19:05:43,56,Spin,15.5,496.0,185,150,12,16,23,37,10,false
2025-05-12 22:45:07,2025-05-13 23:52:41,UTC-04:00,2025-05-13 19:22:30,2025-05-13 20:22:29,59,HIIT,9.7,243.0,193,114,58,6,4,4,2,false
2025-05-11 23:39:14,2025-05-12 22:45:07,UTC-04:00,2025-05-12 17:03:00,2025-05-12 17:50:59,47,Yoga,11.4,182.0,150,111,69,12,0,0,0,false
2025-05-11 04:31:13,2025-05-11 23:39:14,UTC-04:00,2025-05-11 16:34:30,2025-05-11 17:22:29,47,HIIT,6.6,162.0,141,108,83,1,0,0,0,false
2025-05-09 22:12:32,2025-05-11 04:31:13,UTC-04:00,2025-05-11 00:27:00,2025-05-11 03:56:59,209,Dance,9.2,386.0,142,96,27,0,0,0,0,false
2025-05-09 22:12:32,2025-05-11 04:31:13,UTC-04:00,2025-05-11 00:00:00,2025-05-11 00:16:29,16,Walking,4.8,53.0,134,107,79,0,0,0,0,false
2025-05-09 00:40:21,2025-05-09 22:12:32,UTC-04:00,2025-05-09 17:34:30,2025-05-09 18:26:59,52,HIIT,11.4,285.0,188,123,68,6,6,13,2,false
2025-05-06 23:23:19,2025-05-07 22:31:27,UTC-04:00,2025-05-07 19:31:00,2025-05-07 20:19:00,48,Pilates,11.6,243.0,143,121,96,4,0,0,0,false
2025-05-06 23:23:19,2025-05-07 22:31:27,UTC-04:00,2025-05-07 18:09:00,2025-05-07 18:50:59,41,Spin,14.8,399.0,188,154,9,10,23,42,16,false
2025-05-05 22:22:41,2025-05-06 23:23:19,UTC-04:00,2025-05-06 07:25:00,2025-05-06 08:15:29,50,Pilates,9.5,91.0,128,88,28,0,0,0,0,false
2025-05-04 01:25:34,2025-05-04 22:07:56,UTC-04:00,2025-05-04 16:32:00,2025-05-04 17:10:00,38,Hot Yoga,8.5,59.0,126,90,21,0,0,0,0,false
2025-05-02 23:00:07,2025-05-04 01:25:34,UTC-04:00,2025-05-03 10:30:30,2025-05-03 11:23:59,53,Pilates,12.8,244.0,174,115,40,10,13,6,0,false
2025-05-01 21:44:51,2025-05-02 23:00:07,UTC-04:00,2025-05-02 18:10:30,2025-05-02 19:22:29,71,Pilates,13.3,345.0,166,119,65,19,6,0,0,false
2025-04-30 22:44:12,2025-05-01 21:44:51,UTC-04:00,2025-05-01 18:30:00,2025-05-01 19:23:27,53,HIIT,9.4,262.0,171,120,73,17,5,2,0,false
2025-04-29 22:40:39,2025-04-30 22:44:12,UTC-04:00,2025-04-30 18:09:00,2025-04-30 19:19:29,70,Spin,15.8,577.0,189,144,24,20,17,30,8,false
2025-04-28 22:34:03,2025-04-29 22:40:39,UTC-04:00,2025-04-29 07:25:00,2025-04-29 08:19:29,54,Pilates,9.9,95.0,131,91,27,0,0,0,0,false
2025-04-27 22:38:13,2025-04-28 22:34:03,UTC-04:00,2025-04-28 18:35:00,2025-04-28 19:30:16,55,HIIT,7.0,170.0,170,105,56,4,2,1,0,false
2025-04-26 23:30:32,2025-04-27 22:38:13,UTC-04:00,2025-04-27 16:20:00,2025-04-27 17:10:00,50,Yoga,10.4,105.0,136,94,45,0,0,0,0,false
2025-04-26 23:30:32,2025-04-27 22:38:13,UTC-04:00,2025-04-27 15:22:30,2025-04-27 16:18:08,55,HIIT,7.6,208.0,157,112,73,10,1,0,0,false
2025-04-26 03:36:34,2025-04-26 23:30:32,UTC-04:00,2025-04-26 19:20:30,2025-04-26 20:10:29,49,Yoga,10.1,80.0,126,91,25,0,0,0,0,false
2025-04-26 03:36:34,2025-04-26 23:30:32,UTC-04:00,2025-04-26 14:30:00,2025-04-26 14:47:59,17,Walking,4.5,38.0,147,96,35,3,0,0,0,false
2025-04-26 03:36:34,2025-04-26 23:30:32,UTC-04:00,2025-04-26 13:55:30,2025-04-26 14:17:59,22,Walking,5.1,67.0,145,103,52,9,0,0,0,false
2025-04-26 03:36:34,2025-04-26 23:30:32,UTC-04:00,2025-04-26 12:12:00,2025-04-26 12:29:59,17,Walking,4.6,45.0,134,100,55,0,0,0,0,false
2025-04-24 22:34:13,2025-04-26 03:36:34,UTC-04:00,2025-04-26 00:34:30,2025-04-26 00:49:29,14,Dance,4.7,48.0,131,108,79,0,0,0,0,false
2025-04-23 23:41:37,2025-04-24 22:34:13,UTC-04:00,2025-04-24 19:43:30,2025-04-24 20:13:29,29,Yoga,7.8,82.0,132,103,60,0,0,0,0,false
2025-04-23 23:41:37,2025-04-24 22:34:13,UTC-04:00,2025-04-24 14:57:00,2025-04-24 15:14:59,17,Walking,5.3,75.0,141,115,99,0,0,0,0,false
2025-04-22 21:48:45,2025-04-23 23:41:37,UTC-04:00,2025-04-23 18:10:30,2025-04-23 19:22:29,71,Spin,14.7,506.0,190,136,40,18,15,17,5,false
2025-04-21 22:20:39,2025-04-22 21:48:45,UTC-04:00,2025-04-22 19:48:00,2025-04-22 20:11:59,23,Yoga,6.0,48.0,129,96,36,0,0,0,0,false
2025-04-21 00:35:19,2025-04-21 22:20:39,UTC-04:00,2025-04-21 18:37:30,2025-04-21 19:28:29,50,HIIT,7.8,187.0,188,111,50,9,5,1,0,false
2025-04-20 00:54:07,2025-04-21 00:35:19,UTC-04:00,2025-04-20 16:20:00,2025-04-20 17:00:00,40,Yoga,8.8,61.0,124,90,16,0,0,0,0,false
2025-04-20 00:54:07,2025-04-21 00:35:19,UTC-04:00,2025-04-20 14:10:30,2025-04-20 15:00:59,50,HIIT,11.6,316.0,181,131,44,23,19,9,0,false
2025-04-18 00:51:46,2025-04-18 23:14:47,UTC-04:00,2025-04-18 16:34:30,2025-04-18 17:24:29,49,HIIT,6.6,150.0,162,106,55,6,2,0,0,false
2025-04-17 00:00:16,2025-04-18 00:51:46,UTC-04:00,2025-04-17 19:36:00,2025-04-17 19:50:59,14,Walking,4.6,40.0,118,105,61,0,0,0,0,false
2025-04-15 22:37:05,2025-04-17 00:00:16,UTC-04:00,2025-04-16 18:25:30,2025-04-16 19:26:49,61,HIIT,9.1,248.0,177,115,50,14,4,2,0,false
2025-04-14 22:26:50,2025-04-15 22:37:05,UTC-04:00,2025-04-15 17:04:30,2025-04-15 18:04:29,59,Spin,11.0,332.0,162,126,43,31,16,0,0,false
2025-04-13 22:31:16,2025-04-14 22:26:50,UTC-04:00,2025-04-14 19:16:30,2025-04-14 19:59:20,42,Spin,11.8,315.0,175,140,21,36,30,13,0,false
2025-04-12 23:22:35,2025-04-13 22:31:16,UTC-04:00,2025-04-13 17:19:30,2025-04-13 17:43:29,23,Walking,5.1,71.0,139,107,68,1,0,0,0,false
2025-04-12 23:22:35,2025-04-13 22:31:16,UTC-04:00,2025-04-13 11:48:00,2025-04-13 12:43:29,55,Activity,8.3,219.0,168,114,63,9,4,2,0,false
2025-04-10 23:54:30,2025-04-11 22:43:25,UTC-04:00,2025-04-11 19:39:00,2025-04-11 20:26:32,47,HIIT,6.5,152.0,147,109,65,4,0,0,0,false
2025-04-08 23:27:28,2025-04-09 23:24:04,UTC-04:00,2025-04-09 19:36:00,2025-04-09 20:25:59,49,HIIT,6.6,154.0,167,108,60,2,1,0,0,false
2025-04-07 23:03:21,2025-04-08 23:27:28,UTC-04:00,2025-04-08 19:06:00,2025-04-08 19:22:29,16,Walking,4.8,52.0,137,108,67,0,0,0,0,false
2025-04-06 22:44:41,2025-04-07 23:03:21,UTC-04:00,2025-04-07 19:15:00,2025-04-07 21:05:59,110,Spin,15.5,666.0,189,129,50,11,11,11,5,false
2025-04-04 22:59:21,2025-04-06 01:00:53,UTC-04:00,2025-04-05 10:30:00,2025-04-05 11:20:29,50,Pilates,10.4,138.0,156,104,41,4,2,0,0,false
2025-04-03 23:48:09,2025-04-04 22:59:21,UTC-04:00,2025-04-04 18:06:00,2025-04-04 18:54:21,48,Spin,13.1,367.0,189,141,36,19,22,17,6,false
2025-04-01 23:08:21,2025-04-02 22:07:01,UTC-04:00,2025-04-02 19:13:30,2025-04-02 20:01:29,47,Spin,14.2,388.0,197,145,23,12,19,31,13,false
2025-03-31 23:15:36,2025-04-01 23:08:21,UTC-04:00,2025-04-01 19:37:00,2025-04-01 20:20:07,43,HIIT,6.6,154.0,147,112,68,9,0,0,0,false
2025-03-30 23:14:25,2025-03-31 23:15:36,UTC-04:00,2025-03-31 18:20:00,2025-03-31 19:10:29,50,Pilates,10.0,112.0,140,100,26,3,0,0,0,false
2025-03-30 04:16:49,2025-03-30 23:14:25,UTC-04:00,2025-03-30 18:01:30,2025-03-30 18:19:29,17,Walking,5.1,59.0,150,110,56,6,2,0,0,false
2025-03-30 04:16:49,2025-03-30 23:14:25,UTC-04:00,2025-03-30 16:20:00,2025-03-30 17:10:00,50,Yoga,9.9,76.0,133,91,23,0,0,0,0,false
2025-03-28 23:43:29,2025-03-30 04:16:49,UTC-04:00,2025-03-29 09:20:00,2025-03-29 10:10:00,50,Yoga,10.5,105.0,149,100,36,1,0,0,0,false
2025-03-27 23:32:09,2025-03-28 23:43:29,UTC-04:00,2025-03-28 19:35:30,2025-03-28 20:35:59,60,HIIT,9.8,259.0,185,119,56,12,6,3,1,false
2025-03-26 23:03:20,2025-03-27 23:32:09,UTC-04:00,2025-03-27 19:34:30,2025-03-27 20:41:59,67,Yoga,13.2,285.0,170,118,63,9,8,0,0,false
2025-03-25 23:03:16,2025-03-26 23:03:20,UTC-04:00,2025-03-26 19:36:00,2025-03-26 20:26:01,50,HIIT,9.2,227.0,177,121,65,10,3,5,0,false
2025-03-24 23:07:02,2025-03-25 23:03:16,UTC-04:00,2025-03-25 21:37:30,2025-03-25 21:58:29,20,Yoga,5.4,45.0,132,103,49,0,0,0,0,false
2025-03-24 00:15:46,2025-03-24 23:07:02,UTC-04:00,2025-03-24 17:22:30,2025-03-24 18:37:29,74,HIIT,10.2,307.0,187,118,58,11,6,3,0,false
2025-03-20 22:36:56,2025-03-22 03:42:23,UTC-04:00,2025-03-21 17:55:30,2025-03-21 18:53:58,58,Spin,15.6,515.0,185,152,19,13,24,32,12,false
2025-03-18 23:28:00,2025-03-19 22:59:31,UTC-04:00,2025-03-19 18:07:30,2025-03-19 19:07:27,59,Spin,13.1,383.0,182,133,43,16,19,12,3,false
2025-01-23 22:40:42,2025-01-24 22:40:42,UTC-05:00,2025-01-24 18:10:30,2025-01-24 18:47:59,37,Activity,9.0,231.0,157,133,33,53,5,0,0,false
2025-01-23 22:40:42,2025-01-24 22:40:42,UTC-05:00,2025-01-24 17:01:30,2025-01-24 17:46:22,44,Spin,16.4,474.0,193,164,1,1,11,59,25,false
2025-01-23 22:40:42,2025-01-24 22:40:42,UTC-05:00,2025-01-24 16:27:00,2025-01-24 16:49:29,22,Walking,5.5,79.0,159,115,27,14,0,0,0,false
2025-01-21 23:53:31,2025-01-22 22:46:56,UTC-05:00,2025-01-22 18:48:00,2025-01-22 19:25:29,37,Pilates,10.7,191.0,180,126,32,20,5,3,1,false
2025-01-20 23:30:14,2025-01-21 23:53:31,UTC-05:00,2025-01-21 17:04:30,2025-01-21 17:55:29,50,Spin,15.9,503.0,187,159,2,13,27,40,18,false
2025-01-19 22:38:19,2025-01-20 23:30:14,UTC-05:00,2025-01-20 20:51:00,2025-01-20 21:07:29,16,Walking,4.9,55.0,145,114,11,3,0,0,0,false
2025-01-19 22:38:19,2025-01-20 23:30:14,UTC-05:00,2025-01-20 19:16:30,2025-01-20 20:10:29,53,Spin,13.7,390.0,181,139,15,8,30,22,4,false
2025-01-18 00:21:51,2025-01-19 22:38:19,UTC-05:00,2025-01-19 02:00:00,2025-01-19 02:14:59,14,Elliptical,4.8,51.0,155,114,17,3,1,0,0,false
2025-01-17 00:24:37,2025-01-18 00:21:51,UTC-05:00,2025-01-17 18:37:30,2025-01-17 19:02:59,25,Activity,6.3,124.0,150,124,65,10,0,0,0,false
2025-01-17 00:24:37,2025-01-18 00:21:51,UTC-05:00,2025-01-17 17:04:30,2025-01-17 17:52:20,47,Spin,15.1,455.0,183,157,6,10,27,53,4,false
2025-01-14 23:54:01,2025-01-15 22:52:46,UTC-05:00,2025-01-15 18:39:00,2025-01-15 19:25:29,46,Pilates,10.3,140.0,167,111,13,10,4,0,0,false
2025-01-13 22:21:58,2025-01-14 23:54:01,UTC-05:00,2025-01-14 19:28:30,2025-01-14 20:34:29,65,HIIT,14.6,489.0,182,142,11,18,25,28,4,false
2025-01-12 23:28:21,2025-01-13 22:21:58,UTC-05:00,2025-01-13 20:45:00,2025-01-13 21:07:29,22,Walking,5.0,65.0,128,110,3,0,0,0,0,false
2025-01-12 23:28:21,2025-01-13 22:21:58,UTC-05:00,2025-01-13 19:15:00,2025-01-13 20:14:59,59,Spin,15.5,509.0,187,149,21,4,15,48,6,false
2025-01-12 23:28:21,2025-01-13 22:21:58,UTC-05:00,2025-01-13 18:30:00,2025-01-13 18:50:59,20,Walking,5.1,69.0,132,113,20,0,0,0,0,false
2025-01-12 01:11:10,2025-01-12 23:28:21,UTC-05:00,2025-01-12 11:57:00,2025-01-12 12:20:59,23,Walking,5.2,75.0,142,111,9,0,0,0,0,false
2025-01-12 01:11:10,2025-01-12 23:28:21,UTC-05:00,2025-01-12 09:40:00,2025-01-12 10:30:00,50,Pilates,10.0,118.0,136,105,11,0,0,0,0,false
2025-01-10 01:33:19,2025-01-12 01:11:10,UTC-05:00,2025-01-10 17:04:30,2025-01-10 17:25:29,20,Spin,12.1,207.0,179,158,7,4,13,67,7,false
2025-01-07 22:38:46,2025-01-08 23:12:54,UTC-05:00,2025-01-08 18:43:30,2025-01-08 19:26:59,43,Pilates,12.2,239.0,174,127,34,14,16,6,0,false
2025-01-07 22:38:46,2025-01-08 23:12:54,UTC-05:00,2025-01-08 18:12:00,2025-01-08 18:26:59,14,Walking,5.1,66.0,150,119,64,2,0,0,0,false
2025-01-06 23:11:24,2025-01-07 22:38:46,UTC-05:00,2025-01-07 16:28:30,2025-01-07 17:17:59,49,Activity,13.2,366.0,183,141,17,17,31,17,4,false
2025-01-05 22:35:03,2025-01-06 23:11:24,UTC-05:00,2025-01-06 08:18:00,2025-01-06 08:56:59,38,Spin,13.9,363.0,178,154,0,21,32,46,1,false
2025-01-03 23:29:43,2025-01-04 22:14:48,UTC-05:00,2025-01-04 16:10:30,2025-01-04 16:28:29,17,Walking,4.6,41.0,119,104,0,0,0,0,0,false
2025-01-03 23:29:43,2025-01-04 22:14:48,UTC-05:00,2025-01-04 10:27:00,2025-01-04 11:15:59,48,Spin,13.2,384.0,178,144,13,28,38,18,0,false
2025-01-02 21:55:45,2025-01-03 23:29:43,UTC-05:00,2025-01-03 14:03:00,2025-01-03 14:45:13,42,Spin,15.0,417.0,188,158,0,12,32,46,10,false
2025-01-01 02:59:56,2025-01-01 22:00:54,UTC-05:00,2025-01-01 19:36:00,2025-01-01 20:08:59,32,Yoga,8.8,112.0,146,111,24,4,0,0,0,false
2025-01-01 02:59:56,2025-01-01 22:00:54,UTC-05:00,2025-01-01 18:09:00,2025-01-01 18:50:59,41,Spin,11.2,293.0,172,137,31,24,35,7,0,false
2024-12-30 23:54:05,2025-01-01 02:59:56,UTC-05:00,2025-01-01 02:19:30,2025-01-01 02:35:59,16,Walking,4.5,38.0,123,103,0,0,0,0,0,false
2024-12-30 23:54:05,2025-01-01 02:59:56,UTC-05:00,2024-12-31 10:01:30,2024-12-31 10:46:29,44,Walking,6.5,147.0,154,110,20,7,0,0,0,false
2024-12-30 03:32:57,2024-12-30 23:54:05,UTC-05:00,2024-12-30 19:15:00,2024-12-30 20:03:25,48,Spin,14.1,414.0,182,148,14,14,28,38,2,false
2024-12-27 22:38:17,2024-12-29 04:57:58,UTC-05:00,2024-12-29 02:49:30,2024-12-29 03:14:59,25,Dance,4.8,54.0,129,101,5,0,0,0,0,false
2024-12-27 22:38:17,2024-12-29 04:57:58,UTC-05:00,2024-12-29 01:34:30,2024-12-29 01:56:59,22,Dance,5.0,60.0,140,105,8,2,0,0,0,false
2024-12-27 22:38:17,2024-12-29 04:57:58,UTC-05:00,2024-12-28 22:36:00,2024-12-28 23:17:59,41,Dance,6.6,157.0,138,113,29,0,0,0,0,false
2024-12-27 22:38:17,2024-12-29 04:57:58,UTC-05:00,2024-12-28 21:25:30,2024-12-28 21:40:29,14,Walking,4.8,53.0,150,112,20,4,0,0,0,false
2024-12-27 22:38:17,2024-12-29 04:57:58,UTC-05:00,2024-12-28 08:25:30,2024-12-28 09:07:29,41,Spin,12.4,334.0,173,144,9,38,42,11,0,false
2024-12-27 22:38:17,2024-12-29 04:57:58,UTC-05:00,2024-12-28 07:57:00,2024-12-28 08:13:29,16,Walking,4.6,41.0,127,104,3,0,0,0,0,false
2024-12-26 22:38:37,2024-12-27 22:38:17,UTC-05:00,2024-12-27 20:25:30,2024-12-27 20:43:29,17,Walking,4.4,29.0,111,97,0,0,0,0,0,false
2024-12-26 22:38:37,2024-12-27 22:38:17,UTC-05:00,2024-12-27 17:03:00,2024-12-27 17:44:59,41,Spin,13.4,368.0,183,150,2,18,57,22,0,false
2024-12-26 22:38:37,2024-12-27 22:38:17,UTC-05:00,2024-12-27 12:27:00,2024-12-27 12:49:29,22,Walking,4.4,31.0,121,95,0,0,0,0,0,false
2024-12-25 22:12:00,2024-12-26 22:38:37,UTC-05:00,2024-12-26 12:25:30,2024-12-26 13:14:59,49,HIIT,12.3,317.0,185,133,20,14,15,15,4,false
2024-12-25 22:12:00,2024-12-26 22:38:37,UTC-05:00,2024-12-26 08:20:30,2024-12-26 09:10:29,49,Pilates,9.3,78.0,141,92,5,1,0,0,0,false
2024-12-24 23:04:45,2024-12-25 22:12:00,UTC-05:00,2024-12-25 11:33:00,2024-12-25 12:09:07,36,Walking,4.7,56.0,119,97,0,0,0,0,0,false
2024-12-24 23:04:45,2024-12-25 22:12:00,UTC-05:00,2024-12-25 10:19:30,2024-12-25 11:13:29,53,HIIT,12.1,321.0,183,130,17,16,19,11,2,false
2024-12-23 00:21:39,2024-12-23 21:38:54,UTC-05:00,2024-12-23 18:27:00,2024-12-23 19:05:59,38,Yoga,10.0,141.0,155,113,29,7,3,0,0,false
2024-12-23 00:21:39,2024-12-23 21:38:54,UTC-05:00,2024-12-23 17:01:30,2024-12-23 17:46:29,44,Spin,14.4,413.0,176,153,2,18,31,47,0,false
2024-12-21 01:37:09,2024-12-21 23:59:13,UTC-05:00,2024-12-21 11:52:30,2024-12-21 12:43:29,50,HIIT,9.2,215.0,184,117,28,6,4,6,1,false
2024-12-21 01:37:09,2024-12-21 23:59:13,UTC-05:00,2024-12-21 10:40:30,2024-12-21 11:11:59,31,Walking,5.1,77.0,122,104,0,0,0,0,0,false
2024-12-19 00:36:29,2024-12-19 23:27:19,UTC-05:00,2024-12-19 21:21:00,2024-12-19 21:47:59,26,Walking,5.3,83.0,142,109,10,1,0,0,0,false
2024-12-19 00:36:29,2024-12-19 23:27:19,UTC-05:00,2024-12-19 19:00:00,2024-12-19 20:02:59,62,Spin,15.4,503.0,181,145,11,10,23,35,6,false
2024-12-19 00:36:29,2024-12-19 23:27:19,UTC-05:00,2024-12-19 17:57:00,2024-12-19 18:14:59,17,Walking,4.8,54.0,136,109,7,0,0,0,0,false
2024-12-19 00:36:29,2024-12-19 23:27:19,UTC-05:00,2024-12-19 08:51:00,2024-12-19 09:17:59,26,Walking,5.3,82.0,135,109,6,0,0,0,0,false
2024-12-16 23:10:33,2024-12-17 23:04:18,UTC-05:00,2024-12-17 18:54:00,2024-12-17 19:19:29,25,Walking,4.6,41.0,123,99,0,0,0,0,0,false
2024-12-16 00:13:00,2024-12-16 23:10:33,UTC-05:00,2024-12-16 20:36:00,2024-12-16 20:59:59,23,Activity,5.5,88.0,134,114,31,0,0,0,0,false
2024-12-16 00:13:00,2024-12-16 23:10:33,UTC-05:00,2024-12-16 19:10:00,2024-12-16 20:00:00,50,Spin,5.6,101.0,166,81,5,3,5,0,0,false
2024-12-14 00:42:17,2024-12-14 23:08:12,UTC-05:00,2024-12-14 16:09:00,2024-12-14 16:40:29,31,Walking,5.0,67.0,129,101,2,0,0,0,0,false
2024-12-12 23:00:48,2024-12-14 00:42:17,UTC-05:00,2024-12-13 18:49:30,2024-12-13 19:26:59,37,Walking,6.2,111.0,164,108,9,7,5,0,0,false
2024-12-12 23:00:48,2024-12-14 00:42:17,UTC-05:00,2024-12-13 17:04:30,2024-12-13 17:46:29,41,Activity,14.3,393.0,180,155,2,18,44,32,4,false
2024-12-12 23:00:48,2024-12-14 00:42:17,UTC-05:00,2024-12-13 16:27:00,2024-12-13 16:44:59,17,Walking,4.9,57.0,148,110,14,6,0,0,0,false
2024-12-11 22:04:49,2024-12-12 23:00:48,UTC-05:00,2024-12-12 19:16:30,2024-12-12 20:01:29,44,Spin,14.5,417.0,180,154,2,13,44,37,2,false
2024-12-11 22:04:49,2024-12-12 23:00:48,UTC-05:00,2024-12-12 17:39:00,2024-12-12 18:01:29,22,Walking,4.8,55.0,153,104,9,1,0,0,0,false
2024-12-09 23:22:49,2024-12-10 23:51:21,UTC-05:00,2024-12-10 18:45:00,2024-12-10 19:25:29,40,Activity,10.3,257.0,179,133,23,42,16,4,1,false
2024-12-08 23:51:05,2024-12-09 23:22:49,UTC-05:00,2024-12-09 19:10:00,2024-12-09 20:04:29,54,Spin,14.3,444.0,176,146,8,18,42,25,0,false
2024-12-07 22:53:59,2024-12-08 23:51:05,UTC-05:00,2024-12-08 12:37:30,2024-12-08 13:01:29,23,Walking,4.9,57.0,138,105,12,0,0,0,0,false
2024-12-06 22:53:59,2024-12-07 22:53:59,UTC-05:00,2024-12-07 16:37:30,2024-12-07 17:02:59,25,Activity,6.8,128.0,159,124,27,28,7,0,0,false
2024-12-05 22:55:16,2024-12-06 22:53:59,UTC-05:00,2024-12-06 22:37:30,2024-12-06 22:53:59,16,Walking,4.3,27.0,119,99,0,0,0,0,0,false
2024-12-05 22:55:16,2024-12-06 22:53:59,UTC-05:00,2024-12-06 17:04:30,2024-12-06 17:58:29,53,Spin,13.6,414.0,177,143,7,15,51,11,0,false
2024-12-04 22:21:26,2024-12-05 22:55:16,UTC-05:00,2024-12-05 20:12:00,2024-12-05 20:26:59,14,Walking,4.5,33.0,127,104,1,0,0,0,0,false
2024-12-04 22:21:26,2024-12-05 22:55:16,UTC-05:00,2024-12-05 18:10:30,2024-12-05 18:49:29,38,Spin,12.5,322.0,181,147,8,29,43,19,1,false
2024-12-04 22:21:26,2024-12-05 22:55:16,UTC-05:00,2024-12-05 17:22:30,2024-12-05 17:49:29,26,Walking,4.8,54.0,131,101,2,0,0,0,0,false
2024-12-02 23:11:44,2024-12-03 22:21:26,UTC-05:00,2024-12-03 19:45:00,2024-12-03 20:11:59,26,Walking,5.3,85.0,138,111,19,0,0,0,0,false
2024-12-02 23:11:44,2024-12-03 22:21:26,UTC-05:00,2024-12-03 18:35:00,2024-12-03 19:26:59,51,HIIT,11.4,304.0,170,129,22,20,23,7,0,false
2024-12-01 21:08:10,2024-12-02 23:11:44,UTC-05:00,2024-12-02 19:16:30,2024-12-02 20:04:29,47,Spin,15.1,454.0,180,156,5,4,40,47,2,false
2024-12-01 21:08:10,2024-12-02 23:11:44,UTC-05:00,2024-12-02 11:48:00,2024-12-02 12:32:59,44,Walking,5.0,82.0,133,97,7,0,0,0,0,false
2024-12-01 00:29:01,2024-12-01 21:08:10,UTC-05:00,2024-12-01 18:12:00,2024-12-01 18:32:59,20,Walking,4.8,52.0,139,105,12,1,0,0,0,false
2024-12-01 00:29:01,2024-12-01 21:08:10,UTC-05:00,2024-12-01 11:22:30,2024-12-01 11:55:29,32,Walking,5.2,78.0,129,105,2,0,0,0,0,false
2024-11-29 23:55:53,2024-12-01 00:29:01,UTC-05:00,2024-11-30 09:45:00,2024-11-30 10:01:29,16,Walking,4.9,57.0,135,112,12,0,0,0,0,false
2024-11-29 23:55:53,2024-12-01 00:29:01,UTC-05:00,2024-11-30 07:55:30,2024-11-30 09:10:29,74,Spin,14.4,502.0,197,135,13,11,28,13,3,false
2024-11-28 23:06:31,2024-11-29 23:55:53,UTC-05:00,2024-11-29 16:36:00,2024-11-29 17:47:59,71,Activity,15.5,526.0,183,140,3,2,23,32,2,false
2024-11-25 23:15:28,2024-11-26 23:26:06,UTC-05:00,2024-11-26 16:33:00,2024-11-26 16:56:59,23,Walking,4.8,56.0,129,103,7,0,0,0,0,false
2024-11-24 22:53:55,2024-11-25 23:15:28,UTC-05:00,2024-11-25 21:04:30,2024-11-25 21:19:29,14,Walking,4.4,31.0,123,102,0,0,0,0,0,false
2024-11-24 22:53:55,2024-11-25 23:15:28,UTC-05:00,2024-11-25 19:16:30,2024-11-25 19:59:59,43,Spin,14.6,414.0,179,156,2,13,39,45,1,false
2024-11-24 07:01:28,2024-11-24 22:53:55,UTC-05:00,2024-11-24 18:19:30,2024-11-24 18:34:29,14,Walking,4.9,58.0,137,116,34,0,0,0,0,false
2024-11-24 07:01:28,2024-11-24 22:53:55,UTC-05:00,2024-11-24 17:30:00,2024-11-24 17:46:29,16,Walking,4.7,47.0,133,108,12,0,0,0,0,false
2024-11-21 22:45:58,2024-11-23 05:44:30,UTC-05:00,2024-11-23 00:52:30,2024-11-23 04:19:29,206,Dance,14.3,925.0,150,120,50,8,0,0,0,false
2024-11-21 22:45:58,2024-11-23 05:44:30,UTC-05:00,2024-11-22 17:04:30,2024-11-22 17:50:59,46,Spin,13.5,385.0,169,147,4,16,54,18,0,false
2024-11-20 22:24:06,2024-11-21 22:45:58,UTC-05:00,2024-11-21 19:13:30,2024-11-21 19:53:59,40,Spin,12.7,328.0,174,146,15,22,41,19,0,false
2024-11-19 21:33:23,2024-11-20 22:24:06,UTC-05:00,2024-11-20 18:49:30,2024-11-20 19:20:59,31,Activity,8.2,152.0,185,122,14,9,13,6,2,false
2024-11-17 22:07:24,2024-11-18 22:09:27,UTC-05:00,2024-11-18 19:10:30,2024-11-18 19:58:23,47,Spin,15.0,440.0,175,154,1,9,8,62,20,false
2024-11-16 23:10:11,2024-11-17 22:07:24,UTC-05:00,2024-11-17 09:40:00,2024-11-17 10:30:00,50,Pilates,9.0,67.0,135,91,39,10,1,0,0,false
2024-11-16 23:10:11,2024-11-17 22:07:24,UTC-05:00,2024-11-17 09:09:00,2024-11-17 09:28:29,19,Walking,4.5,36.0,132,101,67,24,0,0,0,false
2024-11-15 23:03:52,2024-11-16 23:10:11,UTC-05:00,2024-11-16 13:15:00,2024-11-16 13:52:29,37,Walking,5.0,74.0,143,101,66,17,1,0,0,false
2024-11-15 23:03:52,2024-11-16 23:10:11,UTC-05:00,2024-11-16 10:30:00,2024-11-16 11:02:59,32,Pilates,10.8,179.0,170,127,21,20,21,32,0,false
2024-11-15 00:04:33,2024-11-15 23:03:52,UTC-05:00,2024-11-15 17:03:00,2024-11-15 17:47:59,44,Spin,13.9,397.0,176,151,0,5,16,71,8,false
2024-11-12 22:33:21,2024-11-13 22:21:24,UTC-05:00,2024-11-13 19:15:00,2024-11-13 19:29:59,14,Activity,5.5,69.0,165,122,22,39,32,7,0,false
2024-11-12 22:33:21,2024-11-13 22:21:24,UTC-05:00,2024-11-13 18:39:00,2024-11-13 18:59:59,20,Activity,4.4,35.0,130,97,52,23,0,0,0,false
2024-11-11 22:40:58,2024-11-12 22:33:21,UTC-05:00,2024-11-12 18:42:00,2024-11-12 19:25:29,43,Activity,11.3,278.0,173,134,9,29,19,43,0,false
2024-11-10 22:26:43,2024-11-11 22:40:58,UTC-05:00,2024-11-11 19:13:30,2024-11-11 20:32:59,79,Spin,16.8,668.0,186,148,0,7,34,30,27,false
2024-11-09 20:06:59,2024-11-10 22:26:43,UTC-05:00,2024-11-10 09:25:00,2024-11-10 10:15:29,50,Pilates,9.8,107.0,148,103,60,26,4,0,0,false
2024-11-09 20:06:59,2024-11-10 22:26:43,UTC-05:00,2024-11-10 08:42:00,2024-11-10 09:07:29,25,Walking,5.5,93.0,141,115,13,84,3,0,0,false
2024-11-08 23:48:33,2024-11-09 20:06:59,UTC-05:00,2024-11-09 10:16:30,2024-11-09 10:34:29,17,Walking,4.6,39.0,129,105,67,32,0,0,0,false
2024-11-08 23:48:33,2024-11-09 20:06:59,UTC-05:00,2024-11-09 07:57:00,2024-11-09 09:07:29,70,Spin,15.2,554.0,173,145,0,22,20,49,9,false
2024-11-07 23:36:44,2024-11-08 23:48:33,UTC-05:00,2024-11-08 17:03:00,2024-11-08 17:59:59,56,Spin,14.9,484.0,181,149,0,10,26,41,23,false
2024-11-07 23:36:44,2024-11-08 23:48:33,UTC-05:00,2024-11-08 16:24:00,2024-11-08 16:44:59,20,Walking,4.9,59.0,135,109,43,56,1,0,0,false
2024-11-05 21:25:41,2024-11-07 00:40:52,UTC-05:00,2024-11-06 23:55:30,2024-11-07 00:16:29,20,Walking,4.9,59.0,136,108,39,59,0,0,0,false
2024-11-05 21:25:41,2024-11-07 00:40:52,UTC-05:00,2024-11-06 18:39:00,2024-11-06 19:28:29,49,Pilates,11.9,222.0,172,120,15,59,15,9,1,false
2024-11-04 21:48:37,2024-11-05 21:25:41,UTC-05:00,2024-11-05 17:03:00,2024-11-05 17:47:59,44,Spin,14.8,427.0,183,156,0,3,13,53,31,false
2024-11-03 21:25:46,2024-11-04 21:48:37,UTC-05:00,2024-11-04 20:31:30,2024-11-04 20:53:59,22,Walking,4.5,38.0,122,100,81,8,0,0,0,false
2024-11-02 00:56:04,2024-11-03 06:08:48,UTC-04:00,2024-11-03 02:36:00,2024-11-03 03:05:59,29,Walking,4.9,63.0,137,104,66,29,0,0,0,false
2024-11-02 00:56:04,2024-11-03 06:08:48,UTC-04:00,2024-11-02 10:16:30,2024-11-02 11:31:20,74,Spin,15.5,560.0,188,142,3,37,9,34,17,false
2024-10-28 21:12:04,2024-10-30 00:00:30,UTC-04:00,2024-10-29 17:30:00,2024-10-29 18:02:59,32,Yoga,10.6,188.0,167,129,4,38,45,13,0,false
2024-10-27 23:25:41,2024-10-28 21:12:04,UTC-04:00,2024-10-28 19:15:00,2024-10-28 20:02:59,47,Spin,15.0,451.0,181,155,1,2,14,59,24,false
2024-10-26 22:23:43,2024-10-27 23:25:41,UTC-04:00,2024-10-27 21:52:30,2024-10-27 22:28:29,35,Activity,5.8,119.0,129,112,24,76,0,0,0,false
2024-10-26 22:23:43,2024-10-27 23:25:41,UTC-04:00,2024-10-27 14:13:30,2024-10-27 14:35:59,22,Walking,5.0,66.0,130,108,29,64,0,0,0,false
2024-10-26 22:23:43,2024-10-27 23:25:41,UTC-04:00,2024-10-27 12:10:30,2024-10-27 12:52:29,41,Activity,13.9,380.0,180,153,0,3,19,67,11,false
2024-10-24 23:02:45,2024-10-26 01:36:56,UTC-04:00,2024-10-25 17:04:30,2024-10-25 17:49:29,44,Spin,15.2,444.0,180,159,0,2,7,61,30,false
2024-10-22 21:53:44,2024-10-23 22:19:31,UTC-04:00,2024-10-23 19:40:30,2024-10-23 19:58:29,17,Walking,4.6,43.0,120,106,72,25,0,0,0,false
2024-10-22 21:53:44,2024-10-23 22:19:31,UTC-04:00,2024-10-23 18:37:00,2024-10-23 19:25:00,48,Pilates,11.3,175.0,181,114,44,30,15,6,2,false
2024-10-21 22:40:06,2024-10-22 21:53:44,UTC-04:00,2024-10-22 17:30:00,2024-10-22 18:02:59,32,Yoga,9.9,170.0,155,125,4,51,43,2,0,false
2024-10-20 21:55:30,2024-10-21 22:40:06,UTC-04:00,2024-10-21 19:15:00,2024-10-21 19:58:29,43,Spin,15.9,459.0,182,164,0,0,4,40,56,false
2024-10-14 22:11:52,2024-10-15 22:25:50,UTC-04:00,2024-10-15 17:28:30,2024-10-15 17:55:29,26,Yoga,8.7,141.0,163,125,11,37,47,5,0,false
2024-10-13 21:08:11,2024-10-14 22:11:52,UTC-04:00,2024-10-14 19:15:00,2024-10-14 20:02:59,47,Jumping Rope,15.9,480.0,181,159,0,4,8,47,41,false
2024-10-13 21:08:11,2024-10-14 22:11:52,UTC-04:00,2024-10-14 11:16:30,2024-10-14 11:40:29,23,Yoga,8.4,141.0,161,130,4,27,62,7,0,false
2024-10-11 21:55:01,2024-10-13 00:02:21,UTC-04:00,2024-10-12 08:10:30,2024-10-12 09:08:59,58,Spin,15.2,464.0,181,144,7,8,8,48,20,false
2024-10-10 23:46:16,2024-10-11 21:55:01,UTC-04:00,2024-10-11 17:03:00,2024-10-11 17:55:29,52,Spin,17.4,562.0,185,164,0,3,12,17,68,false
2024-10-08 23:19:44,2024-10-10 00:00:00,UTC-04:00,2024-10-09 18:39:00,2024-10-09 19:25:29,46,Yoga,11.8,185.0,175,115,34,46,12,6,1,false
2024-10-06 21:54:20,2024-10-07 22:34:30,UTC-04:00,2024-10-07 19:18:00,2024-10-07 20:04:29,46,Spin,16.8,506.0,184,165,0,1,6,32,61,false
2024-10-06 21:54:20,2024-10-07 22:34:30,UTC-04:00,2024-10-07 18:30:00,2024-10-07 18:46:29,16,Walking,4.8,52.0,132,109,42,58,0,0,0,false
2024-10-05 01:35:52,2024-10-05 20:10:28,UTC-04:00,2024-10-05 16:42:00,2024-10-05 17:01:29,19,Yoga,6.8,109.0,158,126,4,42,46,8,0,false
2024-10-01 22:17:20,2024-10-02 22:17:54,UTC-04:00,2024-10-02 18:40:30,2024-10-02 19:35:59,55,Pilates,11.7,182.0,171,109,54,30,6,5,0,false
2024-09-30 23:40:00,2024-10-01 22:17:20,UTC-04:00,2024-10-01 13:45:00,2024-10-01 14:02:59,17,Walking,4.4,34.0,130,92,56,18,0,0,0,false
2024-09-29 22:47:44,2024-09-30 23:40:00,UTC-04:00,2024-09-30 19:16:30,2024-09-30 21:22:29,125,Spin,16.2,784.0,182,131,17,33,24,19,7,false
2024-09-26 21:49:20,2024-09-28 05:42:43,UTC-04:00,2024-09-28 01:39:00,2024-09-28 01:53:59,14,Walking,4.7,49.0,131,110,39,61,0,0,0,false
2024-09-26 21:49:20,2024-09-28 05:42:43,UTC-04:00,2024-09-27 17:01:30,2024-09-27 18:14:59,73,Spin,14.4,561.0,180,142,1,5,54,37,3,false
2024-09-24 21:42:20,2024-09-25 22:26:46,UTC-04:00,2024-09-25 18:35:00,2024-09-25 19:31:29,56,Pilates,12.5,225.0,185,115,30,34,21,3,2,false
2024-09-23 22:55:18,2024-09-24 21:42:20,UTC-04:00,2024-09-24 17:18:00,2024-09-24 17:55:29,37,Yoga,11.8,223.0,174,130,2,38,46,13,1,false
2024-09-22 23:09:14,2024-09-23 22:55:18,UTC-04:00,2024-09-23 19:15:00,2024-09-23 20:13:29,58,Spin,15.4,507.0,183,150,0,12,27,37,24,false
2024-09-21 23:17:34,2024-09-22 23:09:14,UTC-04:00,2024-09-22 11:30:00,2024-09-22 12:30:00,60,Pilates,10.6,109.0,127,97,55,18,0,0,0,false
2024-09-21 00:56:52,2024-09-21 23:17:34,UTC-04:00,2024-09-21 16:40:30,2024-09-21 17:02:59,22,Yoga,10.0,175.0,172,143,0,8,49,42,1,false
2024-09-16 22:43:40,2024-09-17 23:05:42,UTC-04:00,2024-09-17 17:18:00,2024-09-17 17:49:29,31,Yoga,11.0,196.0,169,132,7,26,46,21,0,false
2024-09-15 22:31:30,2024-09-16 22:43:40,UTC-04:00,2024-09-16 17:13:00,2024-09-16 18:07:29,54,Pilates,13.3,274.0,174,122,24,28,22,16,2,false
2024-09-12 23:47:43,2024-09-14 00:00:00,UTC-04:00,2024-09-13 17:06:00,2024-09-13 17:52:29,46,Spin,11.1,304.0,175,134,2,28,40,29,1,false
2024-09-12 00:06:12,2024-09-12 23:47:43,UTC-04:00,2024-09-12 18:09:00,2024-09-12 18:56:59,47,Spin,13.2,383.0,178,145,0,9,34,48,9,false
2024-09-10 00:13:04,2024-09-10 23:23:36,UTC-04:00,2024-09-10 18:36:00,2024-09-10 19:26:59,50,Activity,11.3,308.0,179,131,9,30,41,18,2,false
2024-09-08 23:23:36,2024-09-10 00:13:04,UTC-04:00,2024-09-09 19:13:30,2024-09-09 20:22:29,68,Spin,13.2,447.0,176,134,5,36,26,29,4,false
2024-09-08 01:26:35,2024-09-08 23:23:36,UTC-04:00,2024-09-08 20:45:00,2024-09-08 21:10:29,25,Walking,5.4,84.0,136,111,32,65,2,0,0,false
2024-09-06 00:04:31,2024-09-08 01:26:35,UTC-04:00,2024-09-06 17:04:30,2024-09-06 17:58:29,53,Spin,13.8,417.0,178,143,2,22,19,46,11,false
2024-09-02 00:06:13,2024-09-02 22:58:42,UTC-04:00,2024-09-02 17:25:30,2024-09-02 18:23:59,58,Pilates,13.1,303.0,164,125,10,51,30,9,0,false
2024-08-29 22:40:35,2024-08-31 00:00:00,UTC-04:00,2024-08-30 17:04:30,2024-08-30 17:56:59,52,Spin,11.7,343.0,172,135,3,26,41,30,0,false
2024-08-28 22:20:21,2024-08-29 22:40:35,UTC-04:00,2024-08-29 21:33:00,2024-08-29 21:49:29,16,Walking,4.2,19.0,113,95,83,0,0,0,0,false
2024-08-27 22:44:35,2024-08-28 22:20:21,UTC-04:00,2024-08-28 18:51:00,2024-08-28 19:50:59,59,Yoga,12.9,241.0,168,117,26,52,17,5,0,false
2024-08-27 22:44:35,2024-08-28 22:20:21,UTC-04:00,2024-08-28 07:39:00,2024-08-28 08:14:59,35,Yoga,10.6,178.0,161,124,13,39,44,4,0,false
2024-08-25 23:16:35,2024-08-26 22:57:30,UTC-04:00,2024-08-26 19:10:30,2024-08-26 19:58:29,47,Spin,9.0,227.0,172,122,20,36,31,11,0,false
2024-08-24 23:47:18,2024-08-25 23:16:35,UTC-04:00,2024-08-25 17:04:30,2024-08-25 17:41:59,37,Walking,6.0,115.0,168,111,37,56,6,1,0,false
2024-08-22 22:53:41,2024-08-23 23:34:44,UTC-04:00,2024-08-23 19:15:00,2024-08-23 19:58:29,43,Spin,11.8,318.0,172,141,1,12,41,45,1,false
2024-08-21 23:03:27,2024-08-22 22:53:41,UTC-04:00,2024-08-22 18:09:00,2024-08-22 18:59:59,50,Yoga,13.0,292.0,156,130,1,37,60,2,0,false
2024-08-18 23:44:53,2024-08-19 23:21:10,UTC-04:00,2024-08-19 19:16:30,2024-08-19 19:32:59,16,Activity,4.6,38.0,119,106,82,18,0,0,0,false
2024-08-18 23:44:53,2024-08-19 23:21:10,UTC-04:00,2024-08-19 17:06:00,2024-08-19 17:44:59,38,Spin,10.3,261.0,176,137,1,19,53,25,2,false
2024-08-18 00:27:08,2024-08-18 23:44:53,UTC-04:00,2024-08-18 19:57:00,2024-08-18 20:14:59,17,Walking,4.8,49.0,138,107,41,45,8,0,0,false
2024-08-15 23:41:39,2024-08-17 00:00:00,UTC-04:00,2024-08-16 17:04:30,2024-08-16 18:20:59,76,Spin,15.2,572.0,181,142,0,26,27,34,13,false
2024-08-15 23:41:39,2024-08-17 00:00:00,UTC-04:00,2024-08-16 16:21:00,2024-08-16 16:37:29,16,Elliptical,5.0,61.0,140,115,11,86,3,0,0,false
2024-08-13 23:18:35,2024-08-14 23:55:31,UTC-04:00,2024-08-14 18:30:00,2024-08-14 18:46:29,16,Activity,4.7,45.0,142,108,49,34,9,0,0,false
2024-08-11 22:56:24,2024-08-12 22:49:12,UTC-04:00,2024-08-12 19:15:00,2024-08-12 20:14:59,59,Spin,13.3,429.0,177,139,2,17,41,37,3,false
2024-08-08 23:17:00,2024-08-10 00:19:23,UTC-04:00,2024-08-09 17:01:30,2024-08-09 18:01:29,59,Spin,14.9,501.0,181,148,0,10,27,45,18,false
2024-08-07 00:25:16,2024-08-08 23:17:00,UTC-04:00,2024-08-07 16:55:30,2024-08-07 17:13:29,17,Walking,4.6,41.0,134,105,52,42,0,0,0,false
2024-08-05 23:13:00,2024-08-07 00:25:16,UTC-04:00,2024-08-06 18:19:30,2024-08-06 19:35:59,76,Activity,13.7,497.0,189,135,5,27,46,19,3,false
2024-08-03 23:57:30,2024-08-04 23:45:59,UTC-04:00,2024-08-04 21:19:30,2024-08-04 21:43:29,23,Walking,4.9,61.0,136,107,40,51,3,0,0,false
2024-08-02 23:51:22,2024-08-03 23:57:30,UTC-04:00,2024-08-03 13:49:30,2024-08-03 14:04:29,14,Walking,4.7,50.0,131,113,31,69,0,0,0,false
2024-08-02 23:51:22,2024-08-03 23:57:30,UTC-04:00,2024-08-03 12:09:00,2024-08-03 13:25:29,76,Spin,12.5,442.0,173,130,8,34,40,18,0,false
2024-08-02 23:51:22,2024-08-03 23:57:30,UTC-04:00,2024-08-03 11:31:30,2024-08-03 11:50:59,19,Walking,5.2,70.0,162,115,28,52,19,1,0,false
2024-07-30 23:04:49,2024-07-31 23:52:40,UTC-04:00,2024-07-31 18:22:30,2024-07-31 19:16:29,53,Yoga,14.9,402.0,177,142,3,14,45,36,2,false
2024-07-29 23:05:28,2024-07-30 23:04:49,UTC-04:00,2024-07-30 18:39:00,2024-07-30 19:34:29,55,HIIT,13.1,398.0,183,140,2,17,48,28,5,false
2024-07-28 22:56:31,2024-07-29 23:05:28,UTC-04:00,2024-07-29 17:19:30,2024-07-29 18:37:29,77,Yoga,15.8,511.0,182,135,3,38,31,24,4,false
2024-07-25 23:19:24,2024-07-27 00:00:00,UTC-04:00,2024-07-26 17:04:30,2024-07-26 18:08:59,64,Spin,12.0,373.0,176,129,13,24,43,19,1,false
2024-07-24 23:16:00,2024-07-25 23:19:24,UTC-04:00,2024-07-25 20:58:30,2024-07-25 21:20:59,22,Walking,5.0,66.0,132,109,32,64,0,0,0,false
2024-07-24 23:16:00,2024-07-25 23:19:24,UTC-04:00,2024-07-25 17:43:30,2024-07-25 18:05:59,22,Walking,5.6,88.0,147,116,22,52,24,0,0,false
2024-07-23 23:01:18,2024-07-24 23:16:00,UTC-04:00,2024-07-24 18:39:00,2024-07-24 19:28:29,49,Yoga,12.8,234.0,183,122,22,50,16,9,3,false
2024-07-22 23:23:11,2024-07-23 23:01:18,UTC-04:00,2024-07-23 18:39:00,2024-07-23 19:43:29,64,Activity,13.8,440.0,184,137,11,19,27,39,4,false
2024-07-21 23:53:21,2024-07-22 23:23:11,UTC-04:00,2024-07-22 19:15:00,2024-07-22 20:25:29,70,Spin,15.0,565.0,182,145,0,7,46,35,12,false
2024-07-21 00:56:21,2024-07-21 23:53:21,UTC-04:00,2024-07-21 19:27:00,2024-07-21 19:43:29,16,Walking,4.9,57.0,144,113,26,71,3,0,0,false
2024-07-18 00:07:33,2024-07-18 22:47:49,UTC-04:00,2024-07-18 21:27:00,2024-07-18 21:46:29,19,Activity,4.9,62.0,126,111,34,66,0,0,0,false
2024-07-18 00:07:33,2024-07-18 22:47:49,UTC-04:00,2024-07-18 19:34:30,2024-07-18 20:31:29,56,Walking,9.2,265.0,174,121,21,43,31,5,0,false
2024-07-18 00:07:33,2024-07-18 22:47:49,UTC-04:00,2024-07-18 18:09:00,2024-07-18 19:01:29,52,Spin,11.9,348.0,175,135,3,23,47,25,2,false
2024-07-16 23:12:27,2024-07-18 00:07:33,UTC-04:00,2024-07-17 18:24:00,2024-07-17 19:49:29,85,HIIT,11.7,394.0,171,121,20,53,16,11,0,false
2024-07-14 00:55:28,2024-07-14 23:31:44,UTC-04:00,2024-07-14 15:16:30,2024-07-14 15:44:59,28,Walking,6.8,139.0,171,124,5,67,21,7,0,false
2024-07-12 23:24:28,2024-07-14 00:55:28,UTC-04:00,2024-07-13 19:28:30,2024-07-13 19:44:59,16,Walking,4.7,45.0,139,107,38,50,3,0,0,false
2024-07-11 23:30:22,2024-07-12 23:24:28,UTC-04:00,2024-07-12 18:12:00,2024-07-12 19:02:59,50,Activity,8.8,251.0,165,124,6,56,34,4,0,false
2024-07-11 23:30:22,2024-07-12 23:24:28,UTC-04:00,2024-07-12 17:04:30,2024-07-12 17:53:59,49,Spin,14.3,423.0,184,150,2,6,21,55,16,false
2024-07-11 23:30:22,2024-07-12 23:24:28,UTC-04:00,2024-07-12 16:34:30,2024-07-12 16:50:59,16,Walking,4.9,60.0,138,115,11,88,1,0,0,false
2024-07-10 23:24:28,2024-07-11 23:30:22,UTC-04:00,2024-07-11 20:06:00,2024-07-11 20:29:59,23,Walking,5.6,97.0,147,118,10,79,11,0,0,false
2024-07-10 23:24:28,2024-07-11 23:30:22,UTC-04:00,2024-07-11 17:52:30,2024-07-11 18:25:29,32,Walking,5.5,92.0,147,108,40,52,1,0,0,false
2024-07-09 22:39:22,2024-07-10 23:24:28,UTC-04:00,2024-07-10 19:46:30,2024-07-10 20:28:29,41,Walking,6.4,143.0,151,114,27,64,9,0,0,false
2024-07-09 22:39:22,2024-07-10 23:24:28,UTC-04:00,2024-07-10 18:21:00,2024-07-10 19:31:29,70,Activity,14.7,539.0,183,143,1,16,35,42,6,false
2024-07-08 22:40:58,2024-07-09 22:39:22,UTC-04:00,2024-07-09 19:37:30,2024-07-09 20:41:59,64,Weightlifting,9.7,299.0,161,122,17,42,36,5,0,false
2024-07-08 00:09:06,2024-07-08 22:40:58,UTC-04:00,2024-07-08 19:13:30,2024-07-08 20:17:59,64,Spin,13.3,437.0,177,137,2,29,28,37,4,false
2024-07-05 23:38:54,2024-07-07 00:46:02,UTC-04:00,2024-07-06 23:39:00,2024-07-06 23:56:59,17,Walking,4.7,49.0,136,109,51,47,1,0,0,false
2024-07-05 23:38:54,2024-07-07 00:46:02,UTC-04:00,2024-07-06 14:09:00,2024-07-06 14:43:29,34,Yoga,10.5,182.0,157,127,8,40,49,3,0,false
2024-07-04 23:38:03,2024-07-05 23:38:54,UTC-04:00,2024-07-05 16:34:30,2024-07-05 18:26:59,112,Spin,15.7,719.0,186,135,7,30,35,20,8,false
2024-07-03 23:44:43,2024-07-04 23:38:03,UTC-04:00,2024-07-04 20:00:00,2024-07-04 20:25:29,25,Walking,5.1,70.0,140,109,54,40,5,0,0,false
2024-07-03 23:44:43,2024-07-04 23:38:03,UTC-04:00,2024-07-04 18:34:30,2024-07-04 18:52:29,17,Walking,5.0,61.0,131,114,17,83,0,0,0,false
2024-07-02 22:50:04,2024-07-03 23:44:43,UTC-04:00,2024-07-03 19:34:30,2024-07-03 20:11:59,37,Walking,6.1,129.0,145,114,25,66,9,0,0,false
2024-07-02 22:50:04,2024-07-03 23:44:43,UTC-04:00,2024-07-03 18:27:00,2024-07-03 19:16:29,49,Activity,14.5,446.0,185,153,0,1,26,58,15,false
2024-07-02 22:50:04,2024-07-03 23:44:43,UTC-04:00,2024-07-03 17:45:00,2024-07-03 18:08:59,23,Walking,5.3,81.0,140,113,20,76,4,0,0,false
2024-07-01 23:10:09,2024-07-02 22:50:04,UTC-04:00,2024-07-02 19:18:00,2024-07-02 19:35:59,17,Walking,4.8,51.0,140,110,44,55,1,0,0,false
2024-07-01 23:10:09,2024-07-02 22:50:04,UTC-04:00,2024-07-02 17:16:30,2024-07-02 18:04:29,47,Yoga,14.2,349.0,172,141,3,18,34,45,0,false
2024-07-01 23:10:09,2024-07-02 22:50:04,UTC-04:00,2024-07-02 16:34:30,2024-07-02 17:04:29,29,Walking,5.4,89.0,145,110,37,53,7,0,0,false
2024-06-30 22:37:56,2024-07-01 23:10:09,UTC-04:00,2024-07-01 12:15:30,2024-07-01 13:00:59,45,Spin,12.5,320.0,181,139,3,30,27,25,15,false
2024-06-30 22:37:56,2024-07-01 23:10:09,UTC-04:00,2024-07-01 10:55:00,2024-07-01 11:40:29,45,Yoga,11.3,171.0,162,114,26,33,23,5,0,false
2024-06-29 01:54:51,2024-06-30 01:51:03,UTC-04:00,2024-06-29 18:43:30,2024-06-29 19:05:59,22,Walking,4.9,59.0,133,106,67,33,0,0,0,false
2024-06-27 23:55:05,2024-06-29 01:54:51,UTC-04:00,2024-06-28 18:54:00,2024-06-28 19:25:29,31,Yoga,9.8,170.0,158,125,2,66,31,1,0,false
2024-06-27 23:55:05,2024-06-29 01:54:51,UTC-04:00,2024-06-28 17:04:30,2024-06-28 18:23:59,79,Spin,15.9,620.0,181,143,3,19,35,25,18,false
2024-06-26 23:15:45,2024-06-27 23:55:05,UTC-04:00,2024-06-27 17:40:30,2024-06-27 18:37:29,56,HIIT,8.7,248.0,172,119,18,58,20,4,0,false
2024-06-25 00:38:19,2024-06-26 01:16:20,UTC-04:00,2024-06-25 21:46:30,2024-06-25 22:16:29,29,Activity,10.9,203.0,183,135,13,25,9,35,14,false
2024-06-25 00:38:19,2024-06-26 01:16:20,UTC-04:00,2024-06-25 17:04:30,2024-06-25 18:37:29,92,Spin,15.0,630.0,179,136,4,31,35,25,5,false
2024-06-25 00:38:19,2024-06-26 01:16:20,UTC-04:00,2024-06-25 16:33:00,2024-06-25 16:52:29,19,Walking,5.4,82.0,137,117,11,82,7,0,0,false
2024-06-23 23:25:29,2024-06-25 00:38:19,UTC-04:00,2024-06-24 20:12:00,2024-06-24 20:44:59,32,Activity,7.8,183.0,148,127,6,38,56,0,0,false
2024-06-23 23:25:29,2024-06-25 00:38:19,UTC-04:00,2024-06-24 19:15:00,2024-06-24 19:59:59,44,Spin,11.8,327.0,178,139,0,17,48,32,3,false
2024-06-22 00:56:13,2024-06-23 00:22:08,UTC-04:00,2024-06-22 22:19:30,2024-06-22 23:19:29,59,Activity,5.5,110.0,143,96,50,21,1,0,0,false
2024-06-21 00:07:39,2024-06-22 00:56:13,UTC-04:00,2024-06-21 20:24:00,2024-06-21 20:55:29,31,Walking,6.1,119.0,148,114,32,56,12,0,0,false
2024-06-21 00:07:39,2024-06-22 00:56:13,UTC-04:00,2024-06-21 19:15:00,2024-06-21 20:05:59,50,Spin,13.3,396.0,181,143,0,17,32,43,8,false
2024-06-21 00:07:39,2024-06-22 00:56:13,UTC-04:00,2024-06-21 17:45:00,2024-06-21 18:11:59,26,Walking,6.1,120.0,143,119,7,77,16,0,0,false
2024-06-18 23:16:05,2024-06-20 00:17:31,UTC-04:00,2024-06-19 18:04:30,2024-06-19 19:28:29,83,Commuting,15.7,654.0,185,144,0,13,44,36,7,false
2024-06-18 23:16:05,2024-06-20 00:17:31,UTC-04:00,2024-06-19 16:40:30,2024-06-19 16:59:59,19,Walking,4.9,60.0,135,110,48,52,0,0,0,false
2024-06-17 23:14:35,2024-06-18 23:16:05,UTC-04:00,2024-06-18 16:58:30,2024-06-18 17:32:59,34,Walking,5.0,70.0,123,104,85,15,0,0,0,false
2024-06-16 22:56:47,2024-06-17 23:14:35,UTC-04:00,2024-06-17 20:13:30,2024-06-17 20:58:29,44,Activity,9.2,249.0,162,129,8,30,54,8,0,false
2024-06-16 22:56:47,2024-06-17 23:14:35,UTC-04:00,2024-06-17 19:16:30,2024-06-17 20:01:29,44,Spin,14.1,392.0,181,151,0,8,22,48,22,false
2024-06-16 22:56:47,2024-06-17 23:14:35,UTC-04:00,2024-06-17 18:18:00,2024-06-17 18:37:29,19,Walking,4.7,51.0,138,106,28,48,5,0,0,false
2024-06-15 23:16:25,2024-06-16 22:56:47,UTC-04:00,2024-06-16 11:49:30,2024-06-16 12:07:29,17,Walking,4.6,43.0,129,107,51,45,0,0,0,false
2024-06-15 00:02:29,2024-06-15 23:16:25,UTC-04:00,2024-06-15 18:22:30,2024-06-15 18:55:29,32,Yoga,11.0,204.0,159,134,2,24,61,13,0,false
2024-06-15 00:02:29,2024-06-15 23:16:25,UTC-04:00,2024-06-15 11:52:30,2024-06-15 12:37:29,44,Spin,11.5,307.0,175,138,2,19,42,36,1,false
2024-06-15 00:02:29,2024-06-15 23:16:25,UTC-04:00,2024-06-15 11:10:30,2024-06-15 11:28:29,17,Walking,4.5,37.0,157,103,52,32,3,1,0,false
2024-06-13 23:37:37,2024-06-15 00:02:29,UTC-04:00,2024-06-14 18:49:30,2024-06-14 19:04:29,14,Walking,4.8,54.0,132,117,8,92,0,0,0,false
2024-06-13 23:37:37,2024-06-15 00:02:29,UTC-04:00,2024-06-14 17:03:00,2024-06-14 17:46:29,43,Spin,13.5,353.0,183,148,1,13,29,33,24,false
2024-06-13 23:37:37,2024-06-15 00:02:29,UTC-04:00,2024-06-14 16:34:30,2024-06-14 16:52:29,17,Walking,4.8,54.0,141,113,24,71,5,0,0,false
2024-06-10 22:52:37,2024-06-11 22:54:49,UTC-04:00,2024-06-11 17:48:00,2024-06-11 18:11:59,23,Walking,5.1,70.0,139,112,30,67,2,0,0,false
2024-06-09 22:59:34,2024-06-10 22:52:37,UTC-04:00,2024-06-10 19:10:00,2024-06-10 19:55:00,45,Spin,13.7,362.0,183,148,3,19,12,46,20,false
2024-06-09 22:59:34,2024-06-10 22:52:37,UTC-04:00,2024-06-10 17:57:00,2024-06-10 18:16:29,19,Walking,4.6,43.0,137,107,58,41,0,0,0,false
2024-06-08 03:26:19,2024-06-09 22:59:34,UTC-04:00,2024-06-08 18:15:00,2024-06-08 18:52:29,37,Yoga,10.4,178.0,155,125,5,58,37,0,0,false
2024-06-06 23:20:37,2024-06-08 03:26:19,UTC-04:00,2024-06-07 17:00:30,2024-06-07 17:45:29,44,Spin,13.0,347.0,187,145,1,16,24,40,19,false
2024-06-05 22:41:36,2024-06-06 23:20:37,UTC-04:00,2024-06-06 17:36:00,2024-06-06 18:23:59,47,Activity,12.6,334.0,184,140,4,16,47,21,12,false
2024-06-04 23:11:56,2024-06-05 22:41:36,UTC-04:00,2024-06-05 17:28:30,2024-06-05 17:43:29,14,Walking,4.5,34.0,131,107,39,54,0,0,0,false
2024-06-04 23:11:56,2024-06-05 22:41:36,UTC-04:00,2024-06-05 16:45:00,2024-06-05 17:02:59,17,Walking,4.1,23.0,123,97,71,10,0,0,0,false
2024-06-04 23:11:56,2024-06-05 22:41:36,UTC-04:00,2024-06-05 07:58:30,2024-06-05 08:31:29,32,Walking,5.8,109.0,153,115,21,65,14,0,0,false
2024-06-03 23:38:26,2024-06-04 23:11:56,UTC-04:00,2024-06-04 19:25:30,2024-06-04 19:43:03,17,Activity,5.7,83.0,167,125,10,34,43,13,0,false
2024-06-03 23:38:26,2024-06-04 23:11:56,UTC-04:00,2024-06-04 17:16:30,2024-06-04 18:28:29,71,Yoga,13.6,328.0,162,122,12,40,33,9,0,false
2024-06-03 00:00:00,2024-06-03 23:38:26,UTC-04:00,2024-06-03 19:15:00,2024-06-03 20:26:59,71,Spin,16.5,606.0,191,150,2,9,38,21,30,false
2024-05-30 22:09:17,2024-05-31 23:56:59,UTC-04:00,2024-05-31 23:42:00,2024-05-31 23:56:59,14,Walking,4.7,46.0,128,114,17,83,0,0,0,false
2024-05-30 22:09:17,2024-05-31 23:56:59,UTC-04:00,2024-05-31 17:03:00,2024-05-31 18:35:59,92,Spin,17.3,783.0,191,150,2,2,31,43,22,false
2024-05-29 22:00:00,2024-05-30 22:09:17,UTC-04:00,2024-05-30 18:37:30,2024-05-30 19:25:07,47,HIIT,9.2,240.0,163,127,15,24,49,11,0,false
2024-05-29 22:00:00,2024-05-30 22:09:17,UTC-04:00,2024-05-30 17:43:30,2024-05-30 18:16:29,32,Walking,4.9,62.0,129,104,73,22,0,0,0,false
2024-05-28 00:00:00,2024-05-29 22:00:00,UTC-04:00,2024-05-28 21:13:30,2024-05-28 23:19:29,125,Activity,14.5,679.0,180,128,6,45,28,15,3,false
2024-05-28 00:00:00,2024-05-29 22:00:00,UTC-04:00,2024-05-28 18:57:00,2024-05-28 20:28:29,91,Activity,6.2,163.0,147,103,65,25,3,0,0,false
2024-05-28 00:00:00,2024-05-29 22:00:00,UTC-04:00,2024-05-28 17:54:00,2024-05-28 18:44:59,50,Activity,4.4,56.0,132,97,81,6,0,0,0,false
2024-05-28 00:00:00,2024-05-29 22:00:00,UTC-04:00,2024-05-28 15:45:00,2024-05-28 17:32:59,107,Activity,5.6,159.0,146,99,67,17,2,0,0,false
2024-05-28 00:00:00,2024-05-29 22:00:00,UTC-04:00,2024-05-28 12:06:00,2024-05-28 12:29:59,23,Yoga,7.5,118.0,149,126,0,66,34,0,0,false
2024-05-28 00:00:00,2024-05-29 22:00:00,UTC-04:00,2024-05-28 09:39:00,2024-05-28 11:41:59,122,Activity,12.5,537.0,171,119,11,41,33,6,0,false
2024-05-21 23:32:09,2024-05-22 23:00:57,UTC+02:00,2024-05-22 19:04:30,2024-05-22 19:20:59,16,Walking,4.7,40.0,156,107,57,26,9,2,0,false
2024-05-20 23:31:06,2024-05-21 23:32:09,UTC+02:00,2024-05-21 21:13:30,2024-05-21 21:32:59,19,Walking,4.5,41.0,136,105,56,33,1,0,0,false
2024-05-12 23:26:12,2024-05-14 17:03:14,UTC-04:00,2024-05-13 16:40:30,2024-05-13 17:01:54,21,Activity,4.7,51.0,142,105,29,54,2,0,0,false
2024-05-08 23:29:45,2024-05-09 22:56:53,UTC-04:00,2024-05-09 13:19:30,2024-05-09 13:35:59,16,Walking,4.4,33.0,125,102,62,24,0,0,0,false
2024-05-06 22:43:43,2024-05-08 00:08:21,UTC-04:00,2024-05-07 17:15:00,2024-05-07 17:53:59,38,Yoga,11.3,200.0,162,126,16,33,47,4,0,false
2024-05-06 00:02:03,2024-05-06 22:43:43,UTC-04:00,2024-05-06 17:43:30,2024-05-06 18:28:29,44,HIIT,12.0,320.0,181,140,3,19,33,43,2,false
2024-05-03 23:55:07,2024-05-05 02:05:32,UTC-04:00,2024-05-04 18:22:30,2024-05-04 19:04:29,41,Yoga,12.1,236.0,170,130,3,43,46,8,0,false
2024-05-02 23:50:28,2024-05-03 23:55:07,UTC-04:00,2024-05-03 19:13:30,2024-05-03 20:08:59,55,Spin,13.0,392.0,186,140,4,17,35,38,6,false
2024-04-29 23:58:27,2024-05-01 01:02:54,UTC-04:00,2024-04-30 17:22:30,2024-04-30 17:53:59,31,Yoga,11.2,210.0,162,136,0,25,53,22,0,false
2024-04-28 23:47:33,2024-04-29 23:58:27,UTC-04:00,2024-04-29 19:13:30,2024-04-29 20:37:29,83,Spin,16.3,688.0,184,147,0,8,50,26,16,false
2024-04-27 23:34:10,2024-04-28 23:47:33,UTC-04:00,2024-04-28 16:43:30,2024-04-28 17:17:59,34,Yoga,9.2,127.0,152,115,20,57,18,0,0,false
2024-04-27 00:15:27,2024-04-27 23:34:10,UTC-04:00,2024-04-27 19:33:00,2024-04-27 20:04:29,31,Activity,5.4,89.0,136,109,51,48,1,0,0,false
2024-04-27 00:15:27,2024-04-27 23:34:10,UTC-04:00,2024-04-27 18:22:30,2024-04-27 18:53:59,31,Yoga,9.3,139.0,158,120,14,56,26,3,0,false
2024-04-25 23:23:30,2024-04-27 00:15:27,UTC-04:00,2024-04-26 18:48:00,2024-04-26 19:13:29,25,Walking,5.4,85.0,137,113,40,57,3,0,0,false
2024-04-25 23:23:30,2024-04-27 00:15:27,UTC-04:00,2024-04-26 17:15:00,2024-04-26 17:50:59,35,Spin,12.9,315.0,181,151,0,3,25,61,11,false
2024-04-25 23:23:30,2024-04-27 00:15:27,UTC-04:00,2024-04-26 16:30:00,2024-04-26 17:02:59,32,Walking,5.8,111.0,140,113,28,66,5,0,0,false
2024-04-23 23:39:32,2024-04-25 00:40:11,UTC-04:00,2024-04-24 23:00:00,2024-04-24 23:26:59,26,Walking,5.0,72.0,139,104,35,47,1,0,0,false
2024-04-23 23:39:32,2024-04-25 00:40:11,UTC-04:00,2024-04-24 17:15:00,2024-04-24 18:25:29,70,HIIT,11.4,390.0,158,128,9,33,54,4,0,false
2024-04-21 23:10:00,2024-04-22 23:38:03,UTC-04:00,2024-04-22 19:13:30,2024-04-22 20:04:29,50,Spin,13.6,409.0,179,146,1,13,28,47,11,false
2024-04-20 00:29:52,2024-04-21 23:10:00,UTC-04:00,2024-04-20 18:18:00,2024-04-20 19:07:29,49,Yoga,13.4,315.0,168,134,1,33,54,12,0,false
2024-04-18 23:25:58,2024-04-20 00:29:52,UTC-04:00,2024-04-19 16:34:30,2024-04-19 17:56:59,82,Spin,15.0,572.0,184,138,2,31,33,23,11,false
2024-04-16 22:58:59,2024-04-17 23:29:11,UTC-04:00,2024-04-17 17:24:00,2024-04-17 18:23:59,59,HIIT,11.9,360.0,174,132,9,40,36,14,1,false
2024-04-15 23:21:32,2024-04-16 22:58:59,UTC-04:00,2024-04-16 17:15:00,2024-04-16 18:01:29,46,Yoga,12.4,230.0,166,124,19,28,36,13,0,false
2024-04-14 23:17:33,2024-04-15 23:21:32,UTC-04:00,2024-04-15 19:13:30,2024-04-15 20:02:59,49,Spin,14.6,441.0,180,153,0,3,22,56,19,false
2024-04-13 23:40:21,2024-04-14 23:17:33,UTC-04:00,2024-04-14 15:21:00,2024-04-14 16:11:59,50,HIIT,10.5,280.0,176,129,4,51,28,14,3,false
2024-04-13 02:07:44,2024-04-13 23:40:21,UTC-04:00,2024-04-13 18:18:00,2024-04-13 18:55:29,37,Yoga,10.6,177.0,157,124,13,46,37,4,0,false
2024-04-13 02:07:44,2024-04-13 23:40:21,UTC-04:00,2024-04-13 15:21:00,2024-04-13 15:50:59,29,Walking,5.1,73.0,138,108,49,44,2,0,0,false
2024-04-11 23:59:48,2024-04-13 02:07:44,UTC-04:00,2024-04-12 19:13:30,2024-04-12 20:17:59,64,Spin,12.4,412.0,175,136,1,24,54,20,1,false
2024-04-11 23:59:48,2024-04-13 02:07:44,UTC-04:00,2024-04-12 18:42:00,2024-04-12 19:01:29,19,Walking,5.1,70.0,146,117,19,70,11,0,0,false
2024-04-10 23:37:03,2024-04-11 23:59:48,UTC-04:00,2024-04-11 08:51:00,2024-04-11 09:28:29,37,Walking,5.7,112.0,131,113,24,76,0,0,0,false
2024-04-09 23:22:35,2024-04-10 23:37:03,UTC-04:00,2024-04-10 17:12:00,2024-04-10 18:25:29,73,HIIT,11.1,333.0,185,124,12,66,12,5,5,false
2024-04-08 22:39:16,2024-04-09 23:22:35,UTC-04:00,2024-04-09 18:12:00,2024-04-09 18:35:32,23,Activity,6.4,117.0,149,127,11,34,55,0,0,false
2024-04-08 22:39:16,2024-04-09 23:22:35,UTC-04:00,2024-04-09 17:15:00,2024-04-09 17:58:29,43,Yoga,12.9,250.0,179,132,17,20,37,24,1,false
2024-04-05 23:23:54,2024-04-06 23:33:19,UTC-04:00,2024-04-06 18:18:00,2024-04-06 18:58:29,40,Yoga,12.3,246.0,166,134,4,26,49,20,0,false
2024-04-04 23:43:05,2024-04-05 23:23:54,UTC-04:00,2024-04-05 17:00:00,2024-04-05 17:45:59,45,Spin,10.9,278.0,180,134,5,35,24,31,5,false
2024-04-03 00:20:45,2024-04-03 23:20:41,UTC-04:00,2024-04-03 18:43:30,2024-04-03 19:22:29,38,Walking,5.5,104.0,135,110,31,63,1,0,0,false
2024-04-03 00:20:45,2024-04-03 23:20:41,UTC-04:00,2024-04-03 17:36:00,2024-04-03 18:08:59,32,HIIT,6.7,151.0,148,124,2,66,32,0,0,false
2024-04-03 00:20:45,2024-04-03 23:20:41,UTC-04:00,2024-04-03 17:07:30,2024-04-03 17:23:59,16,Walking,4.9,57.0,143,116,15,76,9,0,0,false
2024-04-01 00:09:31,2024-04-01 23:02:21,UTC-04:00,2024-04-01 19:15:00,2024-04-01 20:08:59,53,Spin,11.9,334.0,182,134,8,21,43,24,4,false
2024-03-31 00:00:20,2024-04-01 00:09:31,UTC-04:00,2024-03-31 17:39:00,2024-03-31 18:07:29,28,Walking,5.0,70.0,131,106,42,47,0,0,0,false
2024-03-31 00:00:20,2024-04-01 00:09:31,UTC-04:00,2024-03-31 11:13:30,2024-03-31 11:38:59,25,Walking,5.1,74.0,139,110,33,54,5,0,0,false
2024-03-30 00:46:28,2024-03-31 00:00:20,UTC-04:00,2024-03-30 12:36:00,2024-03-30 12:59:59,23,Walking,4.8,56.0,132,105,48,43,0,0,0,false
2024-03-30 00:46:28,2024-03-31 00:00:20,UTC-04:00,2024-03-30 10:30:00,2024-03-30 11:20:59,50,Yoga,10.6,114.0,138,102,41,33,3,0,0,false
2024-03-30 00:46:28,2024-03-31 00:00:20,UTC-04:00,2024-03-30 10:04:30,2024-03-30 10:22:29,17,Walking,4.7,46.0,125,108,43,53,0,0,0,false
2024-03-28 23:23:06,2024-03-30 00:46:28,UTC-04:00,2024-03-29 16:33:00,2024-03-29 18:52:29,139,Spin,17.2,910.0,188,136,10,26,38,16,10,false
2024-03-27 23:36:40,2024-03-28 23:23:06,UTC-04:00,2024-03-28 20:55:30,2024-03-28 21:11:59,16,Walking,4.8,52.0,142,113,29,64,7,0,0,false
2024-03-26 00:40:02,2024-03-27 00:00:40,UTC-04:00,2024-03-26 17:10:00,2024-03-26 17:58:00,48,Yoga,13.6,310.0,167,135,10,13,45,31,0,false
2024-03-26 00:40:02,2024-03-27 00:00:40,UTC-04:00,2024-03-26 16:36:00,2024-03-26 16:56:59,20,Walking,4.9,59.0,149,110,43,56,1,0,0,false
2024-03-25 00:00:00,2024-03-26 00:40:02,UTC-04:00,2024-03-25 18:24:00,2024-03-25 18:44:59,20,Hiking,4.7,49.0,128,105,69,29,0,0,0,false
2024-03-17 22:18:55,2024-03-19 00:34:30,UTC-04:00,2024-03-18 16:54:00,2024-03-18 17:29:59,35,Walking,5.5,100.0,135,107,30,57,0,0,0,false
2024-03-13 23:08:31,2024-03-15 00:02:53,UTC-04:00,2024-03-14 08:51:00,2024-03-14 09:10:29,19,Walking,4.8,53.0,128,108,59,41,0,0,0,false
2024-03-12 23:46:00,2024-03-13 23:08:31,UTC-04:00,2024-03-13 17:36:00,2024-03-13 18:26:59,50,HIIT,8.7,235.0,166,122,17,50,25,8,0,false
2024-03-11 22:45:52,2024-03-12 23:46:00,UTC-04:00,2024-03-12 18:33:00,2024-03-12 19:20:59,47,Activity,6.3,147.0,145,109,28,57,4,0,0,false
2024-03-11 22:45:52,2024-03-12 23:46:00,UTC-04:00,2024-03-12 17:19:30,2024-03-12 17:58:29,38,Yoga,13.5,302.0,168,144,3,12,30,55,0,false
2024-03-10 23:54:04,2024-03-11 22:45:52,UTC-04:00,2024-03-11 19:13:30,2024-03-11 20:01:29,47,Spin,13.6,385.0,183,146,4,13,22,44,17,false
2024-03-07 23:31:53,2024-03-09 00:00:00,UTC-05:00,2024-03-08 17:04:30,2024-03-08 17:49:23,44,Spin,14.0,390.0,183,151,0,9,25,46,20,false
2024-03-06 23:03:54,2024-03-07 23:31:53,UTC-05:00,2024-03-07 17:45:00,2024-03-07 18:11:59,26,Walking,4.9,63.0,135,105,50,39,1,0,0,false
2024-03-05 23:57:40,2024-03-06 23:03:54,UTC-05:00,2024-03-06 17:40:30,2024-03-06 18:26:59,46,HIIT,9.3,224.0,176,123,15,55,20,8,2,false
2024-03-04 22:46:30,2024-03-05 23:57:40,UTC-05:00,2024-03-05 21:25:30,2024-03-05 21:53:59,28,Walking,5.2,77.0,131,108,51,49,0,0,0,false
2024-03-03 23:16:29,2024-03-04 22:46:30,UTC-05:00,2024-03-04 19:19:30,2024-03-04 19:56:59,37,Spin,11.3,281.0,177,142,3,6,43,46,2,false
2024-03-02 01:18:07,2024-03-02 23:57:47,UTC-05:00,2024-03-02 17:06:00,2024-03-02 18:19:29,73,Spin,14.8,569.0,181,144,0,7,55,32,6,false
2024-02-29 23:47:48,2024-03-02 01:18:07,UTC-05:00,2024-03-01 23:43:30,2024-03-01 23:55:46,12,Activity,4.8,42.0,159,114,60,27,10,3,0,false
2024-02-28 23:32:09,2024-02-29 23:47:48,UTC-05:00,2024-02-29 20:00:00,2024-02-29 20:16:29,16,Walking,4.6,44.0,129,108,39,58,0,0,0,false
2024-02-28 23:32:09,2024-02-29 23:47:48,UTC-05:00,2024-02-29 08:52:30,2024-02-29 09:10:29,17,Walking,4.9,57.0,124,112,23,77,0,0,0,false
2024-02-27 23:37:40,2024-02-28 23:32:09,UTC-05:00,2024-02-28 17:35:30,2024-02-28 18:25:29,49,HIIT,9.5,263.0,178,126,7,55,31,6,1,false
2024-02-25 23:14:00,2024-02-26 23:37:10,UTC-05:00,2024-02-26 17:00:00,2024-02-26 18:14:59,74,Spin,14.6,547.0,179,140,4,16,35,39,6,false
2024-02-24 01:08:12,2024-02-25 23:14:00,UTC-05:00,2024-02-24 15:10:30,2024-02-24 16:01:29,50,Boxing,11.1,322.0,163,134,5,24,55,16,0,false
2024-02-23 00:19:20,2024-02-24 01:08:12,UTC-05:00,2024-02-23 18:15:00,2024-02-23 19:13:29,58,Activity,9.4,281.0,156,123,11,55,30,3,0,false
2024-02-23 00:19:20,2024-02-24 01:08:12,UTC-05:00,2024-02-23 17:03:00,2024-02-23 17:55:29,52,Spin,11.7,340.0,179,135,4,24,45,23,4,false
2024-02-19 23:17:28,2024-02-20 23:37:45,UTC-05:00,2024-02-20 17:22:30,2024-02-20 17:56:59,34,Yoga,11.2,207.0,156,131,6,33,49,12,0,false
2024-02-18 23:25:01,2024-02-19 23:17:28,UTC-05:00,2024-02-19 19:14:00,2024-02-19 19:59:00,45,Spin,12.9,334.0,182,141,6,16,24,39,15,false
2024-02-17 00:15:16,2024-02-18 00:33:40,UTC-05:00,2024-02-17 18:45:00,2024-02-17 19:25:29,40,Activity,5.9,124.0,136,106,23,52,5,0,0,false
2024-02-15 23:28:28,2024-02-17 00:15:16,UTC-05:00,2024-02-16 19:13:30,2024-02-16 19:59:11,45,Spin,11.4,314.0,178,137,0,23,49,27,1,false
2024-02-15 23:28:28,2024-02-17 00:15:16,UTC-05:00,2024-02-16 17:37:30,2024-02-16 18:28:29,50,HIIT,12.9,375.0,179,141,1,22,32,42,3,false
2024-02-14 23:40:55,2024-02-15 23:28:28,UTC-05:00,2024-02-15 18:39:00,2024-02-15 19:31:29,52,HIIT,8.6,228.0,169,119,20,54,19,7,0,false
2024-02-12 22:31:08,2024-02-14 00:53:56,UTC-05:00,2024-02-13 17:19:30,2024-02-13 18:04:29,44,Yoga,13.0,265.0,168,130,7,43,25,23,0,false
2024-02-09 00:31:32,2024-02-09 23:52:10,UTC-05:00,2024-02-09 19:13:30,2024-02-09 19:49:29,35,Spin,7.6,178.0,169,124,9,50,38,3,0,false
2024-02-09 00:31:32,2024-02-09 23:52:10,UTC-05:00,2024-02-09 17:00:00,2024-02-09 17:50:59,50,Spin,12.6,351.0,175,137,10,15,29,44,2,false
2024-02-08 00:00:40,2024-02-09 00:31:32,UTC-05:00,2024-02-08 17:10:00,2024-02-08 18:04:28,54,HIIT,10.5,288.0,163,125,18,34,30,14,0,false
2024-02-06 22:54:03,2024-02-08 00:00:40,UTC-05:00,2024-02-07 08:51:00,2024-02-07 09:08:59,17,Walking,4.9,61.0,121,113,13,87,0,0,0,false
2024-02-05 23:42:59,2024-02-06 22:54:03,UTC-05:00,2024-02-06 19:39:00,2024-02-06 20:17:59,38,Yoga,9.1,88.0,129,105,66,31,0,0,0,false
2024-02-05 23:42:59,2024-02-06 22:54:03,UTC-05:00,2024-02-06 17:13:30,2024-02-06 17:58:29,44,Yoga,11.4,191.0,154,119,20,35,38,0,0,false
2024-02-04 23:00:19,2024-02-05 23:42:59,UTC-05:00,2024-02-05 19:12:00,2024-02-05 19:57:59,45,Spin,11.2,304.0,176,136,2,22,43,31,2,false
2024-02-03 23:32:57,2024-02-04 23:00:19,UTC-05:00,2024-02-04 14:40:30,2024-02-04 15:04:29,23,Walking,5.0,67.0,137,109,45,50,2,0,0,false
2024-02-01 23:44:15,2024-02-03 02:04:48,UTC-05:00,2024-02-02 17:00:30,2024-02-02 17:27:56,27,Spin,10.4,199.0,178,141,5,21,20,46,8,false
2024-02-01 00:33:23,2024-02-01 23:44:15,UTC-05:00,2024-02-01 17:24:00,2024-02-01 18:06:16,42,HIIT,8.8,225.0,161,127,8,43,40,9,0,false
2024-01-29 22:42:15,2024-01-30 23:33:14,UTC-05:00,2024-01-30 17:10:00,2024-01-30 18:00:29,50,Yoga,12.0,210.0,156,118,17,36,33,2,0,false
2024-01-28 21:47:03,2024-01-29 22:42:15,UTC-05:00,2024-01-29 19:13:30,2024-01-29 20:34:29,80,Spin,15.2,569.0,182,140,4,33,22,26,15,false
2024-01-27 00:35:30,2024-01-28 00:58:47,UTC-05:00,2024-01-27 18:28:30,2024-01-27 19:05:59,37,Yoga,11.3,202.0,169,129,12,27,51,10,0,false
2024-01-27 00:35:30,2024-01-28 00:58:47,UTC-05:00,2024-01-27 11:54:00,2024-01-27 12:38:57,44,Spin,11.5,320.0,172,141,0,11,53,36,0,false
2024-01-25 23:15:11,2024-01-27 00:35:30,UTC-05:00,2024-01-26 17:03:00,2024-01-26 17:48:25,45,Spin,12.0,321.0,171,141,2,17,31,50,0,false
2024-01-23 23:29:08,2024-01-24 23:58:30,UTC-05:00,2024-01-24 19:39:00,2024-01-24 20:26:59,47,Yoga,12.9,271.0,172,130,3,35,47,12,0,false
2024-01-22 23:41:13,2024-01-23 23:29:08,UTC-05:00,2024-01-23 17:19:30,2024-01-23 18:07:29,47,Yoga,13.8,332.0,171,139,4,17,47,32,0,false
2024-01-21 23:29:38,2024-01-22 23:41:13,UTC-05:00,2024-01-22 17:03:00,2024-01-22 17:46:24,43,Spin,12.5,327.0,179,144,4,9,31,50,6,false
2024-01-20 23:44:39,2024-01-21 23:29:38,UTC-05:00,2024-01-21 08:15:00,2024-01-21 09:08:59,53,Spin,10.2,284.0,169,126,11,26,44,14,0,false
2024-01-20 02:44:42,2024-01-20 23:44:39,UTC-05:00,2024-01-20 18:21:00,2024-01-20 19:08:59,47,Yoga,11.2,174.0,144,115,27,54,16,0,0,false
2024-01-19 01:04:34,2024-01-20 02:44:42,UTC-05:00,2024-01-20 00:19:30,2024-01-20 01:07:29,47,Hiking,6.4,149.0,133,112,35,65,0,0,0,false
2024-01-19 01:04:34,2024-01-20 02:44:42,UTC-05:00,2024-01-19 19:18:00,2024-01-19 19:53:09,35,Spin,7.5,180.0,167,126,1,52,42,5,0,false
2024-01-19 01:04:34,2024-01-20 02:44:42,UTC-05:00,2024-01-19 17:01:30,2024-01-19 17:50:57,49,Spin,13.1,375.0,180,143,3,12,30,49,6,false
2024-01-14 22:55:39,2024-01-15 23:53:24,UTC-05:00,2024-01-15 08:20:00,2024-01-15 08:50:01,30,Spin,6.7,134.0,161,121,11,60,26,3,0,false
2024-01-14 22:55:39,2024-01-15 23:53:24,UTC-05:00,2024-01-15 07:25:00,2024-01-15 08:15:00,50,Yoga,9.7,62.0,128,86,37,6,0,0,0,false
2024-01-13 03:03:34,2024-01-14 00:38:56,UTC-05:00,2024-01-13 18:00:00,2024-01-13 19:02:59,62,Yoga,13.5,298.0,168,123,20,38,29,10,0,false
2024-01-13 03:03:34,2024-01-14 00:38:56,UTC-05:00,2024-01-13 11:37:30,2024-01-13 12:38:59,61,Spin,12.5,396.0,176,135,4,26,43,27,0,false
2024-01-12 00:48:49,2024-01-13 03:03:34,UTC-05:00,2024-01-12 19:19:30,2024-01-12 19:59:59,40,Spin,10.9,276.0,176,138,1,22,48,26,3,false
2024-01-12 00:48:49,2024-01-13 03:03:34,UTC-05:00,2024-01-12 17:04:30,2024-01-12 17:51:13,46,Spin,14.1,395.0,183,150,2,10,22,42,24,false
2024-01-11 00:24:44,2024-01-12 00:48:49,UTC-05:00,2024-01-11 18:20:30,2024-01-11 19:10:53,50,Yoga,10.9,133.0,145,105,38,23,16,0,0,false
2024-01-09 23:21:34,2024-01-11 00:24:44,UTC-05:00,2024-01-10 19:36:00,2024-01-10 20:16:29,40,Yoga,12.3,241.0,165,132,10,27,48,15,0,false
2024-01-08 22:50:00,2024-01-09 23:21:34,UTC-05:00,2024-01-09 17:30:00,2024-01-09 17:56:59,26,Yoga,8.5,136.0,151,126,5,50,45,0,0,false
2024-01-07 22:38:21,2024-01-08 22:50:00,UTC-05:00,2024-01-08 19:15:00,2024-01-08 20:05:59,50,Spin,13.9,417.0,179,148,1,9,21,56,13,false
2024-01-07 00:07:14,2024-01-07 22:38:21,UTC-05:00,2024-01-07 08:12:00,2024-01-07 09:02:59,50,Spin,8.0,225.0,154,122,8,63,29,0,0,false
2024-01-06 01:13:52,2024-01-07 00:07:14,UTC-05:00,2024-01-06 11:54:00,2024-01-06 12:37:29,43,Spin,11.1,297.0,172,138,0,17,54,29,0,false
2024-01-04 23:23:43,2024-01-06 01:13:52,UTC-05:00,2024-01-05 17:06:00,2024-01-05 17:48:03,42,Spin,13.1,349.0,173,149,1,9,16,72,2,false
2024-01-04 00:15:05,2024-01-04 23:23:43,UTC-05:00,2024-01-04 18:30:00,2024-01-04 19:02:59,32,Yoga,9.4,140.0,149,121,24,40,36,0,0,false
2024-01-01 23:54:37,2024-01-02 23:12:31,UTC-05:00,2024-01-02 18:10:30,2024-01-02 18:55:29,44,Spin,10.9,302.0,168,138,0,18,54,28,0,false
2024-01-01 02:02:54,2024-01-01 23:54:37,UTC-05:00,2024-01-01 19:41:09,2024-01-01 19:43:06,1,Functional Fitness,0.0,2.0,91,77,0,0,0,0,0,false
2024-01-01 02:02:54,2024-01-01 23:54:37,UTC-05:00,2024-01-01 17:04:30,2024-01-01 17:49:29,44,Spin,9.1,244.0,163,129,3,38,47,12,0,false
2023-12-31 00:42:03,2024-01-01 02:02:54,UTC-05:00,2023-12-31 11:42:00,2023-12-31 12:34:29,52,Spin,11.1,323.0,170,134,3,27,51,19,0,false
2023-12-30 01:12:10,2023-12-31 00:42:03,UTC-05:00,2023-12-30 18:22:30,2023-12-30 18:58:28,35,Yoga,12.1,242.0,170,138,0,23,58,19,0,false
2023-12-30 01:12:10,2023-12-31 00:42:03,UTC-05:00,2023-12-30 16:46:30,2023-12-30 17:26:59,40,Yoga,11.0,182.0,157,122,17,51,30,1,0,false
2023-12-30 01:12:10,2023-12-31 00:42:03,UTC-05:00,2023-12-30 11:54:00,2023-12-30 12:40:29,46,Spin,10.6,290.0,166,134,7,18,50,25,0,false
2023-12-29 00:34:37,2023-12-30 01:12:10,UTC-05:00,2023-12-29 19:13:30,2023-12-29 20:15:20,61,Spin,11.2,342.0,173,129,11,31,40,18,0,false
2023-12-29 00:34:37,2023-12-30 01:12:10,UTC-05:00,2023-12-29 17:18:00,2023-12-29 17:40:29,22,Yoga,6.1,66.0,134,111,33,62,1,0,0,false
2023-12-26 23:13:34,2023-12-27 23:30:26,UTC-05:00,2023-12-27 19:39:00,2023-12-27 20:16:29,37,Yoga,11.3,210.0,170,131,2,35,57,6,0,false
2023-12-26 23:13:34,2023-12-27 23:30:26,UTC-05:00,2023-12-27 18:09:00,2023-12-27 18:40:29,31,Spin,10.0,225.0,170,141,3,11,47,39,0,false
2023-12-26 00:44:43,2023-12-26 23:13:34,UTC-05:00,2023-12-26 12:22:30,2023-12-26 13:04:52,42,Spin,11.1,291.0,176,139,1,17,46,34,2,false
2023-12-22 23:58:35,2023-12-23 23:10:32,UTC-05:00,2023-12-23 17:01:30,2023-12-23 17:53:59,52,Spin,15.2,449.0,178,150,6,16,12,38,28,false
2023-12-17 22:22:16,2023-12-18 23:41:38,UTC-05:00,2023-12-18 17:04:30,2023-12-18 17:53:59,49,Spin,12.3,359.0,171,140,0,15,46,38,1,false
2023-12-14 23:39:35,2023-12-16 02:54:03,UTC-05:00,2023-12-15 19:13:30,2023-12-15 20:02:59,49,Spin,16.3,501.0,182,160,0,4,11,42,43,false
2023-12-11 23:09:07,2023-12-13 01:06:27,UTC-05:00,2023-12-12 18:09:00,2023-12-12 18:53:59,44,Spin,11.7,322.0,167,139,1,16,53,30,0,false
2023-12-10 23:26:56,2023-12-11 23:09:07,UTC-05:00,2023-12-11 19:13:30,2023-12-11 20:16:29,62,Spin,15.1,496.0,184,145,3,24,22,28,23,false
2023-12-10 23:26:56,2023-12-11 23:09:07,UTC-05:00,2023-12-11 17:04:30,2023-12-11 17:46:08,41,Spin,9.0,238.0,160,129,1,41,53,5,0,false
2023-12-09 00:17:09,2023-12-09 23:04:47,UTC-05:00,2023-12-09 18:25:30,2023-12-09 18:53:59,28,Yoga,10.3,187.0,169,136,0,22,65,13,0,false
2023-12-09 00:17:09,2023-12-09 23:04:47,UTC-05:00,2023-12-09 11:54:00,2023-12-09 12:41:58,47,Spin,12.9,365.0,176,143,2,11,31,54,2,false
2023-12-07 23:49:58,2023-12-09 00:17:09,UTC-05:00,2023-12-08 19:12:00,2023-12-08 20:02:59,50,Spin,15.9,490.0,189,157,0,7,14,49,30,false
2023-12-07 23:49:58,2023-12-09 00:17:09,UTC-05:00,2023-12-08 17:11:00,2023-12-08 18:00:00,49,Yoga,10.3,102.0,148,99,42,21,6,0,0,false
2023-12-07 00:00:29,2023-12-07 23:49:58,UTC-05:00,2023-12-07 18:07:30,2023-12-07 19:08:14,60,Spin,15.7,523.0,185,150,0,14,34,24,28,false
2023-12-05 00:12:03,2023-12-05 23:53:14,UTC-05:00,2023-12-05 18:06:00,2023-12-05 19:01:29,55,Spin,13.3,393.0,184,140,1,27,29,33,10,false
2023-12-03 23:59:02,2023-12-05 00:12:03,UTC-05:00,2023-12-04 19:15:00,2023-12-04 20:02:47,47,Activity,14.6,419.0,183,152,3,8,19,41,29,false
2023-12-03 01:19:57,2023-12-03 23:59:02,UTC-05:00,2023-12-03 14:34:30,2023-12-03 15:25:29,50,Spin,13.2,386.0,183,144,0,20,26,46,8,false
2023-12-01 23:57:43,2023-12-03 01:19:57,UTC-05:00,2023-12-02 18:24:00,2023-12-02 18:58:29,34,Yoga,10.9,199.0,165,132,3,31,60,6,0,false
2023-12-01 01:03:32,2023-12-01 23:57:43,UTC-05:00,2023-12-01 17:12:00,2023-12-01 17:53:18,41,Spin,11.4,268.0,184,137,5,28,33,25,9,false
2023-11-29 23:37:03,2023-12-01 01:03:32,UTC-05:00,2023-11-30 18:06:00,2023-11-30 18:56:59,50,Spin,17.6,553.0,190,167,0,4,9,22,65,false
2023-11-29 00:28:31,2023-11-29 23:37:03,UTC-05:00,2023-11-29 18:25:30,2023-11-29 19:21:53,56,Activity,16.7,537.0,193,158,1,9,17,38,35,false
2023-11-26 23:55:33,2023-11-28 00:42:53,UTC-05:00,2023-11-27 19:06:00,2023-11-27 20:24:25,78,Spin,16.7,611.0,188,146,4,23,15,23,35,false
2023-11-26 02:02:53,2023-11-26 23:55:33,UTC-05:00,2023-11-26 14:20:30,2023-11-26 15:36:23,75,Spin,11.9,368.0,173,123,18,19,31,22,2,false
2023-11-23 23:09:55,2023-11-25 00:14:27,UTC-06:00,2023-11-24 19:24:00,2023-11-24 20:14:59,50,Spin,13.4,381.0,180,144,3,17,20,50,10,false
2023-11-23 23:09:55,2023-11-25 00:14:27,UTC-06:00,2023-11-24 17:04:30,2023-11-24 17:51:29,46,Spin,13.4,367.0,185,146,1,10,26,44,19,false
2023-11-18 00:20:23,2023-11-19 04:45:39,UTC-06:00,2023-11-18 09:19:30,2023-11-18 10:16:29,56,HIIT,6.9,180.0,149,109,19,41,20,0,0,false
2023-11-16 22:13:47,2023-11-18 00:20:23,UTC-06:00,2023-11-17 08:28:30,2023-11-17 09:05:59,37,Spin,9.0,222.0,158,131,1,33,50,16,0,false
2023-11-16 00:44:11,2023-11-16 22:13:47,UTC-06:00,2023-11-16 13:33:00,2023-11-16 13:59:59,26,Walking,5.4,88.0,140,112,24,64,7,0,0,false
2023-11-16 00:44:11,2023-11-16 22:13:47,UTC-06:00,2023-11-16 12:48:00,2023-11-16 13:11:59,23,Walking,4.9,57.0,142,105,56,32,4,0,0,false
2023-11-14 23:01:16,2023-11-16 00:44:11,UTC-06:00,2023-11-15 19:19:30,2023-11-15 19:59:59,40,Spin,13.1,340.0,172,148,0,5,30,59,6,false
2023-11-13 23:03:38,2023-11-14 23:01:16,UTC-06:00,2023-11-14 18:10:30,2023-11-14 18:58:29,47,HIIT,7.6,202.0,148,118,13,60,23,0,0,false
2023-11-13 23:03:38,2023-11-14 23:01:16,UTC-06:00,2023-11-14 11:55:30,2023-11-14 12:56:59,61,Walking,6.2,149.0,130,105,51,42,0,0,0,false
2023-11-12 23:22:17,2023-11-13 23:03:38,UTC-06:00,2023-11-13 20:24:00,2023-11-13 21:13:29,49,Spin,12.2,345.0,166,138,3,16,36,45,0,false
2023-11-12 23:22:17,2023-11-13 23:03:38,UTC-06:00,2023-11-13 09:45:00,2023-11-13 10:17:59,32,Spin,9.0,206.0,164,133,1,29,51,19,0,false
2023-11-09 23:55:30,2023-11-11 00:19:24,UTC-05:00,2023-11-10 19:13:30,2023-11-10 20:01:25,47,Spin,13.3,372.0,180,143,1,17,22,49,11,false
2023-11-08 00:14:11,2023-11-08 23:21:19,UTC-05:00,2023-11-08 18:03:00,2023-11-08 19:49:29,106,HIIT,16.9,731.0,188,137,9,34,15,30,12,false
2023-11-06 23:09:27,2023-11-08 00:14:11,UTC-05:00,2023-11-07 18:12:00,2023-11-07 18:54:04,42,Spin,12.7,320.0,175,142,2,17,28,42,11,false
2023-11-05 22:58:21,2023-11-06 23:09:27,UTC-05:00,2023-11-06 19:37:30,2023-11-06 20:27:59,50,HIIT,11.4,297.0,173,130,7,45,25,21,2,false
2023-11-04 23:48:05,2023-11-05 23:58:21,UTC-04:00,2023-11-05 18:18:00,2023-11-05 18:56:59,38,Yoga,8.6,203.0,157,126,14,23,53,9,0,false
2023-11-04 23:48:05,2023-11-05 23:58:21,UTC-04:00,2023-11-05 10:43:30,2023-11-05 11:33:09,49,Spin,14.7,452.0,173,153,0,1,13,79,7,false
2023-11-04 00:33:13,2023-11-04 23:48:05,UTC-04:00,2023-11-04 09:15:00,2023-11-04 09:56:59,41,Yoga,5.6,89.0,154,102,65,13,7,1,0,false
2023-11-02 23:13:36,2023-11-04 00:33:13,UTC-04:00,2023-11-03 19:16:30,2023-11-03 20:00:05,43,Spin,13.7,363.0,180,148,1,13,22,42,22,false
2023-11-02 23:13:36,2023-11-04 00:33:13,UTC-04:00,2023-11-03 17:06:00,2023-11-03 17:55:00,48,Spin,14.3,419.0,180,149,0,7,24,47,22,false
2023-11-02 00:07:15,2023-11-02 23:13:36,UTC-04:00,2023-11-02 20:12:00,2023-11-02 21:05:18,53,Spin,15.1,445.0,182,148,6,12,15,39,28,false
2023-11-02 00:07:15,2023-11-02 23:13:36,UTC-04:00,2023-11-02 18:31:30,2023-11-02 18:59:59,28,Yoga,6.2,119.0,151,118,19,57,24,0,0,false
2023-10-31 23:48:11,2023-11-02 00:07:15,UTC-04:00,2023-11-01 17:09:00,2023-11-01 17:31:29,22,Walking,6.7,105.0,173,121,27,34,23,15,0,false
2023-10-31 00:27:56,2023-10-31 23:48:11,UTC-04:00,2023-10-31 19:37:30,2023-10-31 20:07:29,29,Yoga,5.4,89.0,146,109,41,47,7,0,0,false
2023-10-31 00:27:56,2023-10-31 23:48:11,UTC-04:00,2023-10-31 17:01:30,2023-10-31 17:47:48,46,Spin,14.2,391.0,174,148,5,6,17,59,13,false
2023-10-29 23:25:16,2023-10-31 00:27:56,UTC-04:00,2023-10-30 19:12:00,2023-10-30 19:59:00,47,Spin,14.7,413.0,179,151,3,6,16,48,27,false
2023-10-28 22:12:42,2023-10-29 23:25:16,UTC-04:00,2023-10-29 18:16:30,2023-10-29 18:58:29,41,Yoga,8.0,208.0,153,124,3,63,33,1,0,false
2023-10-28 22:12:42,2023-10-29 23:25:16,UTC-04:00,2023-10-29 10:42:00,2023-10-29 11:25:12,43,Spin,11.5,294.0,168,137,8,12,35,44,0,false
2023-10-26 23:48:10,2023-10-27 23:20:21,UTC-04:00,2023-10-27 19:13:30,2023-10-27 20:03:20,49,Spin,13.6,396.0,175,145,0,17,23,55,5,false
2023-10-26 23:48:10,2023-10-27 23:20:21,UTC-04:00,2023-10-27 17:02:30,2023-10-27 17:48:03,45,Spin,13.2,361.0,173,145,2,9,22,64,3,false
2023-10-25 23:00:22,2023-10-26 23:48:10,UTC-04:00,2023-10-26 18:04:00,2023-10-26 18:50:14,46,Spin,15.9,453.0,184,158,2,5,6,34,53,false
2023-10-25 23:00:22,2023-10-26 23:48:10,UTC-04:00,2023-10-26 17:25:30,2023-10-26 17:31:10,5,Activity,4.7,33.0,141,130,0,32,68,0,0,false
2023-10-25 23:00:22,2023-10-26 23:48:10,UTC-04:00,2023-10-26 14:10:30,2023-10-26 14:54:22,43,Yoga,5.0,81.0,132,95,45,26,0,0,0,false
2023-10-24 23:09:07,2023-10-25 23:00:22,UTC-04:00,2023-10-25 18:05:00,2023-10-25 19:01:47,56,Spin,15.3,475.0,186,148,5,8,23,38,26,false
2023-10-24 23:09:07,2023-10-25 23:00:22,UTC-04:00,2023-10-25 15:55:30,2023-10-25 16:35:59,40,Yoga,5.3,86.0,139,99,54,26,2,0,0,false
2023-10-23 23:08:08,2023-10-24 23:09:07,UTC-04:00,2023-10-24 19:36:00,2023-10-24 20:10:29,34,Yoga,5.5,95.0,130,107,46,50,0,0,0,false
2023-10-23 23:08:08,2023-10-24 23:09:07,UTC-04:00,2023-10-24 17:00:30,2023-10-24 17:42:00,41,Spin,13.6,339.0,175,146,4,5,14,60,12,false
2023-10-22 23:31:20,2023-10-23 23:08:08,UTC-04:00,2023-10-23 19:15:00,2023-10-23 20:10:29,55,Spin,15.8,486.0,184,150,1,13,24,22,40,false
2023-10-22 00:50:30,2023-10-22 23:31:20,UTC-04:00,2023-10-22 18:16:30,2023-10-22 18:58:50,42,Yoga,7.6,187.0,152,118,19,50,28,1,0,false
2023-10-22 00:50:30,2023-10-22 23:31:20,UTC-04:00,2023-10-22 09:36:00,2023-10-22 10:16:12,40,Spin,12.5,321.0,171,144,0,5,35,58,2,false
2023-10-19 23:04:52,2023-10-21 00:18:43,UTC-04:00,2023-10-20 17:01:30,2023-10-20 17:53:24,51,Spin,15.9,492.0,187,155,0,2,19,37,42,false
2023-10-18 23:22:20,2023-10-19 23:04:52,UTC-04:00,2023-10-19 18:07:30,2023-10-19 18:54:11,46,Spin,16.1,474.0,185,161,0,0,8,43,49,false
2023-10-18 00:05:36,2023-10-18 23:22:20,UTC-04:00,2023-10-18 18:05:30,2023-10-18 18:52:11,46,Spin,13.9,383.0,178,147,5,5,16,63,10,false
2023-10-18 00:05:36,2023-10-18 23:22:20,UTC-04:00,2023-10-18 16:09:00,2023-10-18 17:12:11,63,Yoga,6.1,142.0,150,100,37,23,7,0,0,false
2023-10-16 23:16:27,2023-10-18 00:05:36,UTC-04:00,2023-10-17 15:00:00,2023-10-17 15:26:03,26,Yoga,4.2,35.0,121,89,50,12,0,0,0,false
2023-10-16 00:25:58,2023-10-16 23:16:27,UTC-04:00,2023-10-16 19:13:30,2023-10-16 20:09:28,55,Spin,16.0,503.0,183,153,0,12,23,22,43,false
2023-10-16 00:25:58,2023-10-16 23:16:27,UTC-04:00,2023-10-16 12:18:00,2023-10-16 12:40:29,22,Yoga,5.3,78.0,136,114,20,78,2,0,0,false
2023-10-15 00:24:43,2023-10-16 00:25:58,UTC-04:00,2023-10-15 18:15:30,2023-10-15 18:56:59,41,Yoga,5.0,75.0,128,99,63,21,0,0,0,false
2023-10-15 00:24:43,2023-10-16 00:25:58,UTC-04:00,2023-10-15 10:28:30,2023-10-15 11:33:17,64,Activity,14.1,438.0,173,136,15,20,14,43,8,false
2023-10-13 23:14:23,2023-10-15 00:24:43,UTC-04:00,2023-10-14 17:04:30,2023-10-14 17:44:59,40,Spin,12.8,330.0,172,146,1,6,27,65,1,false
2023-10-12 23:52:36,2023-10-13 23:14:23,UTC-04:00,2023-10-13 17:03:00,2023-10-13 18:07:29,64,Spin,17.2,613.0,184,156,0,5,26,22,47,false
2023-10-10 23:22:13,2023-10-12 00:06:00,UTC-04:00,2023-10-11 22:21:00,2023-10-11 23:13:37,52,Activity,7.9,194.0,169,115,31,56,8,5,0,false
2023-10-10 23:22:13,2023-10-12 00:06:00,UTC-04:00,2023-10-11 17:03:00,2023-10-11 17:47:59,44,Activity,15.3,434.0,182,157,0,2,15,50,33,false
2023-10-09 23:50:07,2023-10-10 23:22:13,UTC-04:00,2023-10-10 12:03:00,2023-10-10 13:03:00,60,Yoga,5.5,116.0,146,96,38,26,1,0,0,false
2023-10-09 00:07:51,2023-10-09 23:50:07,UTC-04:00,2023-10-09 22:34:30,2023-10-09 22:49:28,14,Activity,5.5,73.0,151,124,6,57,35,2,0,false
2023-10-09 00:07:51,2023-10-09 23:50:07,UTC-04:00,2023-10-09 09:50:30,2023-10-09 10:40:29,49,Yoga,10.9,275.0,162,127,14,25,20,35,0,false
2023-10-08 00:46:44,2023-10-09 00:07:51,UTC-04:00,2023-10-08 18:13:30,2023-10-08 18:47:59,34,Yoga,5.6,94.0,139,107,35,40,12,0,0,false
2023-10-08 00:46:44,2023-10-09 00:07:51,UTC-04:00,2023-10-08 08:25:30,2023-10-08 09:26:59,61,Spin,12.1,361.0,165,131,15,19,35,30,0,false
2023-10-05 23:45:16,2023-10-06 23:45:19,UTC-04:00,2023-10-06 17:04:30,2023-10-06 18:04:29,59,Spin,15.3,513.0,183,150,0,5,33,39,23,false
2023-10-05 00:31:22,2023-10-05 23:45:16,UTC-04:00,2023-10-05 18:07:30,2023-10-05 19:05:16,57,Spin,15.4,508.0,180,151,0,3,32,38,27,false
2023-10-04 00:29:53,2023-10-05 00:31:22,UTC-04:00,2023-10-04 18:10:30,2023-10-04 19:08:30,57,Spin,14.1,447.0,176,143,1,15,27,49,8,false
2023-10-01 22:45:35,2023-10-02 23:26:38,UTC-04:00,2023-10-02 19:13:30,2023-10-02 20:13:29,59,Cycling,16.2,544.0,182,153,0,4,28,29,39,false
2023-09-30 23:27:50,2023-10-01 22:45:35,UTC-04:00,2023-10-01 18:27:00,2023-10-01 18:50:59,23,Yoga,4.7,49.0,130,103,83,15,0,0,0,false
2023-09-30 23:27:50,2023-10-01 22:45:35,UTC-04:00,2023-10-01 08:15:00,2023-10-01 09:06:01,51,Spin,12.7,368.0,172,140,3,12,39,44,2,false
2023-09-29 00:32:38,2023-09-30 01:20:45,UTC-04:00,2023-09-29 19:16:30,2023-09-29 20:11:59,55,Spin,13.9,429.0,177,144,1,13,30,44,12,false
2023-09-29 00:32:38,2023-09-30 01:20:45,UTC-04:00,2023-09-29 17:24:00,2023-09-29 17:50:59,26,Yoga,5.0,62.0,132,106,61,39,0,0,0,false
2023-09-24 23:45:11,2023-09-25 22:56:40,UTC-04:00,2023-09-25 19:13:30,2023-09-25 19:58:45,45,Spin,14.3,398.0,184,151,0,5,22,47,26,false
2023-09-24 00:13:59,2023-09-24 23:45:11,UTC-04:00,2023-09-24 18:28:30,2023-09-24 18:52:29,23,Yoga,5.3,81.0,135,112,31,68,1,0,0,false
2023-09-23 00:26:30,2023-09-24 00:13:59,UTC-04:00,2023-09-23 19:40:30,2023-09-23 20:23:28,42,Activity,5.3,88.0,130,102,68,26,0,0,0,false
2023-09-23 00:26:30,2023-09-24 00:13:59,UTC-04:00,2023-09-23 17:04:30,2023-09-23 17:50:31,46,Spin,13.4,364.0,177,144,3,10,33,41,13,false
2023-09-21 23:40:32,2023-09-23 00:26:30,UTC-04:00,2023-09-22 19:15:00,2023-09-22 20:05:27,50,Spin,15.4,463.0,187,153,0,6,20,41,33,false
2023-09-21 23:40:32,2023-09-23 00:26:30,UTC-04:00,2023-09-22 17:10:30,2023-09-22 17:50:59,40,Yoga,5.8,115.0,144,105,32,44,6,0,0,false
2023-09-20 23:36:39,2023-09-21 23:40:32,UTC-04:00,2023-09-21 18:09:00,2023-09-21 19:03:23,54,Spin,14.6,447.0,184,147,0,12,35,29,24,false
2023-09-19 22:31:39,2023-09-20 23:36:39,UTC-04:00,2023-09-20 18:22:30,2023-09-20 18:54:23,31,HIIT,10.0,201.0,168,134,13,20,20,45,0,false
2023-09-18 22:36:54,2023-09-19 22:31:39,UTC-04:00,2023-09-19 19:37:30,2023-09-19 20:01:29,23,Yoga,4.9,57.0,148,105,45,38,6,0,0,false
2023-09-18 22:36:54,2023-09-19 22:31:39,UTC-04:00,2023-09-19 18:15:00,2023-09-19 18:50:25,35,Spin,12.8,297.0,180,149,1,6,21,61,11,false
2023-09-12 00:48:38,2023-09-12 23:15:59,UTC-04:00,2023-09-12 19:13:30,2023-09-12 20:00:43,47,Activity,7.7,179.0,171,115,33,45,14,6,0,false
2023-09-12 00:48:38,2023-09-12 23:15:59,UTC-04:00,2023-09-12 18:10:30,2023-09-12 18:50:59,40,Spin,12.7,316.0,175,144,1,13,29,51,6,false
2023-09-10 22:21:59,2023-09-12 00:48:38,UTC-04:00,2023-09-11 19:15:00,2023-09-11 20:04:24,49,Spin,15.9,461.0,184,155,0,10,18,18,54,false
2023-09-09 23:54:42,2023-09-10 22:21:59,UTC-04:00,2023-09-10 14:34:30,2023-09-10 15:40:29,65,Spin,11.0,343.0,163,127,10,39,33,18,0,false
2023-09-09 00:48:19,2023-09-09 23:54:42,UTC-04:00,2023-09-09 09:34:30,2023-09-09 10:17:35,43,Spin,13.0,344.0,173,146,1,7,26,63,3,false
2023-09-07 22:56:44,2023-09-09 00:48:19,UTC-04:00,2023-09-08 16:57:00,2023-09-08 17:52:09,55,Spin,15.1,452.0,181,147,4,18,15,39,24,false
2023-09-06 23:15:26,2023-09-07 22:56:44,UTC-04:00,2023-09-07 17:06:00,2023-09-07 17:46:57,40,Spin,13.9,371.0,176,152,0,2,11,79,8,false
2023-09-05 23:24:47,2023-09-06 23:15:26,UTC-04:00,2023-09-06 18:16:30,2023-09-06 19:32:45,76,HIIT,15.6,563.0,187,141,6,20,27,33,14,false
